source,case,hunk_idx,category,n_removed,n_added,rem_chars,add_chars,word_jaccard,whitespace_only,indent_only,hunk_header
minimal,01_simple_replace,0,typo_fix,1,1,11,12,1.0,0,0,@@ -1 +1 @@
minimal,02_simple_insert,0,typo_fix,1,1,11,12,1.0,0,0,@@ -1 +1 @@
minimal,04_word_replace,0,word_replace,1,1,12,12,0.333,0,0,"@@ -1,2 +1,2 @@"
minimal,05_delete_to_eol,0,word_replace,1,1,11,3,0.333,0,0,@@ -1 +1 @@
minimal,06_insert_at_eol,0,word_replace,1,1,3,7,0.5,0,0,@@ -1 +1 @@
minimal,07_insert_at_bol,0,word_replace,1,1,3,6,0.5,0,0,@@ -1 +1 @@
minimal,08_line_replace,0,line_replace,1,1,3,3,0.0,0,0,"@@ -1,3 +1,3 @@"
minimal,09_delete_middle_line,0,line_delete,1,0,5,0,0.0,0,0,"@@ -1,3 +1,2 @@"
minimal,10_delete_first_line,0,line_delete,1,0,5,0,0.0,0,0,"@@ -1,3 +1,2 @@"
minimal,11_delete_last_line,0,line_delete,1,0,5,0,0.0,0,0,"@@ -1,3 +1,2 @@"
minimal,12_insert_line_at_end,0,line_insert,0,1,0,5,0.0,0,0,"@@ -1,2 +1,3 @@"
minimal,13_insert_line_at_start,0,line_insert,0,1,0,5,0.0,0,0,"@@ -1,2 +1,3 @@"
minimal,14_insert_line_in_middle,0,line_insert,0,1,0,5,0.0,0,0,"@@ -1,2 +1,3 @@"
minimal,15_join_two_lines,0,format_only,2,1,7,6,0.0,1,0,"@@ -1,2 +1 @@"
minimal,16_split_line,0,format_only,1,2,6,7,0.0,1,0,"@@ -1 +1,2 @@"
minimal,17_multi_line_delete,0,block_delete,3,0,17,0,0.0,0,0,"@@ -1,5 +1,2 @@"
minimal,18_indent_change,0,indent_change,1,1,7,11,1.0,1,1,"@@ -1,2 +1,2 @@"
minimal,20_unicode,0,line_replace,1,1,4,4,0.0,0,0,@@ -1 +1 @@
minimal,21_empty_old,0,line_insert,0,1,0,5,0.0,0,0,"@@ -0,0 +1 @@"
minimal,22_empty_new,0,line_delete,1,0,5,0,0.0,0,0,"@@ -1 +0,0 @@"
minimal,24_pure_add_at_eof,0,line_insert,0,1,0,3,0.0,0,0,"@@ -1 +1,2 @@"
minimal,25_complex_mix,0,line_expand,1,2,18,36,0.4,0,0,"@@ -1,8 +1,9 @@"
minimal,26_delete_line_op,0,block_delete,2,0,3,0,0.0,0,0,"@@ -1,5 +1,3 @@"
minimal,27_weird_insert,0,block_replace,3,2,85,34,0.1,0,0,"@@ -1,5 +1,4 @@"
examples,01_small_python,0,block_delete,3,0,60,0,0.0,0,0,"@@ -1,3 +0,0 @@"
examples,02_large_python,0,block_modify,19,65,951,2424,0.526,0,0,"@@ -1,68 +1,114 @@"
examples,02_large_python,1,line_insert,0,1,0,19,0.0,0,0,"@@ -70,6 +116,7 @@"
examples,03_json_config,0,block_replace,5,17,132,444,0.267,0,0,"@@ -1,14 +1,26 @@"
examples,04_shell_script,0,block_replace,11,39,347,1179,0.433,0,0,"@@ -1,26 +1,54 @@"
examples,05_go_code,0,block_replace,4,69,161,1458,0.188,0,0,"@@ -1,16 +1,81 @@"
examples,06_typescript,0,block_replace,7,42,206,1173,0.235,0,0,"@@ -2,22 +2,57 @@"
examples,07_text_prose,0,block_replace,18,30,845,1311,0.436,0,0,"@@ -1,24 +1,36 @@"
examples,08_rust_code,0,line_expand,1,16,37,427,0.143,0,0,"@@ -1,5 +1,20 @@"
examples,09_c_code,0,block_replace,2,9,46,205,0.211,0,0,"@@ -1,11 +1,18 @@"
examples,10_yaml_config,0,block_replace,4,18,91,377,0.208,0,0,"@@ -1,10 +1,24 @@"
examples,11_html,0,block_replace,4,20,89,573,0.231,0,0,"@@ -1,10 +1,26 @@"
examples,12_css,0,block_replace,5,35,100,609,0.263,0,0,"@@ -1,13 +1,43 @@"
examples,13_java,0,block_insert,0,7,0,216,0.0,0,0,"@@ -5,4 +5,11 @@"
examples,14_kotlin,0,block_modify,2,8,80,238,0.5,0,0,"@@ -1,6 +1,12 @@"
examples,15_swift,0,block_replace,3,13,103,348,0.458,0,0,"@@ -1,9 +1,19 @@"
examples,16_ruby,0,block_modify,3,9,87,259,0.643,0,0,"@@ -1,12 +1,18 @@"
examples,17_php,0,block_replace,4,14,137,431,0.364,0,0,"@@ -1,12 +1,22 @@"
examples,18_scala,0,block_insert,0,4,0,167,0.0,0,0,"@@ -1,4 +1,8 @@"
examples,19_elixir,0,block_replace,2,12,42,333,0.167,0,0,"@@ -1,5 +1,15 @@"
examples,20_clojure,0,line_expand,1,8,15,147,0.188,0,0,"@@ -1,7 +1,14 @@"
examples,21_haskell,0,line_expand,1,11,26,317,0.118,0,0,"@@ -1,8 +1,18 @@"
examples,22_lua,0,block_replace,2,11,58,254,0.353,0,0,"@@ -1,7 +1,16 @@"
examples,23_perl,0,line_expand,1,12,28,236,0.1,0,0,"@@ -1,9 +1,20 @@"
examples,24_r,0,line_expand,1,13,27,255,0.176,0,0,"@@ -1,6 +1,18 @@"
examples,26_markdown,0,block_replace,3,36,115,621,0.204,0,0,"@@ -1,11 +1,44 @@"
examples,27_xml,0,block_replace,4,19,95,630,0.115,0,0,"@@ -1,12 +1,27 @@"
examples,28_toml,0,block_replace,2,14,31,291,0.083,0,0,"@@ -1,6 +1,18 @@"
examples,29_dockerfile,0,block_replace,3,16,49,419,0.132,0,0,"@@ -1,6 +1,19 @@"
examples,30_makefile,0,block_replace,5,20,79,352,0.346,0,0,"@@ -1,10 +1,25 @@"
examples,31_javascript,0,block_replace,3,16,83,375,0.207,0,0,"@@ -1,11 +1,24 @@"
examples,32_python_classes,0,block_replace,6,30,147,782,0.25,0,0,"@@ -1,14 +1,38 @@"
examples,33_large_python,0,block_replace,170,355,5630,12596,0.206,0,0,"@@ -1,208 +1,393 @@"
examples,34_large_javascript,0,block_move,89,44,2583,1644,0.328,0,0,"@@ -1,101 +1,56 @@"
examples,34_large_javascript,1,block_move,146,206,4435,6464,0.529,0,0,"@@ -107,177 +62,237 @@"
examples,34_large_javascript,2,block_move,35,22,1095,651,0.25,0,0,"@@ -287,50 +302,37 @@"
examples,35_large_perl,0,block_replace,45,171,1427,5188,0.323,0,0,"@@ -1,97 +1,223 @@"
examples,35_large_perl,1,block_move,76,11,2296,486,0.241,0,0,"@@ -100,99 +226,34 @@"
examples,35_large_perl,2,block_move,130,186,4087,7287,0.223,0,0,"@@ -200,175 +261,231 @@"
examples,36_large_rust,0,block_move,96,278,2888,8283,0.266,0,0,"@@ -1,137 +1,319 @@"
examples,36_large_rust,1,block_move,145,47,4456,1597,0.45,0,0,"@@ -139,165 +321,67 @@"
examples,36_large_rust,2,block_move,105,138,3912,4553,0.374,0,0,"@@ -305,133 +389,166 @@"
examples,37_large_go,0,block_move,123,300,3934,8958,0.295,0,0,"@@ -1,167 +1,344 @@"
examples,37_large_go,1,block_move,152,177,5171,6595,0.275,0,0,"@@ -170,223 +347,248 @@"
examples,38_large_java,0,block_move,14,56,645,2419,0.206,0,0,"@@ -1,41 +1,83 @@"
examples,38_large_java,1,block_move,231,176,9570,8649,0.277,0,0,"@@ -43,278 +85,223 @@"
examples,38_large_java,2,line_expand,1,3,30,101,0.364,0,0,"@@ -327,7 +314,9 @@"
examples,38_large_java,3,block_modify,3,3,111,172,0.5,0,0,"@@ -337,12 +326,12 @@"
examples,38_large_java,4,block_move,4,2,139,125,0.9,0,0,"@@ -350,12 +339,10 @@"
examples,38_large_java,5,block_replace,4,4,123,237,0.455,0,0,"@@ -364,11 +351,11 @@"
examples,38_large_java,6,block_replace,6,105,297,4648,0.152,0,0,"@@ -378,34 +365,133 @@"
examples,38_large_java,7,block_replace,3,3,234,164,0.435,0,0,"@@ -427,15 +513,15 @@"
examples,38_large_java,8,block_modify,2,3,161,165,0.833,0,0,"@@ -458,11 +544,12 @@"
examples,38_large_java,9,block_move,20,19,1124,1157,0.877,0,0,"@@ -484,35 +571,34 @@"
examples,39_large_typescript,0,block_replace,402,418,12680,15028,0.29,0,0,"@@ -1,463 +1,479 @@"
examples,40_large_csharp,0,block_move,470,522,17873,21045,0.27,0,0,"@@ -1,552 +1,604 @@"
examples,40_large_csharp,1,block_move,89,154,4159,7260,0.268,0,0,"@@ -560,135 +612,200 @@"
examples,41_large_ruby,0,block_move,173,25,6940,1213,0.148,0,0,"@@ -1,207 +1,59 @@"
examples,41_large_ruby,1,block_move,66,14,2766,589,0.135,0,0,"@@ -210,85 +62,33 @@"
examples,41_large_ruby,2,block_move,265,671,12174,19333,0.393,0,0,"@@ -305,348 +105,754 @@"
examples,42_large_huge_python,0,block_replace,31,199,974,5599,0.105,0,0,"@@ -1,58 +1,226 @@"
examples,42_large_huge_python,1,block_move,854,891,32494,39140,0.528,0,0,"@@ -109,907 +277,944 @@"
gitanim_history,9aa92e50/ad.c,0,block_replace,8,5,419,226,0.25,0,0,"@@ -272,14 +272,11 @@ void load_file(const char *path) {"
gitanim_history,9aa92e50/ad.c,1,block_insert,0,6,0,262,0.0,0,0,"@@ -757,6 +754,12 @@ int main(int argc, char **argv) {"
gitanim_history,b147cac9/README.md,0,block_replace,12,52,448,1249,0.358,0,0,"@@ -1,19 +1,59 @@"
gitanim_history,9bb01fee/README.md,0,line_insert,0,1,0,162,0.0,0,0,"@@ -16,6 +16,7 @@ by the orchestrator (`pipeline/ad_postprocess`)."
gitanim_history,9bb01fee/ad_layer_join_insert_in_place.c,0,block_insert,0,121,0,4760,0.0,0,0,"@@ -0,0 +1,121 @@"
gitanim_history,9bb01fee/README.md,0,line_insert,0,1,0,66,0.0,0,0,"@@ -21,6 +21,7 @@ Manpages for all ad tools."
gitanim_history,9bb01fee/audit_help.sh,0,block_insert,0,2,0,75,0.0,0,0,"@@ -21,6 +21,8 @@ declare -a TOOLS=("
gitanim_history,56c7a351/SCRIPTS_AND_BINARIES_REFERENCE.md,0,block_insert,0,116,0,12123,0.0,0,0,"@@ -0,0 +1,116 @@"
gitanim_history,ddd6fd21/ad_layer_batch_whitespace.c,0,block_insert,0,2,0,159,0.0,0,0,"@@ -16,12 +16,14 @@ static int is_ws(int code) { return code == WS_TAB || code == WS_SPACE; }"
gitanim_history,ddd6fd21/ad_layer_batch_whitespace.c,1,line_insert,0,1,0,106,0.0,0,0,"@@ -63,6 +65,7 @@ int main(int argc, char **argv) {"
gitanim_history,ddd6fd21/ad_layer_common.h,0,line_replace,1,1,50,57,0.067,0,0,"@@ -4,7 +4,7 @@"
gitanim_history,ddd6fd21/ad_layer_common.h,1,line_expand,1,35,74,1327,0.059,0,0,"@@ -25,10 +25,44 @@"
gitanim_history,ddd6fd21/ad_layer_common.h,2,word_replace,1,1,39,51,0.75,0,0,"@@ -356,7 +390,7 @@ __attribute__((unused)) static int ad_layer_run("
gitanim_history,ddd6fd21/ad_layer_common.h,3,block_insert,0,4,0,192,0.0,0,0,"@@ -364,12 +398,16 @@ __attribute__((unused)) static int ad_layer_run("
gitanim_history,ddd6fd21/ad_layer_common.h,4,block_insert,0,2,0,161,0.0,0,0,"@@ -380,8 +418,10 @@ __attribute__((unused)) static int ad_layer_run("
gitanim_history,ddd6fd21/ad_layer_line_delete_in_place.c,0,literal_replace,1,1,78,82,1.0,0,0,"@@ -2,7 +2,7 @@"
gitanim_history,ddd6fd21/ad_layer_line_delete_in_place.c,1,block_modify,2,2,123,131,1.0,0,0,"@@ -11,12 +11,12 @@"
gitanim_history,ddd6fd21/ad_layer_line_delete_in_place.c,2,line_insert,0,1,0,122,0.0,0,0,"@@ -65,6 +65,7 @@ static int layer_line_delete_in_place(Op *ops, int n_ops, Op *out, int out_cap,"
gitanim_history,ddd6fd21/ad_layer_line_delete_in_place.c,3,block_insert,0,3,0,235,0.0,0,0,"@@ -107,6 +108,9 @@ static int layer_line_delete_in_place(Op *ops, int n_ops, Op *out, int out_cap,"
gitanim_history,ddd6fd21/ad_layer_line_delete_in_place.c,4,line_insert,0,1,0,168,0.0,0,0,"@@ -123,6 +127,7 @@ static int layer_line_delete_in_place(Op *ops, int n_ops, Op *out, int out_cap,"
gitanim_history,ddd6fd21/ad_layer_line_delete_in_place.c,5,literal_replace,1,1,74,77,1.0,0,0,"@@ -148,7 +153,7 @@ static int layer_line_delete_in_place(Op *ops, int n_ops, Op *out, int out_cap,"
gitanim_history,ddd6fd21/ad_layer_split_in_place.c,0,block_modify,2,2,114,116,1.0,0,0,"@@ -1,9 +1,9 @@"
gitanim_history,ddd6fd21/ad_layer_split_in_place.c,1,line_insert,0,1,0,78,0.0,0,0,"@@ -21,6 +21,7 @@ int main(int argc, char **argv) {"
gitanim_history,ddd6fd21/ad_layer_split_in_place.c,2,line_expand,1,2,80,218,0.438,0,0,"@@ -93,7 +94,8 @@ int main(int argc, char **argv) {"
gitanim_history,994f19b0/compute.cpp,0,block_replace,10,5,667,367,0.148,0,0,"@@ -838,17 +838,12 @@ int main(int argc, char** argv) {"
gitanim_history,994f19b0/ANIMATION_ANALYSIS_02_large_python.md,0,block_delete,120,0,4984,0,0.0,0,0,"@@ -1,120 +0,0 @@"
gitanim_history,2e1cdf76/compute.cpp,0,block_replace,5,10,367,667,0.148,0,0,"@@ -838,12 +838,17 @@ int main(int argc, char** argv) {"
gitanim_history,2e1cdf76/ANIMATION_ANALYSIS_02_large_python.md,0,block_insert,0,120,0,4984,0.0,0,0,"@@ -0,0 +1,120 @@"
gitanim_history,eda49d35/INDEPENDENT_LAYERS_DESIGN.md,0,block_insert,0,212,0,8132,0.0,0,0,"@@ -0,0 +1,212 @@"
gitanim_history,dd01d1c8/ad_layer_common.h,0,line_expand,1,2,48,100,0.8,0,0,"@@ -283,7 +283,8 @@ __attribute__((unused)) static int ad_layer_is_line_op(Op *op) {"
gitanim_history,eb74973a/ad_layer_line_delete_in_place.c,0,line_expand,1,48,79,2238,0.069,0,0,"@@ -42,7 +42,54 @@ static int layer_line_delete_in_place(Op *ops, int n_ops, Op *out, int out_cap,"
gitanim_history,212ab1a1/ad_layer_pace.c,0,block_insert,0,15,0,719,0.0,0,0,"@@ -980,6 +980,21 @@ int main(int argc, char **argv) {"
gitanim_history,f5a4b5d9/compute.cpp,0,block_replace,59,27,3598,1685,0.278,0,0,"@@ -822,88 +822,56 @@ int main(int argc, char** argv) {"
gitanim_history,2ec1dc6d/ad.c,0,block_modify,3,3,302,208,0.731,0,0,"@@ -653,10 +653,10 @@ int main(int argc, char **argv) {"
gitanim_history,2ec1dc6d/ad.c,1,block_modify,2,2,129,131,0.833,0,0,"@@ -717,8 +717,8 @@ int main(int argc, char **argv) {"
gitanim_history,2ec1dc6d/ad_layer_batch_whitespace.c,0,block_move,83,8,2902,406,0.197,0,0,"@@ -1,109 +1,34 @@"
gitanim_history,2ec1dc6d/ad_layer_batch_whitespace.c,1,block_replace,60,39,2671,1758,0.247,0,0,"@@ -115,80 +40,59 @@ int main(int argc, char **argv) {"
gitanim_history,2ec1dc6d/ad_layer_common.h,0,block_insert,0,36,0,1432,0.0,0,0,"@@ -162,6 +162,42 @@ static int ad_layer_parse_op(const char *line, Op *op) {"
gitanim_history,2ec1dc6d/ad_layer_common.h,1,block_insert,0,11,0,601,0.0,0,0,"@@ -207,6 +243,17 @@ static void ad_layer_write_op(Op *op) {"
gitanim_history,2ec1dc6d/ad_layer_batch_whitespace.pl,0,block_insert,0,116,0,3502,0.0,0,0,"@@ -0,0 +1,116 @@"
gitanim_history,bd0ea3f6/ad.c,0,block_insert,0,22,0,908,0.0,0,0,"@@ -763,6 +763,28 @@ int main(int argc, char **argv) {"
gitanim_history,bd0ea3f6/compute.cpp,0,line_expand,1,2,59,105,0.6,0,0,"@@ -29,7 +29,8 @@ using namespace std;"
gitanim_history,bd0ea3f6/compute.cpp,1,block_insert,0,110,0,5873,0.0,0,0,"@@ -798,6 +799,116 @@ int main(int argc, char** argv) {"
gitanim_history,bd0ea3f6/compute.cpp,2,block_insert,0,7,0,442,0.0,0,0,"@@ -838,6 +949,13 @@ int main(int argc, char** argv) {"
gitanim_history,bd0ea3f6/ad_layer_common.h,0,line_expand,1,2,47,98,0.8,0,0,"@@ -235,7 +235,8 @@ __attribute__((unused)) static int ad_layer_is_debug_op(Op *op) {"
gitanim_history,650796d7/ad.c,0,block_insert,0,18,0,760,0.0,0,0,"@@ -717,6 +717,24 @@ int main(int argc, char **argv) {"
gitanim_history,650796d7/ad_layer_batch_whitespace.c,0,block_insert,0,194,0,6859,0.0,0,0,"@@ -0,0 +1,194 @@"
gitanim_history,1b184c59/ad_layer_split_in_place.c,0,block_move,115,10,4555,664,0.224,0,0,"@@ -1,127 +1,22 @@"
gitanim_history,1b184c59/ad_layer_split_in_place.c,1,block_replace,13,130,856,5109,0.172,0,0,"@@ -130,21 +25,138 @@ int main(int argc, char **argv) {"
gitanim_history,bba04d7e/README.md,0,line_insert,0,1,0,162,0.0,0,0,"@@ -15,6 +15,7 @@ by the orchestrator (`pipeline/ad_postprocess`)."
gitanim_history,bba04d7e/ad_layer_split_in_place.c,0,block_insert,0,150,0,5990,0.0,0,0,"@@ -0,0 +1,150 @@"
gitanim_history,bba04d7e/README.md,0,line_insert,0,1,0,64,0.0,0,0,"@@ -20,6 +20,7 @@ Manpages for all ad tools."
gitanim_history,bba04d7e/audit_help.sh,0,line_insert,0,1,0,33,0.0,0,0,"@@ -20,6 +20,7 @@ declare -a TOOLS=("
gitanim_history,c4dff618/ad_suggest.sh,0,block_replace,15,53,500,2102,0.149,0,0,"@@ -46,34 +46,72 @@ HELP"
gitanim_history,ba4a8c7b/COMPLETE_OPTIONS_REFERENCE.md,0,block_replace,20,8,466,387,0.209,0,0,"@@ -34,29 +34,17 @@ ad_vim --speed 2 old.py new.py"
gitanim_history,ba4a8c7b/OPTIONS_ANALYSIS.md,0,block_insert,0,8,0,451,0.0,0,0,"@@ -6,6 +6,14 @@ This document analyzes all ad_vim options for redundancy, grouping"
gitanim_history,ba4a8c7b/OPTIONS_OVERVIEW.md,0,block_insert,0,8,0,421,0.0,0,0,"@@ -4,6 +4,14 @@ This document shows how all the options influence the animation at a"
gitanim_history,ba4a8c7b/options.md,0,block_insert,0,120,0,2813,0.0,0,0,"@@ -92,6 +92,126 @@ Print version and exit."
gitanim_history,ba4a8c7b/ad_layer_highlight.c,0,line_insert,0,1,0,102,0.0,0,0,"@@ -108,6 +108,7 @@ void parse_args(int argc, char **argv) {"
gitanim_history,ba4a8c7b/ad_suggest.sh,0,block_insert,0,41,0,1432,0.0,0,0,"@@ -4,6 +4,47 @@"
gitanim_history,ba4a8c7b/ad_suggest.sh,1,word_replace,1,1,87,61,0.778,0,0,"@@ -41,7 +82,7 @@ dv_suggest_option() {"
gitanim_history,ba4a8c7b/ad_suggest.sh,2,block_replace,7,8,397,581,0.437,0,0,"@@ -50,13 +91,14 @@ DV_ALL_OPTIONS=("
gitanim_history,4a12075c/ad.c,0,block_delete,2,0,142,0,0.0,0,0,"@@ -75,8 +75,6 @@ static int show_line_numbers = 0;"
gitanim_history,4a12075c/ad.c,1,word_replace,1,1,46,27,0.75,0,0,"@@ -418,7 +416,7 @@ void batch_insert(int *codes, int count) {"
gitanim_history,4a12075c/ad.c,2,line_delete,1,0,89,0,0.0,0,0,"@@ -575,7 +573,6 @@ int main(int argc, char **argv) {"
gitanim_history,4a12075c/ad.c,3,block_delete,2,0,203,0,0.0,0,0,"@@ -592,8 +589,6 @@ int main(int argc, char **argv) {"
gitanim_history,4a12075c/ad.c,4,block_delete,9,0,375,0,0.0,0,0,"@@ -630,17 +625,8 @@ int main(int argc, char **argv) {"
gitanim_history,4a12075c/API_REFERENCE.md,0,word_replace,1,1,41,20,0.6,0,0,"@@ -208,7 +208,7 @@ void render(void);"
gitanim_history,4a12075c/CODE_ANALYSIS.md,0,block_modify,5,8,316,448,0.5,0,0,"@@ -126,11 +126,14 @@ The function walks ops and pushes them one-by-one — output is identical to inp"
gitanim_history,4a12075c/COMPLETE_OPTIONS_REFERENCE.md,0,block_delete,6,0,110,0,0.0,0,0,"@@ -34,12 +34,6 @@ ad_vim --speed 2 old.py new.py"
gitanim_history,4a12075c/IMPROVEMENT_PROPOSALS.md,0,block_replace,4,6,204,354,0.438,0,0,"@@ -34,13 +34,15 @@ Last updated: 2026-09-09 (reflects `refactor/no-newline-in-char-ops` branch)"
gitanim_history,4a12075c/IMPROVEMENT_PROPOSALS.md,1,block_replace,2,3,112,173,0.448,0,0,"@@ -888,8 +890,9 @@ for debug info."
gitanim_history,4a12075c/IMPROVEMENT_PROPOSALS.md,2,line_expand,1,2,30,125,0.0,0,0,"@@ -913,7 +916,8 @@ earlier."
gitanim_history,4a12075c/OPTIONS_ANALYSIS.md,0,literal_replace,1,1,53,40,0.8,0,0,"@@ -105,7 +105,7 @@ canceling pairs are already handled."
gitanim_history,4a12075c/OPTION_AUDIT_2026-09-10.md,0,block_insert,0,167,0,6674,0.0,0,0,"@@ -0,0 +1,167 @@"
gitanim_history,4a12075c/REQUIREMENTS.md,0,block_replace,2,3,87,175,0.379,0,0,"@@ -198,8 +198,9 @@ Reads timed V2 TSV from stdin, applies ops to a buffer, renders to terminal."
gitanim_history,4a12075c/LAYER_ANALYSIS_AND_DOC_REVIEW.md,0,line_replace,1,1,71,87,0.083,0,0,"@@ -294,7 +294,7 @@ All user-facing env vars were removed. ~8 internal bridge/debug vars remain:"
gitanim_history,4a12075c/debugging.md,0,block_replace,4,6,232,379,0.312,0,0,"@@ -94,10 +94,12 @@ Takes a snapshot after EACH op and checks:"
gitanim_history,4a12075c/ad_layer_line_delete_in_place.sh,0,block_replace,8,20,451,1210,0.237,0,0,"@@ -1,17 +1,29 @@"
gitanim_history,4a12075c/ad_layer_line_delete_in_place.sh,1,block_replace,4,13,304,465,0.327,0,0,"@@ -21,10 +33,19 @@ while [[ $# -gt 0 ]]; do"
gitanim_history,4a12075c/ad_layer_line_delete_in_place.sh,2,block_move,79,106,2474,5345,0.237,0,0,"@@ -36,90 +57,117 @@ if [[ ""$MODE"" == ""interleaved"" ]]; then"
gitanim_history,4a12075c/README.md,0,block_insert,0,3,0,203,0.0,0,0,"@@ -35,6 +35,9 @@ Manpages for all ad tools."
gitanim_history,4a12075c/README.md,0,word_replace,1,1,147,156,0.577,0,0,"@@ -17,7 +17,7 @@ Helper scripts for the ad project."
gitanim_history,4a12075c/README.md,1,line_replace,1,1,118,151,0.16,0,0,"@@ -33,7 +33,7 @@ Helper scripts for the ad project."
gitanim_history,4a12075c/worklog.md,0,block_insert,0,50,0,2508,0.0,0,0,"@@ -0,0 +1,50 @@"
gitanim_history,cd30aef1/IMPROVEMENT_PROPOSALS.md,0,block_replace,2,2,110,123,0.286,0,0,"@@ -1,8 +1,8 @@"
gitanim_history,cd30aef1/IMPROVEMENT_PROPOSALS.md,1,word_replace,1,1,48,57,0.5,0,0,"@@ -21,7 +21,7 @@ Last updated: 2026-09-09 (reflects `refactor/no-newline-in-char-ops` branch)"
gitanim_history,cd30aef1/IMPROVEMENT_PROPOSALS.md,2,block_insert,0,12,0,616,0.0,0,0,"@@ -30,6 +30,18 @@ Last updated: 2026-09-09 (reflects `refactor/no-newline-in-char-ops` branch)"
gitanim_history,cd30aef1/IMPROVEMENT_PROPOSALS.md,3,word_replace,1,1,38,50,0.7,0,0,"@@ -38,7 +50,7 @@ Last updated: 2026-09-09 (reflects `refactor/no-newline-in-char-ops` branch)"
gitanim_history,cd30aef1/IMPROVEMENT_PROPOSALS.md,4,format_only,2,2,120,120,1.0,1,0,"@@ -53,8 +65,8 @@ Last updated: 2026-09-09 (reflects `refactor/no-newline-in-char-ops` branch)"
gitanim_history,cd30aef1/IMPROVEMENT_PROPOSALS.md,5,block_insert,0,10,0,519,0.0,0,0,"@@ -73,6 +85,16 @@ Last updated: 2026-09-09 (reflects `refactor/no-newline-in-char-ops` branch)"
gitanim_history,cd30aef1/IMPROVEMENT_PROPOSALS.md,6,block_modify,32,31,1572,1623,0.535,0,0,"@@ -88,59 +110,58 @@ Last updated: 2026-09-09 (reflects `refactor/no-newline-in-char-ops` branch)"
gitanim_history,cd30aef1/IMPROVEMENT_PROPOSALS.md,7,block_replace,62,78,3088,3745,0.472,0,0,"@@ -148,93 +169,109 @@ Last updated: 2026-09-09 (reflects `refactor/no-newline-in-char-ops` branch)"
gitanim_history,cd30aef1/IMPROVEMENT_PROPOSALS.md,8,block_move,42,86,1886,4215,0.278,0,0,"@@ -242,61 +279,105 @@ Last updated: 2026-09-09 (reflects `refactor/no-newline-in-char-ops` branch)"
gitanim_history,cd30aef1/IMPROVEMENT_PROPOSALS.md,9,block_replace,15,20,672,1061,0.385,0,0,"@@ -309,41 +390,46 @@ Last updated: 2026-09-09 (reflects `refactor/no-newline-in-char-ops` branch)"
gitanim_history,cd30aef1/IMPROVEMENT_PROPOSALS.md,10,block_move,123,216,6327,9788,0.396,0,0,"@@ -358,164 +444,257 @@ Last updated: 2026-09-09 (reflects `refactor/no-newline-in-char-ops` branch)"
gitanim_history,cd30aef1/IMPROVEMENT_PROPOSALS.md,11,block_replace,14,23,694,854,0.396,0,0,"@@ -525,23 +704,32 @@ Last updated: 2026-09-09 (reflects `refactor/no-newline-in-char-ops` branch)"
gitanim_history,cd30aef1/IMPROVEMENT_PROPOSALS.md,12,block_replace,12,20,585,770,0.366,0,0,"@@ -550,21 +738,29 @@ Last updated: 2026-09-09 (reflects `refactor/no-newline-in-char-ops` branch)"
gitanim_history,cd30aef1/IMPROVEMENT_PROPOSALS.md,13,block_replace,8,14,394,576,0.361,0,0,"@@ -575,19 +771,25 @@ Last updated: 2026-09-09 (reflects `refactor/no-newline-in-char-ops` branch)"
gitanim_history,cd30aef1/IMPROVEMENT_PROPOSALS.md,14,block_insert,0,8,0,351,0.0,0,0,"@@ -602,6 +804,14 @@ Last updated: 2026-09-09 (reflects `refactor/no-newline-in-char-ops` branch)"
gitanim_history,cd30aef1/IMPROVEMENT_PROPOSALS.md,15,block_move,46,133,1992,3802,0.193,0,0,"@@ -625,112 +835,199 @@ Last updated: 2026-09-09 (reflects `refactor/no-newline-in-char-ops` branch)"
gitanim_history,f8741bee/ad_layer_line_delete_in_place.sh,0,block_insert,0,125,0,3799,0.0,0,0,"@@ -0,0 +1,125 @@"
gitanim_history,522b3044/IMPROVEMENT_PROPOSALS.md,0,block_replace,2,18,59,795,0.038,0,0,"@@ -7,8 +7,24 @@ and framed from the user's perspective."
gitanim_history,522b3044/README.md,0,block_replace,8,5,494,285,0.448,0,0,"@@ -1,28 +1,25 @@"
gitanim_history,522b3044/README.md,1,block_replace,16,42,565,1888,0.102,0,0,"@@ -31,25 +28,51 @@ Design documents, analysis, and historical proposals for the ad project."
gitanim_history,522b3044/CONTROLS.md,0,block_insert,0,284,0,9670,0.0,0,0,"@@ -0,0 +1,284 @@"
gitanim_history,522b3044/DEBUGGING.md,0,block_insert,0,390,0,12092,0.0,0,0,"@@ -0,0 +1,390 @@"
gitanim_history,522b3044/DEBUGGING_LAYERS.md,0,block_insert,0,166,0,4479,0.0,0,0,"@@ -0,0 +1,166 @@"
gitanim_history,522b3044/DESIGN_DOC_ANALYSIS.md,0,block_insert,0,395,0,27006,0.0,0,0,"@@ -0,0 +1,395 @@"
gitanim_history,522b3044/DESIGN_smooth_cursor_and_distance_speed.md,0,block_insert,0,194,0,7193,0.0,0,0,"@@ -0,0 +1,194 @@"
gitanim_history,522b3044/DEVELOPER_GUIDE.md,0,block_insert,0,635,0,20332,0.0,0,0,"@@ -0,0 +1,635 @@"
gitanim_history,522b3044/DOCS_AUDIT.md,0,block_insert,0,293,0,9815,0.0,0,0,"@@ -0,0 +1,293 @@"
gitanim_history,522b3044/FORMATS.md,0,block_insert,0,143,0,4492,0.0,0,0,"@@ -0,0 +1,143 @@"
gitanim_history,522b3044/LAYER_ANALYSIS_AND_DOC_REVIEW.md,0,block_insert,0,390,0,18892,0.0,0,0,"@@ -0,0 +1,390 @@"
gitanim_history,522b3044/LAYER_FAILURE_ANALYSIS.md,0,block_insert,0,578,0,20914,0.0,0,0,"@@ -0,0 +1,578 @@"
gitanim_history,522b3044/LINE_DELETE_IN_PLACE_PSEUDOCODE.md,0,block_insert,0,333,0,13739,0.0,0,0,"@@ -0,0 +1,333 @@"
gitanim_history,522b3044/LINE_REPLACE_FAILURE_REPORT.md,0,block_insert,0,209,0,7145,0.0,0,0,"@@ -0,0 +1,209 @@"
gitanim_history,522b3044/NO_NEWLINE_DETAILED_PLAN.md,0,block_insert,0,889,0,31261,0.0,0,0,"@@ -0,0 +1,889 @@"
gitanim_history,522b3044/NO_NEWLINE_IN_CHAR_OPS.md,0,block_insert,0,264,0,10916,0.0,0,0,"@@ -0,0 +1,264 @@"
gitanim_history,522b3044/PERL_LAUNCHER_EXPLANATION.md,0,block_insert,0,55,0,2621,0.0,0,0,"@@ -0,0 +1,55 @@"
gitanim_history,522b3044/PIPELINE_DECORATE_ANALYSIS.md,0,block_insert,0,205,0,5634,0.0,0,0,"@@ -0,0 +1,205 @@"
gitanim_history,522b3044/POSTPROCESS_QUICK_REFERENCE.md,0,block_insert,0,143,0,6336,0.0,0,0,"@@ -0,0 +1,143 @@"
gitanim_history,522b3044/POSTPROCESS_REDESIGN.md,0,block_insert,0,472,0,16972,0.0,0,0,"@@ -0,0 +1,472 @@"
gitanim_history,522b3044/POSTPROCESS_TRANSFORMS.md,0,block_insert,0,348,0,12068,0.0,0,0,"@@ -0,0 +1,348 @@"
gitanim_history,522b3044/RESTORING_OLD_FEATURES.md,0,block_insert,0,360,0,13552,0.0,0,0,"@@ -0,0 +1,360 @@"
gitanim_history,522b3044/RESTRUCTURE_ANALYSIS.md,0,block_insert,0,356,0,20511,0.0,0,0,"@@ -0,0 +1,356 @@"
gitanim_history,522b3044/TUNE_INTERFACE_ANALYSIS.md,0,block_insert,0,163,0,5725,0.0,0,0,"@@ -0,0 +1,163 @@"
gitanim_history,522b3044/README.md,0,block_replace,12,48,818,3269,0.361,0,0,"@@ -6,27 +6,63 @@ by the orchestrator (`pipeline/ad_postprocess`)."
gitanim_history,522b3044/ad_layer_line_delete_in_place.sh,0,block_delete,132,0,3891,0,0.0,0,0,"@@ -1,132 +0,0 @@"
gitanim_history,522b3044/README.md,0,block_replace,31,44,2040,4209,0.456,0,0,"@@ -4,37 +4,50 @@ Helper scripts for the ad project."
gitanim_history,91aa5f00/ad_layer_line_delete_in_place.sh,0,block_insert,0,132,0,3891,0.0,0,0,"@@ -0,0 +1,132 @@"
gitanim_history,4abb54eb/ad_layer_line_delete_in_place.c,0,block_insert,0,5,0,191,0.0,0,0,"@@ -134,6 +134,11 @@ int main(int argc, char **argv) {"
gitanim_history,e4afa7b3/README.md,0,block_modify,9,9,737,953,0.941,0,0,"@@ -86,15 +86,15 @@ TSV to stdout. You can chain any layers in any order:"
gitanim_history,e4afa7b3/README.md,1,block_insert,0,20,0,625,0.0,0,0,"@@ -103,6 +103,26 @@ No layers run by default. Add them explicitly:"
gitanim_history,e4afa7b3/README.md,2,block_insert,0,18,0,1372,0.0,0,0,"@@ -164,6 +184,24 @@ See [docs/src/git-integration.md](docs/src/git-integration.md) for the"
gitanim_history,e4afa7b3/VOCABULARY.md,0,line_replace,1,1,102,254,0.091,0,0,"@@ -116,7 +116,7 @@ flags."
gitanim_history,25f07465/INSTALL.md,0,line_insert,0,1,0,85,0.0,0,0,"@@ -110,6 +110,7 @@ make install PREFIX=$HOME/.local"
gitanim_history,25f07465/ad.c,0,block_insert,0,12,0,1046,0.0,0,0,"@@ -587,13 +587,25 @@ int main(int argc, char **argv) {"
gitanim_history,25f07465/debugging.md,0,block_replace,14,73,797,3073,0.258,0,0,"@@ -34,20 +34,79 @@ generates ops, initializes git, and launches vim with a split layout."
gitanim_history,25f07465/debugging.md,1,format_only,3,3,52,107,1.0,1,0,"@@ -105,11 +164,11 @@ content before and after each bundle of ops:"
gitanim_history,25f07465/debugging.md,2,format_only,1,1,16,35,1.0,1,0,"@@ -118,4 +177,4 @@ Add `EOF` on its own line in the op file to mark the end of the op list."
gitanim_history,25f07465/ad_layer_line_delete_in_place.c,0,block_replace,7,18,475,866,0.244,0,0,"@@ -2,23 +2,34 @@"
gitanim_history,25f07465/ad_layer_line_delete_in_place.c,1,block_move,14,5,842,303,0.303,0,0,"@@ -31,35 +42,26 @@ static int layer_line_delete_in_place(Op *ops, int n_ops, Op *out, int out_cap,"
gitanim_history,25f07465/ad_layer_line_delete_in_place.c,2,block_move,27,41,1258,1990,0.43,0,0,"@@ -67,38 +69,52 @@ static int layer_line_delete_in_place(Op *ops, int n_ops, Op *out, int out_cap,"
gitanim_history,25f07465/ad_layer_line_delete_in_place.c,3,block_insert,0,23,0,1082,0.0,0,0,"@@ -110,5 +126,28 @@ static int layer_line_delete_in_place(Op *ops, int n_ops, Op *out, int out_cap,"
gitanim_history,25f07465/ad_layer_line_delete_in_place.pl,0,block_replace,32,55,1500,2532,0.408,0,0,"@@ -2,70 +2,93 @@"
gitanim_history,43a1da7f/ad_layer_line_delete_in_place.c,0,block_replace,22,12,1174,784,0.239,0,0,"@@ -1,31 +1,21 @@"
gitanim_history,43a1da7f/ad_layer_line_delete_in_place.c,1,block_replace,47,60,2135,2796,0.35,0,0,"@@ -41,61 +31,74 @@ static int layer_line_delete_in_place(Op *ops, int n_ops, Op *out, int out_cap,"
gitanim_history,43a1da7f/ad_layer_line_delete_in_place.pl,0,block_replace,182,61,5230,2361,0.249,0,0,"@@ -1,200 +1,79 @@"
gitanim_history,30606a08/VOCABULARY.md,0,block_insert,0,3,0,298,0.0,0,0,"@@ -56,6 +56,9 @@ Every action in the animation is an ""op"" — a single instruction."
gitanim_history,30606a08/VOCABULARY.md,1,block_insert,0,5,0,227,0.0,0,0,"@@ -65,6 +68,11 @@ Every action in the animation is an ""op"" — a single instruction."
gitanim_history,30606a08/ad_annotate.c,0,block_modify,3,3,176,196,0.625,0,0,"@@ -164,14 +164,14 @@ static char *buffer_get_line_str(Buffer *buf, int line_1idx) {"
gitanim_history,30606a08/ad_annotate.c,1,word_replace,1,1,85,93,0.667,0,0,"@@ -205,7 +205,7 @@ static void buffer_apply_delete(Buffer *buf, int line_1idx, int col_1idx, int co"
gitanim_history,30606a08/ad_annotate.c,2,block_replace,2,2,74,86,0.417,0,0,"@@ -231,8 +231,8 @@ static void buffer_apply_insert(Buffer *buf, int line_1idx, int col_1idx, int co"
gitanim_history,30606a08/ad_annotate.c,3,word_replace,1,1,36,61,0.444,0,0,"@@ -270,7 +270,7 @@ static void buffer_apply_insert(Buffer *buf, int line_1idx, int col_1idx, int co"
gitanim_history,30606a08/ad_annotate.c,4,block_modify,2,2,164,184,0.643,0,0,"@@ -447,8 +447,8 @@ int main(int argc, char **argv) {"
gitanim_history,30606a08/ad_annotate.c,5,line_replace,1,1,47,157,0.1,0,0,"@@ -465,7 +465,7 @@ int main(int argc, char **argv) {"
gitanim_history,30606a08/ad_annotate.c,6,word_replace,1,1,89,89,0.75,0,0,"@@ -498,7 +498,7 @@ int main(int argc, char **argv) {"
gitanim_history,30606a08/ad_annotate.c,7,word_replace,1,1,89,89,0.75,0,0,"@@ -520,7 +520,7 @@ int main(int argc, char **argv) {"
gitanim_history,30606a08/ad_ops_syntax.vim,0,block_insert,0,5,0,230,0.0,0,0,"@@ -30,6 +30,11 @@ syn match adOpsKeep           ""^keep\t"""
gitanim_history,30606a08/ad_ops_syntax.vim,1,line_expand,1,2,93,107,0.04,0,0,"@@ -53,7 +58,8 @@ syn match adOpsGlide          ""^glide\t"""
gitanim_history,30606a08/ad_ops_syntax.vim,2,line_expand,1,3,75,208,0.333,0,0,"@@ -97,7 +103,9 @@ hi link adOpsMarker           PreProc"
gitanim_history,13c7794a/ad_layer_common.h,0,block_insert,0,21,0,787,0.0,0,0,"@@ -132,6 +132,27 @@ static int ad_layer_parse_op(const char *line, Op *op) {"
gitanim_history,13c7794a/ad_layer_common.h,1,line_expand,1,7,47,358,0.333,0,0,"@@ -173,7 +194,13 @@ __attribute__((unused)) static int ad_layer_parse_tsv(char *line, char *toks[],"
gitanim_history,13c7794a/ad_layer_common.h,2,block_insert,0,9,0,415,0.0,0,0,"@@ -202,6 +229,15 @@ __attribute__((unused)) static int ad_layer_is_debug_op(Op *op) {"
gitanim_history,13c7794a/ad_layer_indent_last.c,0,word_replace,1,1,87,79,0.571,0,0,"@@ -30,7 +30,7 @@ static int layer_indent_last(Op *ops, int n_ops, Op *out, int out_cap, int *line"
gitanim_history,13c7794a/ad_layer_indent_last.c,1,word_replace,1,1,101,93,0.571,0,0,"@@ -59,7 +59,7 @@ static int layer_indent_last(Op *ops, int n_ops, Op *out, int out_cap, int *line"
gitanim_history,13c7794a/ad_layer_line_delete_in_place.c,0,block_modify,4,4,248,218,0.5,0,0,"@@ -45,20 +45,20 @@ static int layer_line_delete_in_place(Op *ops, int n_ops, Op *out, int out_cap,"
gitanim_history,13c7794a/ad_layer_line_replace.c,0,word_replace,1,1,51,43,0.5,0,0,"@@ -73,7 +73,7 @@ static int layer_line_replace(Op *ops, int n_ops, Op *out, int out_cap,"
gitanim_history,13c7794a/ad_layer_line_replace.c,1,word_replace,1,1,51,43,0.5,0,0,"@@ -127,7 +127,7 @@ static int layer_line_replace(Op *ops, int n_ops, Op *out, int out_cap,"
gitanim_history,13c7794a/ad_layer_overwrite.c,0,block_modify,3,3,281,260,0.667,0,0,"@@ -20,14 +20,14 @@ static int layer_overwrite(Op *ops, int n_ops, Op *out, int out_cap, int *line_o"
gitanim_history,13c7794a/ad_layer_overwrite.c,1,word_replace,1,1,97,90,0.625,0,0,"@@ -35,7 +35,7 @@ static int layer_overwrite(Op *ops, int n_ops, Op *out, int out_cap, int *line_o"
gitanim_history,13c7794a/ad_layer_overwrite.c,2,block_replace,27,3,973,173,0.038,0,0,"@@ -56,33 +56,9 @@ static int layer_overwrite(Op *ops, int n_ops, Op *out, int out_cap, int *line_o"
gitanim_history,13c7794a/ad_layer_pace.c,0,block_modify,2,2,138,115,0.538,0,0,"@@ -389,9 +389,9 @@ static void pace_delete_char(char *line) {"
gitanim_history,13c7794a/ad_layer_pace.c,1,block_modify,2,2,138,115,0.538,0,0,"@@ -488,9 +488,9 @@ static void pace_delete_rapid_eol(char *line) {"
gitanim_history,13c7794a/ad_layer_pace.c,2,literal_replace,1,1,81,117,0.889,0,0,"@@ -537,7 +537,7 @@ static void pace_delete_rapid_identical(char *line) {"
gitanim_history,13c7794a/ad_layer_pace.c,3,block_modify,2,2,138,115,0.538,0,0,"@@ -579,9 +579,9 @@ static void pace_delete_awd(char *line) {"
gitanim_history,13c7794a/ad_layer_pace.c,4,block_modify,2,2,133,110,0.5,0,0,"@@ -709,8 +709,8 @@ static void handle_delete_newline(char *line) {"
gitanim_history,13c7794a/ad_layer_pace.c,5,line_replace,1,1,45,13,0.167,0,0,"@@ -774,7 +774,7 @@ static void handle_insert(char *line) {"
gitanim_history,13c7794a/ad_layer_pace.c,6,line_replace,1,1,44,49,0.167,0,0,"@@ -787,7 +787,7 @@ static void handle_insert(char *line) {"
gitanim_history,13c7794a/ad_layer_pace.c,7,block_modify,2,2,152,127,0.538,0,0,"@@ -803,9 +803,9 @@ static void handle_insert(char *line) {"
gitanim_history,13c7794a/ad_layer_pace.c,8,block_replace,2,2,91,97,0.4,0,0,"@@ -837,8 +837,8 @@ static void handle_insert(char *line) {"
gitanim_history,13c7794a/ad_layer_pace.c,9,line_replace,1,1,0,17,0.0,0,0,"@@ -951,7 +951,7 @@ int main(int argc, char **argv) {"
gitanim_history,13c7794a/ad_layer_pace.c,10,block_replace,6,9,240,402,0.368,0,0,"@@ -967,16 +967,19 @@ int main(int argc, char **argv) {"
gitanim_history,13c7794a/ad_layer_reorder.c,0,block_replace,19,12,1279,787,0.458,0,0,"@@ -24,52 +24,45 @@ static int layer_reorder(Op *ops, int n_ops, Op *out, int out_cap, int *line_off"
gitanim_history,13c7794a/ad_layer_skip_indent.c,0,word_replace,1,1,129,122,0.75,0,0,"@@ -57,7 +57,7 @@ static int layer_skip_indent(Op *ops, int n_ops, Op *out, int out_cap,"
gitanim_history,ac02718a/ad.c,0,block_replace,96,40,3856,1511,0.297,0,0,"@@ -348,112 +348,56 @@ void set_cursor(int line, int col) {"
gitanim_history,ac02718a/ad.c,1,block_replace,15,4,624,130,0.216,0,0,"@@ -759,21 +703,10 @@ int main(int argc, char **argv) {"
gitanim_history,ac02718a/ad.c,2,block_insert,0,50,0,2151,0.0,0,0,"@@ -786,6 +719,56 @@ int main(int argc, char **argv) {"
gitanim_history,a638b82c/compute.cpp,0,line_expand,1,2,46,104,0.625,0,0,"@@ -28,7 +28,8 @@"
gitanim_history,a638b82c/compute.cpp,1,block_insert,0,22,0,1066,0.0,0,0,"@@ -775,6 +776,28 @@ int main(int argc, char** argv) {"
gitanim_history,a638b82c/compute.cpp,2,block_replace,9,17,432,962,0.395,0,0,"@@ -803,16 +826,24 @@ int main(int argc, char** argv) {"
gitanim_history,a168d66c/NO_NEWLINE_DETAILED_PLAN.md,0,block_insert,0,889,0,31261,0.0,0,0,"@@ -0,0 +1,889 @@"
gitanim_history,dae41e98/NO_NEWLINE_IN_CHAR_OPS.md,0,block_insert,0,264,0,10916,0.0,0,0,"@@ -0,0 +1,264 @@"
gitanim_history,1068cbbb/LAYER_FAILURE_ANALYSIS.md,0,block_insert,0,578,0,20914,0.0,0,0,"@@ -0,0 +1,578 @@"
gitanim_history,1d1fcc80/ad.c,0,block_replace,35,9,2015,495,0.112,0,0,"@@ -58,45 +58,19 @@ static int cursor_c = 0; /* 0-indexed — internal */"
gitanim_history,1d1fcc80/ad.c,1,block_replace,41,5,2361,250,0.08,0,0,"@@ -344,60 +318,24 @@ int char_to_byte(int l, int col) {"
gitanim_history,1d1fcc80/ad.c,2,block_delete,5,0,375,0,0.0,0,0,"@@ -744,11 +682,6 @@ int main(int argc, char **argv) {"
gitanim_history,1d1fcc80/ad.c,3,block_replace,35,3,2197,185,0.067,0,0,"@@ -828,43 +761,11 @@ int main(int argc, char **argv) {"
gitanim_history,1d1fcc80/ad.c,4,line_collapse,13,1,919,34,0.042,0,0,"@@ -878,23 +779,11 @@ int main(int argc, char **argv) {"
gitanim_history,1d1fcc80/ad.c,5,line_collapse,15,1,961,43,0.063,0,0,"@@ -912,23 +801,9 @@ int main(int argc, char **argv) {"
gitanim_history,1d1fcc80/ad.c,6,block_replace,5,3,295,164,0.114,0,0,"@@ -1018,11 +893,9 @@ int main(int argc, char **argv) {"
gitanim_history,1d1fcc80/ad.c,7,block_delete,2,0,75,0,0.0,0,0,"@@ -1031,14 +904,12 @@ int main(int argc, char **argv) {"
gitanim_history,1d1fcc80/ad.c,8,block_replace,4,2,203,100,0.222,0,0,"@@ -1050,10 +921,8 @@ int main(int argc, char **argv) {"
gitanim_history,1d1fcc80/ad.c,9,line_delete,1,0,31,0,0.0,0,0,"@@ -1072,7 +941,6 @@ int main(int argc, char **argv) {"
gitanim_history,1d1fcc80/compute.cpp,0,block_replace,5,8,304,567,0.291,0,0,"@@ -791,13 +791,16 @@ int main(int argc, char** argv) {"
gitanim_history,1d1fcc80/compute.cpp,1,block_replace,7,2,489,125,0.043,0,0,"@@ -805,23 +808,18 @@ int main(int argc, char** argv) {"
gitanim_history,1d1fcc80/ad_layer_common.h,0,block_delete,13,0,961,0,0.0,0,0,"@@ -293,23 +293,10 @@ __attribute__((unused)) static int ad_layer_run("
gitanim_history,1d1fcc80/ad_layer_reorder.c,0,block_replace,49,5,2173,343,0.103,0,0,"@@ -59,55 +59,11 @@ static int layer_reorder(Op *ops, int n_ops, Op *out, int out_cap, int *line_off"
gitanim_history,b88c7c13/README.md,0,block_replace,2,3,62,173,0.385,0,0,"@@ -32,10 +32,11 @@ Use it for:"
gitanim_history,b88c7c13/README.md,1,block_insert,0,14,0,565,0.0,0,0,"@@ -45,6 +46,20 @@ make"
gitanim_history,b88c7c13/VOCABULARY.md,0,block_modify,3,3,153,145,0.913,0,0,"@@ -1,7 +1,7 @@"
gitanim_history,b88c7c13/VOCABULARY.md,1,block_insert,0,14,0,845,0.0,0,0,"@@ -15,6 +15,20 @@ a human were doing it live."
gitanim_history,b88c7c13/VOCABULARY.md,2,block_modify,7,7,642,799,0.742,0,0,"@@ -23,13 +37,13 @@ a human were doing it live."
gitanim_history,b88c7c13/VOCABULARY.md,3,block_modify,9,13,596,1068,0.516,0,0,"@@ -37,15 +51,19 @@ previous stage's output, does one job, and passes it along."
gitanim_history,b88c7c13/VOCABULARY.md,4,block_insert,0,2,0,341,0.0,0,0,"@@ -56,6 +74,8 @@ Every action in the animation is an ""op"" — a single instruction."
gitanim_history,b88c7c13/VOCABULARY.md,5,block_insert,0,40,0,1628,0.0,0,0,"@@ -77,6 +97,46 @@ HUNK  <target_line>  <del_count>  <ins_count>  <is_end_insert>  <is_end_delete>"
gitanim_history,36f2661e/ad.c,0,block_replace,5,5,395,375,0.393,0,0,"@@ -744,11 +744,11 @@ int main(int argc, char **argv) {"
gitanim_history,36f2661e/ad_layer_pace.c,0,line_expand,1,16,39,501,0.194,0,0,"@@ -863,7 +863,22 @@ int main(int argc, char **argv) {"
gitanim_history,5653b7d3/INSTALL.md,0,line_insert,0,1,0,85,0.0,0,0,"@@ -109,6 +109,7 @@ make install PREFIX=$HOME/.local"
gitanim_history,5653b7d3/LINE_REPLACE_FAILURE_REPORT.md,0,block_insert,0,209,0,7145,0.0,0,0,"@@ -0,0 +1,209 @@"
gitanim_history,5653b7d3/test_l1l2_layers.sh,0,block_insert,0,53,0,1635,0.0,0,0,"@@ -0,0 +1,53 @@"
gitanim_history,3a61e1c6/ad.c,0,block_insert,0,4,0,240,0.0,0,0,"@@ -89,6 +89,10 @@ static int current_hunk_target_line = 0;  /* target_line of the current hunk */"
gitanim_history,3a61e1c6/ad.c,1,block_replace,3,3,233,208,0.161,0,0,"@@ -1014,10 +1018,10 @@ int main(int argc, char **argv) {"
gitanim_history,3a61e1c6/ad.c,2,block_replace,2,2,69,75,0.0,0,0,"@@ -1027,14 +1031,14 @@ int main(int argc, char **argv) {"
gitanim_history,3a61e1c6/ad.c,3,block_replace,3,2,245,116,0.154,0,0,"@@ -1046,10 +1050,9 @@ int main(int argc, char **argv) {"
gitanim_history,3a61e1c6/ad.c,4,line_replace,1,1,28,31,0.0,0,0,"@@ -1069,7 +1072,7 @@ int main(int argc, char **argv) {"
gitanim_history,3a61e1c6/ad_layer_line_replace.c,0,block_replace,140,172,6496,6679,0.33,0,0,"@@ -1,169 +1,201 @@"
gitanim_history,3a61e1c6/ad_layer_line_replace.c,1,block_replace,5,5,406,384,0.274,0,0,"@@ -190,11 +222,11 @@ int main(int argc, char **argv) {"
gitanim_history,c8ca6910/ad_session.vim,0,block_insert,0,184,0,6011,0.0,0,0,"@@ -415,6 +415,190 @@ function! s:AdToggleAnnotate()"
gitanim_history,c8ca6910/ad_session.vim,1,block_insert,0,3,0,195,0.0,0,0,"@@ -434,6 +618,9 @@ function! s:AdHelp()"
gitanim_history,c8ca6910/ad_session.vim,2,block_insert,0,3,0,59,0.0,0,0,"@@ -447,6 +634,9 @@ if s:fold_hunks_start"
gitanim_history,51117aa1/ad.c,0,block_insert,0,64,0,2860,0.0,0,0,"@@ -1012,6 +1012,70 @@ int main(int argc, char **argv) {"
gitanim_history,51117aa1/ad_layer_common.h,0,line_expand,1,3,87,247,0.438,0,0,"@@ -57,10 +57,12 @@ static char **__argv = NULL;"
gitanim_history,51117aa1/ad_layer_common.h,1,line_insert,0,1,0,44,0.0,0,0,"@@ -95,6 +97,7 @@ static const char *ad_layer_char_repr(int code) {"
gitanim_history,51117aa1/ad_layer_common.h,2,block_insert,0,30,0,903,0.0,0,0,"@@ -108,6 +111,36 @@ static int ad_layer_parse_op(const char *line, Op *op) {"
gitanim_history,51117aa1/ad_layer_common.h,3,block_replace,2,12,115,526,0.478,0,0,"@@ -140,8 +173,18 @@ __attribute__((unused)) static int ad_layer_parse_tsv(char *line, char *toks[],"
gitanim_history,51117aa1/ad_layer_line_replace.c,0,block_insert,0,203,0,8457,0.0,0,0,"@@ -0,0 +1,203 @@"
gitanim_history,5934c204/ad_write_vimconfig.sh,0,line_insert,0,1,0,48,0.0,0,0,"@@ -124,6 +124,7 @@ ad_write_vimconfig() {"
gitanim_history,a259b743/DEVELOPING_A_LAYER.md,0,block_insert,0,525,0,15854,0.0,0,0,"@@ -0,0 +1,525 @@"
gitanim_history,a259b743/IMPROVEMENT_PROPOSALS.md,0,block_insert,0,722,0,29177,0.0,0,0,"@@ -0,0 +1,722 @@"
gitanim_history,a259b743/README.md,0,block_replace,6,38,345,1466,0.184,0,0,"@@ -4,20 +4,52 @@ Design documents, analysis, and historical proposals for the ad project."
gitanim_history,a259b743/100_IMPROVEMENTS.md,0,block_insert,0,956,0,68594,0.0,0,0,"@@ -0,0 +1,956 @@"
gitanim_history,a259b743/ADOPTION_GUIDE.md,0,block_insert,0,471,0,14725,0.0,0,0,"@@ -0,0 +1,471 @@"
gitanim_history,a259b743/ARCHITECTURE.md,0,block_insert,0,368,0,13579,0.0,0,0,"@@ -0,0 +1,368 @@"
gitanim_history,a259b743/ARCHITECTURE_ANALYSIS.md,0,block_insert,0,443,0,23158,0.0,0,0,"@@ -0,0 +1,443 @@"
gitanim_history,a259b743/CONFIGURATION.md,0,block_insert,0,391,0,11988,0.0,0,0,"@@ -0,0 +1,391 @@"
gitanim_history,a259b743/ENV_VAR_ANALYSIS.md,0,block_insert,0,453,0,17372,0.0,0,0,"@@ -0,0 +1,453 @@"
gitanim_history,a259b743/FOLLOW_IMPROVEMENTS.md,0,block_insert,0,231,0,9974,0.0,0,0,"@@ -0,0 +1,231 @@"
gitanim_history,a259b743/LEFT_TO_RIGHT_ANALYSIS.md,0,block_insert,0,152,0,5969,0.0,0,0,"@@ -0,0 +1,152 @@"
gitanim_history,a259b743/LEFT_TO_RIGHT_PROPOSED.md,0,block_insert,0,190,0,6148,0.0,0,0,"@@ -0,0 +1,190 @@"
gitanim_history,a259b743/PARALLEL_COMPUTE.md,0,block_insert,0,182,0,6409,0.0,0,0,"@@ -0,0 +1,182 @@"
gitanim_history,a259b743/PARSERS.md,0,block_insert,0,264,0,8569,0.0,0,0,"@@ -0,0 +1,264 @@"
gitanim_history,a259b743/POSTPROCESS_LAYERS.md,0,block_insert,0,150,0,5339,0.0,0,0,"@@ -0,0 +1,150 @@"
gitanim_history,a259b743/POSTPROCESS_OPTIONS.md,0,block_insert,0,98,0,3559,0.0,0,0,"@@ -0,0 +1,98 @@"
gitanim_history,a259b743/POSTPROCESS_PIPELINE.md,0,block_insert,0,119,0,4413,0.0,0,0,"@@ -0,0 +1,119 @@"
gitanim_history,a259b743/POST_PROCESSING.md,0,block_insert,0,109,0,4038,0.0,0,0,"@@ -0,0 +1,109 @@"
gitanim_history,a259b743/PP_LAYER_DELETE_LINE_FIRST.md,0,block_insert,0,83,0,2239,0.0,0,0,"@@ -0,0 +1,83 @@"
gitanim_history,a259b743/PP_LAYER_OVERWRITE.md,0,block_insert,0,104,0,3415,0.0,0,0,"@@ -0,0 +1,104 @@"
gitanim_history,a259b743/README.md,0,block_replace,4,96,212,3981,0.113,0,0,"@@ -1,16 +1,108 @@"
gitanim_history,a259b743/SUMMARY.md,0,line_expand,1,3,62,180,0.417,0,0,"@@ -30,5 +30,7 @@"
gitanim_history,a259b743/ad_layer_common.h,0,block_insert,0,4,0,127,0.0,0,0,"@@ -25,6 +25,10 @@"
gitanim_history,a259b743/ad_layer_common.h,1,block_insert,0,14,0,721,0.0,0,0,"@@ -224,6 +228,20 @@ __attribute__((unused)) static int ad_layer_run("
gitanim_history,a259b743/ad_layer_indent_last.c,0,line_expand,1,2,16,67,0.333,0,0,"@@ -89,6 +89,7 @@ static int layer_indent_last(Op *ops, int n_ops, Op *out, int out_cap, int *line"
gitanim_history,a259b743/ad_layer_line_delete_in_place.c,0,line_expand,1,2,16,67,0.333,0,0,"@@ -105,6 +105,7 @@ static int layer_line_delete_in_place(Op *ops, int n_ops, Op *out, int out_cap,"
gitanim_history,a259b743/ad_layer_overwrite.c,0,line_expand,1,2,16,67,0.333,0,0,"@@ -87,6 +87,7 @@ static int layer_overwrite(Op *ops, int n_ops, Op *out, int out_cap, int *line_o"
gitanim_history,a259b743/ad_layer_reorder.c,0,line_expand,1,2,16,67,0.333,0,0,"@@ -120,7 +120,8 @@ static int layer_reorder(Op *ops, int n_ops, Op *out, int out_cap, int *line_off"
gitanim_history,a259b743/ad_layer_skip_indent.c,0,line_insert,0,1,0,33,0.0,0,0,"@@ -111,6 +111,7 @@ static int layer_skip_indent(Op *ops, int n_ops, Op *out, int out_cap,"
gitanim_history,a259b743/audit_help.sh,0,block_insert,0,73,0,1772,0.0,0,0,"@@ -0,0 +1,73 @@"
gitanim_history,587e41dc/README.md,0,block_replace,3,4,192,283,0.164,0,0,"@@ -7,9 +7,10 @@ the ops to a buffer, rendering the animation to the terminal or vim."
gitanim_history,587e41dc/README.md,0,line_delete,1,0,80,0,0.0,0,0,"@@ -6,7 +6,6 @@ that animates a diff inside vim."
gitanim_history,587e41dc/README.md,1,line_delete,1,0,63,0,0.0,0,0,"@@ -14,7 +13,6 @@ that animates a diff inside vim."
gitanim_history,587e41dc/IMPLEMENTATION_AUDIT.md,0,block_insert,0,184,0,7229,0.0,0,0,"@@ -0,0 +1,184 @@"
gitanim_history,587e41dc/SUMMARY.md,0,block_replace,7,4,127,88,0.357,0,0,"@@ -16,14 +16,11 @@"
gitanim_history,587e41dc/SUMMARY.md,1,line_insert,0,1,0,59,0.0,0,0,"@@ -34,3 +31,4 @@"
gitanim_history,587e41dc/README.md,0,block_modify,3,3,188,201,0.692,0,0,"@@ -2,12 +2,12 @@"
gitanim_history,1d7ec950/ad_annotate.c,0,block_insert,0,5,0,279,0.0,0,0,"@@ -187,6 +187,11 @@ static void buffer_apply_delete(Buffer *buf, int line_1idx, int col_1idx, int co"
gitanim_history,1d7ec950/ad_annotate.c,1,block_insert,0,7,0,323,0.0,0,0,"@@ -239,9 +244,16 @@ static void buffer_apply_insert(Buffer *buf, int line_1idx, int col_1idx, int co"
gitanim_history,ecd46287/ad.c,0,block_insert,0,34,0,1857,0.0,0,0,"@@ -58,7 +58,41 @@ static int cursor_c = 0; /* 0-indexed — internal */"
gitanim_history,ecd46287/ad.c,1,block_replace,3,43,121,2344,0.096,0,0,"@@ -306,20 +340,60 @@ int char_to_byte(int l, int col) {"
gitanim_history,ecd46287/ad.c,2,line_insert,0,1,0,44,0.0,0,0,"@@ -603,6 +677,7 @@ int main(int argc, char **argv) {"
gitanim_history,ecd46287/ad.c,3,line_expand,1,8,53,473,0.071,0,0,"@@ -664,7 +739,14 @@ int main(int argc, char **argv) {"
gitanim_history,ecd46287/ad.c,4,block_replace,8,31,465,1975,0.137,0,0,"@@ -741,21 +823,44 @@ int main(int argc, char **argv) {"
gitanim_history,ecd46287/ad.c,5,block_insert,0,12,0,843,0.0,0,0,"@@ -769,11 +874,23 @@ int main(int argc, char **argv) {"
gitanim_history,ecd46287/ad.c,6,line_expand,1,14,43,873,0.068,0,0,"@@ -791,10 +908,23 @@ int main(int argc, char **argv) {"
gitanim_history,ecd46287/compute.cpp,0,block_replace,2,10,56,576,0.047,0,0,"@@ -805,8 +805,16 @@ int main(int argc, char** argv) {"
gitanim_history,ecd46287/ad_layer_common.h,0,line_expand,1,11,73,813,0.082,0,0,"@@ -232,13 +232,23 @@ __attribute__((unused)) static int ad_layer_run("
gitanim_history,f76971e0/README.md,0,block_replace,6,11,292,689,0.173,0,0,"@@ -12,14 +12,19 @@ files, prose. If you can diff it, you can animate it."
gitanim_history,f76971e0/README.md,1,block_replace,2,5,128,192,0.054,0,0,"@@ -33,8 +38,11 @@ make"
gitanim_history,f76971e0/README.md,2,block_move,35,54,1404,2179,0.123,0,0,"@@ -80,72 +88,91 @@ No layers run by default. Add them explicitly:"
gitanim_history,72ed8b9d/README.md,0,block_replace,24,114,1291,4594,0.223,0,0,"@@ -1,59 +1,149 @@"
gitanim_history,72ed8b9d/README.md,0,block_replace,60,17,2943,662,0.148,0,0,"@@ -1,75 +1,32 @@"
gitanim_history,72ed8b9d/README.md,0,block_replace,33,10,1455,562,0.274,0,0,"@@ -1,45 +1,22 @@"
gitanim_history,72ed8b9d/README.md,0,block_insert,0,11,0,258,0.0,0,0,"@@ -0,0 +1,11 @@"
gitanim_history,72ed8b9d/README.md,0,block_replace,26,16,1062,773,0.321,0,0,"@@ -1,34 +1,24 @@"
gitanim_history,72ed8b9d/API_REFERENCE.md,0,block_insert,0,273,0,7670,0.0,0,0,"@@ -0,0 +1,273 @@"
gitanim_history,72ed8b9d/BEST_PRACTICES_ANALYSIS.md,0,block_insert,0,676,0,34444,0.0,0,0,"@@ -0,0 +1,676 @@"
gitanim_history,72ed8b9d/CODE_ANALYSIS.md,0,block_insert,0,388,0,14910,0.0,0,0,"@@ -0,0 +1,388 @@"
gitanim_history,72ed8b9d/DESIGN_DOC_ANALYSIS.md,0,block_insert,0,395,0,27006,0.0,0,0,"@@ -0,0 +1,395 @@"
gitanim_history,72ed8b9d/ENV_VAR_ANALYSIS.md,0,block_insert,0,453,0,17372,0.0,0,0,"@@ -0,0 +1,453 @@"
gitanim_history,72ed8b9d/LAYERS_REFERENCE.md,0,block_insert,0,370,0,10395,0.0,0,0,"@@ -0,0 +1,370 @@"
gitanim_history,72ed8b9d/LAYERS_REVIEW.md,0,block_insert,0,780,0,22901,0.0,0,0,"@@ -0,0 +1,780 @@"
gitanim_history,72ed8b9d/LAYER_ANALYSIS_AND_DOC_REVIEW.md,0,block_insert,0,390,0,18892,0.0,0,0,"@@ -0,0 +1,390 @@"
gitanim_history,72ed8b9d/MANPAGE_OVERVIEW.md,0,block_insert,0,140,0,10368,0.0,0,0,"@@ -0,0 +1,140 @@"
gitanim_history,72ed8b9d/P3_ISSUES.md,0,block_insert,0,93,0,3842,0.0,0,0,"@@ -0,0 +1,93 @@"
gitanim_history,72ed8b9d/PERL_LAUNCHER_EXPLANATION.md,0,block_insert,0,55,0,2621,0.0,0,0,"@@ -0,0 +1,55 @@"
gitanim_history,72ed8b9d/README.md,0,block_insert,0,23,0,814,0.0,0,0,"@@ -0,0 +1,23 @@"
gitanim_history,72ed8b9d/REQUIREMENTS.md,0,block_insert,0,359,0,22321,0.0,0,0,"@@ -0,0 +1,359 @@"
gitanim_history,72ed8b9d/UNDO_REDO_ANALYSIS.md,0,block_insert,0,215,0,11016,0.0,0,0,"@@ -0,0 +1,215 @@"
gitanim_history,72ed8b9d/README.md,0,block_insert,0,16,0,616,0.0,0,0,"@@ -0,0 +1,16 @@"
gitanim_history,72ed8b9d/SUMMARY.md,0,block_replace,29,20,858,611,0.286,0,0,"@@ -1,45 +1,36 @@"
gitanim_history,72ed8b9d/architecture.md,0,literal_replace,1,1,77,72,0.818,0,0,"@@ -78,7 +78,7 @@ Diff Computation → Hunk Grouping → Char-level patience → Animate in Vim"
gitanim_history,72ed8b9d/architecture.md,1,word_replace,1,1,54,53,0.714,0,0,"@@ -93,7 +93,7 @@ Same architecture as ad_tmux but written in Perl with:"
gitanim_history,72ed8b9d/completion.md,0,typo_fix,1,1,70,69,0.846,0,0,"@@ -60,7 +60,7 @@ Phase B refactor — there's only one compute implementation now.)"
gitanim_history,72ed8b9d/compute.md,0,typo_fix,1,1,74,73,0.875,0,0,"@@ -5,7 +5,7 @@"
gitanim_history,72ed8b9d/compute.md,1,block_modify,2,2,52,57,0.571,0,0,"@@ -18,13 +18,13 @@ vimscript engine, but compiled to native code. It is 10-100x faster."
gitanim_history,72ed8b9d/compute.md,2,block_modify,4,4,455,466,0.87,0,0,"@@ -35,16 +35,16 @@ bin/ad_compute old.py new.py /tmp/diff.txt && \"
gitanim_history,72ed8b9d/compute.md,3,word_replace,1,1,44,43,0.778,0,0,"@@ -52,7 +52,7 @@ is present they pre-compute before launching vim, so the manual"
gitanim_history,72ed8b9d/compute.md,4,line_collapse,6,1,489,63,0.333,0,0,"@@ -84,15 +84,10 @@ produces the same op count as patience."
gitanim_history,72ed8b9d/compute.md,5,block_modify,4,4,259,256,0.812,0,0,"@@ -140,11 +135,11 @@ to see the compute time, then run ad_vim to see the animation startup."
gitanim_history,72ed8b9d/configuration.md,0,word_replace,1,1,84,90,0.5,0,0,"@@ -29,7 +29,7 @@ A system-wide defaults file can be installed at `/etc/ad/config` (see `packaging"
gitanim_history,72ed8b9d/configuration.md,1,line_collapse,2,1,181,87,0.278,0,0,"@@ -132,14 +132,13 @@ These convenience flags enable specific postprocess layers:"
gitanim_history,72ed8b9d/debugging.md,0,block_insert,0,121,0,3126,0.0,0,0,"@@ -0,0 +1,121 @@"
gitanim_history,72ed8b9d/examples.md,0,literal_replace,1,1,83,77,1.0,0,0,"@@ -5,7 +5,7 @@"
gitanim_history,72ed8b9d/examples.md,1,literal_replace,1,1,94,82,1.0,0,0,"@@ -13,7 +13,7 @@ directory:"
gitanim_history,72ed8b9d/examples.md,2,literal_replace,1,1,94,82,1.0,0,0,"@@ -22,7 +22,7 @@ A data processor module refactored with type hints, dataclasses, and"
gitanim_history,72ed8b9d/examples.md,3,literal_replace,1,1,96,84,1.0,0,0,"@@ -30,7 +30,7 @@ ad_vim tests/tests/examples/02_large_python/old.py tests/tests/examples/02_large"
gitanim_history,72ed8b9d/examples.md,4,literal_replace,1,1,94,82,1.0,0,0,"@@ -39,7 +39,7 @@ An init.d-style script improved with proper error handling, logging, and"
gitanim_history,72ed8b9d/examples.md,5,literal_replace,1,1,84,72,1.0,0,0,"@@ -48,7 +48,7 @@ A simple HTTP handler expanded with graceful shutdown, health checks,"
gitanim_history,72ed8b9d/examples.md,6,literal_replace,1,1,90,78,1.0,0,0,"@@ -57,7 +57,7 @@ A UserService class expanded with Map-based storage, update/delete methods,"
gitanim_history,72ed8b9d/examples.md,7,literal_replace,1,1,92,80,1.0,0,0,"@@ -65,7 +65,7 @@ ad_vim tests/tests/examples/06_typescript/old.ts tests/tests/examples/06_typescr"
gitanim_history,72ed8b9d/examples.md,8,block_modify,2,2,185,161,1.0,0,0,"@@ -74,8 +74,8 @@ Animate multiple file pairs in sequence:"
gitanim_history,72ed8b9d/examples.md,9,literal_replace,1,1,112,100,1.0,0,0,"@@ -101,7 +101,7 @@ ad_vim --replay src/main.py src/utils.py"
gitanim_history,72ed8b9d/introduction.md,0,typo_fix,1,1,69,68,0.857,0,0,"@@ -5,7 +5,7 @@"
gitanim_history,72ed8b9d/introduction.md,1,word_replace,1,1,84,84,0.75,0,0,"@@ -17,7 +17,7 @@ re-typed — surrounding text is never touched."
gitanim_history,72ed8b9d/introduction.md,2,typo_fix,1,1,67,66,0.8,0,0,"@@ -66,7 +66,7 @@ perl ad_vim.pl --dry-run old.py new.py"
gitanim_history,72ed8b9d/manpages.md,0,word_replace,1,1,69,67,0.778,0,0,"@@ -6,7 +6,7 @@"
gitanim_history,72ed8b9d/manpages.md,1,typo_fix,1,1,102,102,0.875,0,0,"@@ -14,7 +14,7 @@ from `man ad_vim`, `man ad_compute`, etc."
gitanim_history,72ed8b9d/manpages.md,2,typo_fix,1,1,68,67,0.818,0,0,"@@ -37,7 +37,7 @@ man ad_vim"
gitanim_history,72ed8b9d/options.md,0,block_modify,3,3,183,185,0.84,0,0,"@@ -67,17 +67,17 @@ Use pre-computed diff from FILE (see `compute/` directory)."
gitanim_history,72ed8b9d/options.md,1,block_delete,61,0,4841,0,0.0,0,0,"@@ -203,64 +203,3 @@ ad_vim --highlight hunk --dim-unchanged old.py new.py"
gitanim_history,72ed8b9d/plugin.md,0,block_modify,2,2,63,61,0.8,0,0,"@@ -36,10 +36,10 @@ use { 'nkh/gitanim', rtp = '.' }"
gitanim_history,72ed8b9d/plugin.md,1,block_modify,2,2,146,144,0.889,0,0,"@@ -48,9 +48,9 @@ let g:diffvim = {"
gitanim_history,72ed8b9d/plugin.md,2,typo_fix,1,1,53,52,0.8,0,0,"@@ -64,7 +64,7 @@ let g:diffvim = {"
gitanim_history,72ed8b9d/quick-start.md,0,block_modify,8,8,729,639,1.0,0,0,"@@ -36,29 +36,29 @@ The buffer is a normal vim buffer — you can `:w`, `:wq`, edit further, etc."
gitanim_history,72ed8b9d/testing.md,0,block_modify,2,2,209,185,1.0,0,0,"@@ -62,10 +62,10 @@ perl tests/test_integration.pl"
gitanim_history,72ed8b9d/README.md,0,block_replace,10,38,547,2319,0.211,0,0,"@@ -1,17 +1,45 @@"
gitanim_history,72ed8b9d/README.md,0,block_replace,5,24,301,722,0.14,0,0,"@@ -1,7 +1,26 @@"
gitanim_history,72ed8b9d/README.md,0,block_replace,18,34,866,2113,0.335,0,0,"@@ -1,24 +1,40 @@"
gitanim_history,72ed8b9d/README.md,0,block_insert,0,12,0,436,0.0,0,0,"@@ -0,0 +1,12 @@"
gitanim_history,72ed8b9d/README.md,0,block_insert,0,13,0,501,0.0,0,0,"@@ -0,0 +1,13 @@"
gitanim_history,9e8f04bf/INSTALL.md,0,block_insert,0,239,0,9691,0.0,0,0,"@@ -0,0 +1,239 @@"
gitanim_history,9e8f04bf/README.md,0,block_delete,5,0,160,0,0.0,0,0,"@@ -1,10 +1,5 @@"
gitanim_history,9e8f04bf/README.md,1,block_replace,175,18,8058,868,0.083,0,0,"@@ -12,201 +7,44 @@"
gitanim_history,9e8f04bf/README.md,2,block_delete,9,0,244,0,0.0,0,0,"@@ -214,19 +52,10 @@ cd docs && mdbook serve   # http://localhost:3000"
gitanim_history,f08aa234/ad_annotate.c,0,block_replace,3,21,132,1318,0.141,0,0,"@@ -321,9 +321,27 @@ static int is_passthrough(const char *line) {"
gitanim_history,374e14cd/ad_annotate.c,0,block_insert,0,528,0,18025,0.0,0,0,"@@ -0,0 +1,528 @@"
gitanim_history,9a9e31d0/ad_session.vim,0,line_insert,0,1,0,60,0.0,0,0,"@@ -24,6 +24,7 @@ let s:animator = exists('g:ad_animator') ? g:ad_animator : 'ad'"
gitanim_history,9a9e31d0/ad_session.vim,1,line_expand,1,8,89,277,0.5,0,0,"@@ -267,9 +268,16 @@ function! s:AdGen()"
gitanim_history,9a9e31d0/ad_session.vim,2,block_insert,0,18,0,523,0.0,0,0,"@@ -389,6 +397,24 @@ function! s:AdFoldKeeps()"
gitanim_history,9a9e31d0/ad_session.vim,3,line_insert,0,1,0,61,0.0,0,0,"@@ -407,6 +433,7 @@ function! s:AdHelp()"
gitanim_history,12c145fa/ad_session.vim,0,block_move,39,4,1287,99,0.141,0,0,"@@ -32,45 +32,10 @@ execute 'cd ' . s:session_dir"
gitanim_history,12c145fa/ad_session.vim,1,block_move,128,169,4661,6327,0.413,0,0,"@@ -79,202 +44,243 @@ only"
gitanim_history,12c145fa/ad_session.vim,2,block_move,64,19,1886,845,0.435,0,0,"@@ -282,102 +288,57 @@ function! s:ParseLayerFile(file)"
gitanim_history,12c145fa/ad_session.vim,3,line_delete,1,0,60,0,0.0,0,0,"@@ -389,7 +350,6 @@ function! s:AdFoldHunks()"
gitanim_history,12c145fa/ad_session.vim,4,block_replace,10,17,470,616,0.342,0,0,"@@ -399,32 +359,39 @@ function! s:AdFoldHunks()"
gitanim_history,12c145fa/ad_session.vim,5,literal_replace,1,1,51,42,0.857,0,0,"@@ -435,7 +402,7 @@ function! s:AdHelp()"
gitanim_history,12c145fa/ad_session.vim,6,word_replace,1,1,55,67,0.778,0,0,"@@ -444,7 +411,7 @@ function! s:AdHelp()"
gitanim_history,e9442ae0/ad_layer_groups.sh,0,block_replace,24,55,779,1809,0.272,0,0,"@@ -1,67 +1,98 @@"
gitanim_history,e9442ae0/ad_layer_groups.sh,1,line_delete,1,0,33,0,0.0,0,0,"@@ -80,4 +111,3 @@ ad_layers_to_args() {"
gitanim_history,e9442ae0/ad_session.vim,0,line_delete,1,0,77,0,0.0,0,0,"@@ -25,7 +25,6 @@ let s:gen_ops = exists('g:ad_gen_ops') ? g:ad_gen_ops : 'ad_gen_ops'"
gitanim_history,e9442ae0/ad_session.vim,1,literal_replace,1,1,68,53,0.857,0,0,"@@ -256,7 +255,7 @@ function! s:AdGen()"
gitanim_history,e9442ae0/ad_session.vim,2,block_replace,5,42,165,1192,0.314,0,0,"@@ -273,21 +272,58 @@ endfunction"
gitanim_history,e9442ae0/ad_session.vim,3,block_replace,3,7,113,143,0.4,0,0,"@@ -295,21 +331,25 @@ function! s:ParseLayerFile(file, group)"
gitanim_history,e9442ae0/ad_session.vim,4,word_replace,1,1,80,77,0.6,0,0,"@@ -403,7 +443,7 @@ function! s:AdHelp()"
gitanim_history,c5f7f99e/ad_layer_groups.sh,0,block_insert,0,83,0,2082,0.0,0,0,"@@ -0,0 +1,83 @@"
gitanim_history,c5f7f99e/ad_session.vim,0,block_insert,0,3,0,239,0.0,0,0,"@@ -21,8 +21,11 @@ let s:new_file = exists('g:ad_new_file') ? g:ad_new_file : 'new'"
gitanim_history,c5f7f99e/ad_session.vim,1,block_replace,2,61,112,1933,0.073,0,0,"@@ -250,12 +253,71 @@ function! s:AdGen()"
gitanim_history,c5f7f99e/ad_session.vim,2,line_expand,1,7,56,309,0.32,0,0,"@@ -332,12 +394,18 @@ function! s:AdHelp()"
gitanim_history,406b3ba9/AD_SESSION_REQUIREMENTS.md,0,block_insert,0,256,0,8160,0.0,0,0,"@@ -0,0 +1,256 @@"
gitanim_history,406b3ba9/ad_session.vim,0,block_insert,0,350,0,10567,0.0,0,0,"@@ -0,0 +1,350 @@"
gitanim_history,ce590728/ad.c,0,line_expand,1,2,46,148,0.312,0,0,"@@ -884,7 +884,8 @@ int main(int argc, char **argv) {"
gitanim_history,ce590728/ad.pl,0,literal_replace,1,1,30,47,0.8,0,0,"@@ -242,7 +242,7 @@ while (my $line = <STDIN>) {"
gitanim_history,ce590728/ad_layer_common.h,0,block_insert,0,5,0,134,0.0,0,0,"@@ -281,6 +281,11 @@ __attribute__((unused)) static int ad_layer_run("
gitanim_history,ce590728/ad_layer_highlight.pl,0,block_insert,0,3,0,34,0.0,0,0,"@@ -157,6 +157,9 @@ for my $line (@lines) {"
gitanim_history,ce590728/ad_layer_indent_last.pl,0,block_insert,0,2,0,28,0.0,0,0,"@@ -258,6 +258,8 @@ while (my $line = <STDIN>) {"
gitanim_history,ce590728/ad_layer_line_delete_in_place.pl,0,block_insert,0,2,0,28,0.0,0,0,"@@ -184,6 +184,8 @@ while (my $line = <STDIN>) {"
gitanim_history,ce590728/ad_layer_overwrite.pl,0,block_insert,0,2,0,28,0.0,0,0,"@@ -210,6 +210,8 @@ while (my $line = <STDIN>) {"
gitanim_history,ce590728/ad_layer_pace.pl,0,line_expand,1,2,16,58,0.3,0,0,"@@ -151,11 +151,12 @@ sub char_repr {"
gitanim_history,ce590728/ad_layer_reorder.pl,0,block_insert,0,2,0,28,0.0,0,0,"@@ -253,6 +253,8 @@ while (my $line = <STDIN>) {"
gitanim_history,6c6acf13/ad_layer_indent_last_v2.c,0,block_delete,80,0,3224,0,0.0,0,0,"@@ -1,80 +0,0 @@"
gitanim_history,6c6acf13/ad_layer_line_delete_in_place_v2.c,0,block_delete,79,0,2650,0,0.0,0,0,"@@ -1,79 +0,0 @@"
gitanim_history,6c6acf13/ad_layer_line_delete_in_place_v3.c,0,block_delete,212,0,8010,0,0.0,0,0,"@@ -1,212 +0,0 @@"
gitanim_history,6c6acf13/ad_layer_line_delete_in_place_v4.c,0,block_delete,124,0,4224,0,0.0,0,0,"@@ -1,124 +0,0 @@"
gitanim_history,6c6acf13/ad_layer_line_delete_in_place_v5.c,0,block_delete,79,0,2680,0,0.0,0,0,"@@ -1,79 +0,0 @@"
gitanim_history,6c6acf13/ad_layer_line_delete_in_place_v6.c,0,block_delete,272,0,10335,0,0.0,0,0,"@@ -1,272 +0,0 @@"
gitanim_history,6c6acf13/ad_layer_line_delete_in_place_v7.c,0,block_delete,129,0,4560,0,0.0,0,0,"@@ -1,129 +0,0 @@"
gitanim_history,6c6acf13/ad_layer_overwrite_v2.c,0,block_delete,60,0,2197,0,0.0,0,0,"@@ -1,60 +0,0 @@"
gitanim_history,6c6acf13/ad_layer_reorder_v2.c,0,block_delete,61,0,2489,0,0.0,0,0,"@@ -1,61 +0,0 @@"
gitanim_history,6c6acf13/ad_layer_reorder_v3.c,0,block_delete,130,0,5298,0,0.0,0,0,"@@ -1,130 +0,0 @@"
gitanim_history,443998df/ad_layer_common.h,0,block_insert,0,43,0,1624,0.0,0,0,"@@ -155,6 +155,49 @@ __attribute__((unused)) static int ad_layer_is_debug_op(Op *op) {"
gitanim_history,443998df/ad_layer_indent_last_v2.c,0,block_insert,0,80,0,3224,0.0,0,0,"@@ -0,0 +1,80 @@"
gitanim_history,443998df/ad_layer_line_delete_in_place_v2.c,0,block_insert,0,79,0,2650,0.0,0,0,"@@ -0,0 +1,79 @@"
gitanim_history,443998df/ad_layer_line_delete_in_place_v3.c,0,block_insert,0,212,0,8010,0.0,0,0,"@@ -0,0 +1,212 @@"
gitanim_history,443998df/ad_layer_line_delete_in_place_v4.c,0,block_insert,0,124,0,4224,0.0,0,0,"@@ -0,0 +1,124 @@"
gitanim_history,443998df/ad_layer_line_delete_in_place_v5.c,0,block_insert,0,79,0,2680,0.0,0,0,"@@ -0,0 +1,79 @@"
gitanim_history,443998df/ad_layer_line_delete_in_place_v6.c,0,block_insert,0,272,0,10335,0.0,0,0,"@@ -0,0 +1,272 @@"
gitanim_history,443998df/ad_layer_line_delete_in_place_v7.c,0,block_insert,0,129,0,4560,0.0,0,0,"@@ -0,0 +1,129 @@"
gitanim_history,443998df/ad_layer_overwrite_v2.c,0,block_insert,0,60,0,2197,0.0,0,0,"@@ -0,0 +1,60 @@"
gitanim_history,443998df/ad_layer_reorder_v2.c,0,block_insert,0,61,0,2489,0.0,0,0,"@@ -0,0 +1,61 @@"
gitanim_history,443998df/ad_layer_reorder_v3.c,0,block_insert,0,130,0,5298,0.0,0,0,"@@ -0,0 +1,130 @@"
gitanim_history,5fd80c0d/AD_WATCH_REQUIREMENTS.md,0,block_insert,0,59,0,1969,0.0,0,0,"@@ -412,3 +412,62 @@ ad_gen_ops old.py new.py \"
gitanim_history,5fd80c0d/ad_snapshot.sh,0,block_modify,9,15,375,715,0.583,0,0,"@@ -274,17 +274,23 @@ fi"
gitanim_history,5fd80c0d/ad_snapshot.sh,1,block_insert,0,2,0,83,0.0,0,0,"@@ -293,6 +299,8 @@ if [[ -n ""$HIGHLIGHT_BIN"" && -x ""$HIGHLIGHT_BIN"" ]]; then"
gitanim_history,5fd80c0d/format_tables.py,0,block_modify,5,16,257,684,0.658,0,0,"@@ -144,11 +144,22 @@ def process_file(filepath):"
gitanim_history,df9e39a0/AD_WATCH_REQUIREMENTS.md,0,block_insert,0,143,0,2495,0.0,0,0,"@@ -269,3 +269,146 @@ Where `display.sh` is the body of `ad_watch`'s `display` function."
gitanim_history,df9e39a0/ad_ops_syntax.vim,0,block_modify,47,74,1861,2878,0.619,0,0,"@@ -5,79 +5,106 @@"
gitanim_history,ee16d5e1/AD_WATCH_REQUIREMENTS.md,0,block_insert,0,271,0,7647,0.0,0,0,"@@ -0,0 +1,271 @@"
gitanim_history,ee16d5e1/ad_ops_syntax.vim,0,block_insert,0,83,0,3024,0.0,0,0,"@@ -0,0 +1,83 @@"
gitanim_history,5dc87463/LAYERS_REVIEW.md,0,block_insert,0,780,0,22901,0.0,0,0,"@@ -0,0 +1,780 @@"
gitanim_history,b76cdeae/LAYERS_REFERENCE.md,0,block_insert,0,370,0,10395,0.0,0,0,"@@ -0,0 +1,370 @@"
gitanim_history,b76cdeae/ad_snapshot.sh,0,line_collapse,4,1,261,68,0.174,0,0,"@@ -265,10 +265,7 @@ fi"
gitanim_history,b7e9e8ee/ad_layer_line_delete_in_place.c,0,line_collapse,11,1,521,46,0.143,0,0,"@@ -95,19 +95,9 @@ static int layer_line_delete_in_place(Op *ops, int n_ops, Op *out, int out_cap,"
gitanim_history,b7e9e8ee/ad_layer_reorder.c,0,block_replace,4,11,252,640,0.25,0,0,"@@ -60,20 +60,27 @@ static int layer_reorder(Op *ops, int n_ops, Op *out, int out_cap, int *line_off"
gitanim_history,b7e9e8ee/ad_layer_reorder.c,1,block_replace,4,11,265,547,0.382,0,0,"@@ -82,14 +89,21 @@ static int layer_reorder(Op *ops, int n_ops, Op *out, int out_cap, int *line_off"
gitanim_history,b7e9e8ee/ad_layer_line_delete_in_place.pl,0,block_delete,8,0,370,0,0.0,0,0,"@@ -121,15 +121,7 @@ sub transform_hunk {"
gitanim_history,b7e9e8ee/ad_layer_reorder.pl,0,block_replace,5,4,313,214,0.143,0,0,"@@ -142,16 +142,15 @@ sub transform_hunk {"
gitanim_history,b7e9e8ee/ad_layer_reorder.pl,1,block_replace,4,10,228,368,0.182,0,0,"@@ -160,14 +159,20 @@ sub transform_hunk {"
gitanim_history,db42a3d0/ad_layer_line_delete_in_place.c,0,line_collapse,2,1,124,52,0.5,0,0,"@@ -98,8 +98,7 @@ static int layer_line_delete_in_place(Op *ops, int n_ops, Op *out, int out_cap,"
gitanim_history,ca568439/ad_layer_line_delete_in_place.pl,0,line_collapse,2,1,117,58,0.389,0,0,"@@ -122,8 +122,7 @@ sub transform_hunk {"
gitanim_history,c3ee467b/ad.c,0,block_replace,9,5,446,244,0.161,0,0,"@@ -313,15 +313,11 @@ int char_to_byte(int l, int col) {"
gitanim_history,c3ee467b/ad_layer_line_delete_in_place.c,0,block_delete,42,0,1755,0,0.0,0,0,"@@ -95,48 +95,6 @@ static int layer_line_delete_in_place(Op *ops, int n_ops, Op *out, int out_cap,"
gitanim_history,c3ee467b/ad_layer_line_delete_in_place.pl,0,block_delete,38,0,1304,0,0.0,0,0,"@@ -120,44 +120,6 @@ sub transform_hunk {"
gitanim_history,926e5834/ad_layer_line_delete_in_place.c,0,block_replace,4,16,209,924,0.189,0,0,"@@ -62,10 +62,22 @@ static int layer_line_delete_in_place(Op *ops, int n_ops, Op *out, int out_cap,"
gitanim_history,926e5834/ad_layer_line_delete_in_place.c,1,line_expand,1,12,45,593,0.125,0,0,"@@ -125,9 +137,20 @@ static int layer_line_delete_in_place(Op *ops, int n_ops, Op *out, int out_cap,"
gitanim_history,926e5834/ad_layer_reorder.c,0,line_expand,1,4,58,262,0.182,0,0,"@@ -61,7 +61,10 @@ static int layer_reorder(Op *ops, int n_ops, Op *out, int out_cap, int *line_off"
gitanim_history,926e5834/ad_layer_reorder.c,1,block_replace,2,8,80,403,0.217,0,0,"@@ -80,8 +83,14 @@ static int layer_reorder(Op *ops, int n_ops, Op *out, int out_cap, int *line_off"
gitanim_history,926e5834/ad_layer_line_delete_in_place.pl,0,block_replace,2,13,88,700,0.114,0,0,"@@ -94,10 +94,21 @@ sub transform_hunk {"
gitanim_history,926e5834/ad_layer_line_delete_in_place.pl,1,line_expand,1,10,41,472,0.15,0,0,"@@ -147,8 +158,17 @@ sub transform_hunk {"
gitanim_history,926e5834/ad_layer_reorder.pl,0,line_expand,1,4,72,255,0.2,0,0,"@@ -143,7 +143,10 @@ sub transform_hunk {"
gitanim_history,926e5834/ad_layer_reorder.pl,1,block_replace,2,8,55,331,0.167,0,0,"@@ -158,8 +161,14 @@ sub transform_hunk {"
gitanim_history,110daf86/ad.c,0,block_replace,5,9,244,446,0.161,0,0,"@@ -313,11 +313,15 @@ int char_to_byte(int l, int col) {"
gitanim_history,110daf86/LINE_DELETE_IN_PLACE_PSEUDOCODE.md,0,block_insert,0,333,0,13739,0.0,0,0,"@@ -0,0 +1,333 @@"
gitanim_history,110daf86/configuration.md,0,block_modify,7,7,944,1035,0.907,0,0,"@@ -77,13 +77,13 @@ All options can be set via CLI flag OR via the config file. The CLI flag always"
gitanim_history,110daf86/plugin-layers.md,0,word_replace,1,1,71,127,0.5,0,0,"@@ -144,7 +144,7 @@ ad_vim --list-layers"
gitanim_history,110daf86/plugin-layers.md,1,line_expand,1,2,69,137,0.636,0,0,"@@ -201,7 +201,8 @@ The `--ad-layer=<name>` mechanism discovers the layer automatically."
gitanim_history,110daf86/ad_layer_line_delete_in_place.c,0,block_replace,61,114,3056,4703,0.326,0,0,"@@ -1,84 +1,137 @@"
gitanim_history,110daf86/ad_layer_overwrite.c,0,block_replace,15,9,929,419,0.157,0,0,"@@ -1,30 +1,24 @@"
gitanim_history,110daf86/ad_layer_overwrite.c,1,block_replace,12,25,501,957,0.419,0,0,"@@ -62,18 +56,31 @@ static int layer_overwrite(Op *ops, int n_ops, Op *out, int out_cap, int *line_o"
gitanim_history,110daf86/ad_layer_reorder.c,0,block_replace,19,22,1176,1112,0.252,0,0,"@@ -1,30 +1,33 @@"
gitanim_history,110daf86/ad_layer_reorder.c,1,block_modify,29,32,1741,1456,0.656,0,0,"@@ -32,51 +35,54 @@ static int layer_reorder(Op *ops, int n_ops, Op *out, int out_cap, int *line_off"
gitanim_history,110daf86/ad_layer_reorder.c,2,line_insert,0,1,0,0,1.0,0,0,"@@ -94,3 +100,4 @@ static int layer_reorder(Op *ops, int n_ops, Op *out, int out_cap, int *line_off"
gitanim_history,110daf86/ad_layer_line_delete_in_place.pl,0,block_replace,20,12,904,506,0.227,0,0,"@@ -1,25 +1,17 @@"
gitanim_history,110daf86/ad_layer_line_delete_in_place.pl,1,line_delete,1,0,56,0,0.0,0,0,"@@ -29,7 +21,6 @@ binmode(STDIN,  ':utf8');"
gitanim_history,110daf86/ad_layer_line_delete_in_place.pl,2,word_replace,1,1,37,53,0.571,0,0,"@@ -37,7 +28,7 @@ sub debug_log {"
gitanim_history,110daf86/ad_layer_line_delete_in_place.pl,3,block_replace,31,72,1315,2457,0.387,0,0,"@@ -77,46 +68,87 @@ sub write_op {"
gitanim_history,110daf86/ad_layer_line_delete_in_place.pl,4,block_delete,2,0,36,0,0.0,0,0,"@@ -135,8 +167,6 @@ my $hunk_count = 0;"
gitanim_history,110daf86/ad_layer_line_delete_in_place.pl,5,block_delete,2,0,57,0,0.0,0,0,"@@ -148,10 +178,8 @@ sub flush_hunk {"
gitanim_history,110daf86/ad_layer_line_delete_in_place.pl,6,word_replace,1,1,66,38,0.571,0,0,"@@ -192,6 +220,6 @@ while (my $line = <STDIN>) {"
gitanim_history,110daf86/ad_layer_overwrite.pl,0,block_replace,9,12,284,493,0.448,0,0,"@@ -126,21 +126,24 @@ sub transform_hunk {"
gitanim_history,110daf86/ad_layer_reorder.pl,0,block_replace,3,5,81,305,0.098,0,0,"@@ -99,18 +99,20 @@ sub transform_hunk {"
gitanim_history,110daf86/ad_layer_reorder.pl,1,block_replace,17,2,675,110,0.314,0,0,"@@ -128,26 +130,11 @@ sub transform_hunk {"
gitanim_history,110daf86/ad_layer_reorder.pl,2,block_replace,9,12,284,493,0.448,0,0,"@@ -155,21 +142,24 @@ sub transform_hunk {"
gitanim_history,110daf86/test_indent_last.pl,0,block_modify,2,2,285,367,0.933,0,0,"@@ -26,10 +26,10 @@ open($fh, '>', $new) or die; print $fh ""def foo():\n\ndef bar():\n    pass\n""; c"
gitanim_history,110daf86/test_line_delete_in_place.pl,0,block_replace,7,21,361,950,0.158,0,0,"@@ -1,12 +1,26 @@"
gitanim_history,110daf86/test_line_delete_in_place.pl,1,block_replace,80,234,3559,8354,0.272,0,0,"@@ -23,100 +37,254 @@ my @errors;"
gitanim_history,110daf86/test_line_delete_in_place_per_op.pl,0,block_insert,0,312,0,12288,0.0,0,0,"@@ -0,0 +1,312 @@"
gitanim_history,110daf86/ad_snapshot.sh,0,block_insert,0,24,0,683,0.0,0,0,"@@ -91,6 +91,30 @@ HELP"
gitanim_history,110daf86/ad_snapshot.sh,1,block_replace,7,10,554,858,0.241,0,0,"@@ -127,13 +151,16 @@ while [[ $# -gt 0 ]]; do"
gitanim_history,110daf86/ad_snapshot.sh,2,word_replace,1,1,106,98,0.692,0,0,"@@ -230,7 +257,7 @@ RAW=""$OUTDIR/raw.txt""; POST=""$OUTDIR/post.txt""; DECORATED=""$OUTDIR/decorated.txt"
gitanim_history,110daf86/ad_snapshot.sh,3,block_replace,2,5,139,370,0.385,0,0,"@@ -238,8 +265,11 @@ fi"
gitanim_history,110daf86/ad_snapshot.sh,4,word_replace,1,1,103,89,0.667,0,0,"@@ -248,7 +278,7 @@ post_ops=$(grep -cv ""^#\|^$"" ""$POST"" 2>/dev/null || echo 0)"
gitanim_history,110daf86/ad_snapshot.sh,5,block_modify,2,2,174,169,0.533,0,0,"@@ -257,8 +287,8 @@ timed_ops=$(grep -cv ""^#\|^$"" ""$TIMED"" 2>/dev/null || echo 0)"
gitanim_history,110daf86/ad_snapshot.sh,6,word_replace,1,1,64,65,0.5,0,0,"@@ -291,7 +321,7 @@ echo """" >&2"
gitanim_history,110daf86/ad_route.sh,0,word_replace,1,1,78,43,0.625,0,0,"@@ -26,7 +26,7 @@ ad_route_option() {"
gitanim_history,110daf86/ad_route.sh,1,block_delete,6,0,168,0,0.0,0,0,"@@ -67,12 +67,6 @@ ad_route_option() {"
gitanim_history,06546950/ad_layer_line_delete_in_place.c,0,block_replace,32,43,1932,2242,0.488,0,0,"@@ -4,62 +4,73 @@"
gitanim_history,06546950/ad_layer_line_delete_in_place.pl,0,block_replace,17,16,809,812,0.48,0,0,"@@ -83,35 +83,34 @@ sub transform_hunk {"
gitanim_history,fb707eee/ad_write_vimconfig.sh,0,block_modify,3,3,137,146,0.714,0,0,"@@ -22,17 +22,17 @@ ad_write_vimconfig() {"
gitanim_history,fb707eee/ad_write_vimconfig.sh,1,line_delete,1,0,49,0,0.0,0,0,"@@ -121,7 +121,6 @@ ad_write_vimconfig() {"
gitanim_history,fb707eee/run_vim_correctness_fast.pl,0,word_replace,1,1,45,51,0.6,0,0,"@@ -16,7 +16,7 @@ my $engine_test = ""/tmp/dv_engine_test.vim"";"
gitanim_history,fb707eee/test_vim_roundtrip.pl,0,literal_replace,1,1,70,79,0.818,0,0,"@@ -40,7 +40,7 @@ sub ok {"
gitanim_history,fb707eee/test_vimscript_animator.sh,0,word_replace,1,1,66,74,0.692,0,0,"@@ -68,7 +68,7 @@ fi"
gitanim_history,fb707eee/test_vimscript_animator.sh,1,block_replace,32,11,1091,735,0.309,0,0,"@@ -81,43 +81,22 @@ perl -e '"
gitanim_history,fb707eee/test_vimscript_animator.sh,2,literal_replace,1,1,64,70,0.833,0,0,"@@ -127,7 +106,7 @@ total=0"
gitanim_history,fb707eee/test_vimscript_animator.sh,3,line_expand,1,2,41,72,0.333,0,0,"@@ -159,10 +138,11 @@ for d in ""${examples[@]}""; do"
gitanim_history,fb707eee/verify_md5.pl,0,word_replace,1,1,63,69,0.7,0,0,"@@ -32,7 +32,7 @@ mkdir $outdir unless -d $outdir;"
gitanim_history,fb707eee/verify_md5_parallel.pl,0,word_replace,1,1,45,51,0.6,0,0,"@@ -20,7 +20,7 @@ my $engine_simple   = ""/tmp/dv_eng_simple.vim"";   # test_vim_correctness.pl styl"
gitanim_history,fb707eee/verify_md5_parallel.pl,1,word_replace,1,1,45,51,0.6,0,0,"@@ -103,7 +103,7 @@ VIM"
gitanim_history,0cadd568/100_IMPROVEMENTS.md,0,word_replace,1,1,55,54,0.714,0,0,"@@ -1,4 +1,4 @@"
gitanim_history,0cadd568/100_IMPROVEMENTS.md,1,literal_replace,1,1,110,121,0.929,0,0,"@@ -49,7 +49,7 @@ Reorder ops within line groups / hunks for a more natural visual flow."
gitanim_history,0cadd568/100_IMPROVEMENTS.md,2,block_modify,2,2,432,454,0.98,0,0,"@@ -105,8 +105,8 @@ Reorder ops within line groups / hunks for a more natural visual flow."
gitanim_history,0cadd568/100_IMPROVEMENTS.md,3,word_replace,1,1,132,136,0.75,0,0,"@@ -771,7 +771,7 @@ Keyboard, reduced motion, pause points — for diverse viewers."
gitanim_history,0cadd568/100_IMPROVEMENTS.md,4,word_replace,1,1,68,76,0.556,0,0,"@@ -924,7 +924,7 @@ Cutting-edge ideas — higher risk, higher reward."
gitanim_history,0cadd568/100_IMPROVEMENTS.md,5,literal_replace,1,1,188,194,0.9,0,0,"@@ -950,7 +950,7 @@ These improvements draw on:"
gitanim_history,0cadd568/ADOPTION_GUIDE.md,0,typo_fix,1,1,56,55,0.833,0,0,"@@ -1,7 +1,7 @@"
gitanim_history,0cadd568/ADOPTION_GUIDE.md,1,literal_replace,1,1,73,84,0.9,0,0,"@@ -58,7 +58,7 @@ ad_vim --preset ai-code old.py new.py"
gitanim_history,0cadd568/ADOPTION_GUIDE.md,2,block_modify,2,2,57,55,0.75,0,0,"@@ -69,12 +69,12 @@ each option does."
gitanim_history,0cadd568/ADOPTION_GUIDE.md,3,block_modify,2,2,104,102,0.882,0,0,"@@ -93,10 +93,10 @@ make -C compute"
gitanim_history,0cadd568/ADOPTION_GUIDE.md,4,typo_fix,1,1,42,41,0.857,0,0,"@@ -111,7 +111,7 @@ forgotten. ad_vim ships with several integration points — use them."
gitanim_history,0cadd568/ADOPTION_GUIDE.md,5,block_modify,2,2,61,59,0.714,0,0,"@@ -153,8 +153,8 @@ marker, and the result — a kind of ""diff storyboard"" that's perfect for"
gitanim_history,0cadd568/ADOPTION_GUIDE.md,6,word_replace,1,1,50,49,0.6,0,0,"@@ -174,7 +174,7 @@ jobs:"
gitanim_history,0cadd568/ADOPTION_GUIDE.md,7,block_modify,4,4,148,154,0.579,0,0,"@@ -227,15 +227,15 @@ ad_vim --log-mode 2 --log-file - old.py new.py | \"
gitanim_history,0cadd568/ADOPTION_GUIDE.md,8,word_replace,1,1,42,40,0.5,0,0,"@@ -243,7 +243,7 @@ Developers source it once:"
gitanim_history,0cadd568/ADOPTION_GUIDE.md,9,typo_fix,1,1,42,41,0.857,0,0,"@@ -254,7 +254,7 @@ Check in a `.vimrc.local` snippet that team members can `source`:"
gitanim_history,0cadd568/ADOPTION_GUIDE.md,10,typo_fix,1,1,68,67,0.846,0,0,"@@ -267,7 +267,7 @@ nnoremap <leader>p :DiffvimPick<CR>"
gitanim_history,0cadd568/ADOPTION_GUIDE.md,11,typo_fix,1,1,54,53,0.857,0,0,"@@ -308,7 +308,7 @@ Walk around and help anyone whose animation didn't start."
gitanim_history,0cadd568/ADOPTION_GUIDE.md,12,block_modify,2,2,200,198,0.947,0,0,"@@ -333,8 +333,8 @@ You can't improve what you don't measure. Track:"
gitanim_history,0cadd568/ADOPTION_GUIDE.md,13,literal_replace,1,1,68,79,0.9,0,0,"@@ -381,7 +381,7 @@ hunks."
gitanim_history,0cadd568/ADOPTION_GUIDE.md,14,word_replace,1,1,46,45,0.75,0,0,"@@ -410,7 +410,7 @@ Week 3 — Compute tools and large files"
gitanim_history,0cadd568/ADOPTION_GUIDE.md,15,typo_fix,1,1,70,69,0.833,0,0,"@@ -422,7 +422,7 @@ When every box is checked, ad_vim is part of your team's DNA."
gitanim_history,0cadd568/AI_CODE_DIFFING.md,0,typo_fix,1,1,62,61,0.889,0,0,"@@ -236,7 +236,7 @@ to find things that can be done WITHOUT real-time AI calls."
gitanim_history,0cadd568/AI_CODE_DIFFING.md,1,block_modify,2,2,99,97,0.857,0,0,"@@ -334,13 +334,13 @@ without any API calls."
gitanim_history,0cadd568/ANIMATOR_REQUIREMENTS.md,0,line_replace,1,1,79,75,0.0,0,0,"@@ -89,7 +89,7 @@ controls. It can:"
gitanim_history,0cadd568/ANIMATOR_REQUIREMENTS.md,1,block_modify,4,4,237,292,0.95,0,0,"@@ -122,13 +122,13 @@ old.py + new.py"
gitanim_history,0cadd568/ANIMATOR_REQUIREMENTS.md,2,block_modify,2,2,76,98,0.857,0,0,"@@ -220,8 +220,8 @@ beforehand and produces a timed op stream. This means:"
gitanim_history,0cadd568/ANIMATOR_REQUIREMENTS.md,3,block_modify,5,5,231,286,0.957,0,0,"@@ -492,17 +492,17 @@ buffer at startup."
gitanim_history,0cadd568/ANIMATOR_REQUIREMENTS.md,4,block_modify,2,2,124,157,0.929,0,0,"@@ -605,14 +605,14 @@ op stream."
gitanim_history,0cadd568/ANIMATOR_REQUIREMENTS.md,5,block_modify,3,3,117,150,0.938,0,0,"@@ -654,9 +654,9 @@ Other:"
gitanim_history,0cadd568/ANIMATOR_REQUIREMENTS.md,6,block_modify,2,2,115,113,0.867,0,0,"@@ -795,14 +795,14 @@ ad/"
gitanim_history,0cadd568/ARCHITECTURE.md,0,word_replace,1,1,63,62,0.778,0,0,"@@ -1,6 +1,6 @@"
gitanim_history,0cadd568/ARCHITECTURE.md,1,word_replace,1,1,49,48,0.6,0,0,"@@ -39,7 +39,7 @@ lives**."
gitanim_history,0cadd568/ARCHITECTURE.md,2,typo_fix,1,1,81,80,0.8,0,0,"@@ -338,7 +338,7 @@ Returns:"
gitanim_history,0cadd568/ARCHITECTURE.md,3,typo_fix,1,1,65,64,0.833,0,0,"@@ -356,7 +356,7 @@ Returns:"
gitanim_history,0cadd568/ARCHITECTURE_ANALYSIS.md,0,typo_fix,1,1,175,173,0.905,0,0,"@@ -10,7 +10,7 @@ This document analyses the seven architecture questions you raised. For each, I"
gitanim_history,0cadd568/ARCHITECTURE_ANALYSIS.md,1,typo_fix,1,1,59,58,0.8,0,0,"@@ -22,7 +22,7 @@ The bash launcher already calls `ad_compute` when available (Phase B), so **the"
gitanim_history,0cadd568/ARCHITECTURE_ANALYSIS.md,2,typo_fix,1,1,107,106,0.867,0,0,"@@ -59,7 +59,7 @@ Change the test to initialize the dict first:"
gitanim_history,0cadd568/ARCHITECTURE_ANALYSIS.md,3,block_modify,3,3,111,144,0.938,0,0,"@@ -82,9 +82,9 @@ But once we do item #1 above (move postprocess+pace out of vim), the vimscript e"
gitanim_history,0cadd568/ARCHITECTURE_ANALYSIS.md,4,block_modify,2,2,369,413,0.978,0,0,"@@ -100,8 +100,8 @@ Each is a transformation pass over the op stream. They run sequentially inside o"
gitanim_history,0cadd568/ARCHITECTURE_ANALYSIS.md,5,typo_fix,1,1,81,80,0.818,0,0,"@@ -135,7 +135,7 @@ Patience uses unique-line anchors to sub-divide; LCS doesn't. So Patience produc"
gitanim_history,0cadd568/ARCHITECTURE_ANALYSIS.md,6,literal_replace,1,1,327,338,0.977,0,0,"@@ -237,7 +237,7 @@ No temp files. Animator starts rendering as soon as the first hunk is ready. On"
gitanim_history,0cadd568/ARCHITECTURE_ANALYSIS.md,7,typo_fix,1,1,119,118,0.895,0,0,"@@ -405,7 +405,7 @@ The picker shows commits that touched the current file, with a `git show --stat"
gitanim_history,0cadd568/ARCHITECTURE_ANALYSIS.md,8,typo_fix,1,1,177,176,0.926,0,0,"@@ -416,7 +416,7 @@ The picker shows commits that touched the current file, with a `git show --stat"
gitanim_history,0cadd568/ARCHITECTURE_ANALYSIS.md,9,typo_fix,1,1,101,100,0.895,0,0,"@@ -432,7 +432,7 @@ The picker shows commits that touched the current file, with a `git show --stat"
gitanim_history,0cadd568/BINARY_FORMAT_ANALYSIS.md,0,typo_fix,1,1,64,63,0.818,0,0,"@@ -3,7 +3,7 @@"
gitanim_history,0cadd568/BINARY_FORMAT_ANALYSIS.md,1,word_replace,1,1,37,41,0.429,0,0,"@@ -157,7 +157,7 @@ For small files, the overhead is negligible."
gitanim_history,0cadd568/COMPLETE_OPTIONS_REFERENCE.md,0,block_modify,10,10,354,464,0.95,0,0,"@@ -250,30 +250,30 @@ ad_vim --distance-speed adaptive --distance-slow-mult 0.3 old.py new.py"
gitanim_history,0cadd568/COMPLETE_OPTIONS_REFERENCE.md,1,block_modify,2,2,176,198,0.952,0,0,"@@ -492,9 +492,9 @@ ad_vim --preset fast old.py new.py"
gitanim_history,0cadd568/COMPLETE_OPTIONS_REFERENCE.md,2,literal_replace,1,1,106,117,0.941,0,0,"@@ -521,7 +521,7 @@ During animation in vim normal mode:"
gitanim_history,0cadd568/COMPLETE_OPTIONS_REFERENCE.md,3,literal_replace,1,1,49,60,0.875,0,0,"@@ -564,7 +564,7 @@ ad_vim --cursor-glide-ms 300 --distance-speed adaptive --distance-threshold 10 -"
gitanim_history,0cadd568/CONFIGURATION.md,0,typo_fix,1,1,67,66,0.8,0,0,"@@ -1,6 +1,6 @@"
gitanim_history,0cadd568/CONFIGURATION.md,1,block_modify,6,6,511,535,0.659,0,0,"@@ -22,12 +22,12 @@ variables. These control the animation speed and feel."
gitanim_history,0cadd568/CONFIGURATION.md,2,typo_fix,1,1,53,52,0.889,0,0,"@@ -39,7 +39,7 @@ advances the animation. At 16ms, this is approximately 60fps."
gitanim_history,0cadd568/CONFIGURATION.md,3,line_replace,1,1,47,51,0.2,0,0,"@@ -91,7 +91,7 @@ The pause between finishing one hunk and starting the next. This"
gitanim_history,0cadd568/CONFIGURATION.md,4,block_modify,6,6,325,349,0.5,0,0,"@@ -99,34 +99,34 @@ one shot followed by this single delay. Lower values make tail-of-line"
gitanim_history,0cadd568/CONFIGURATION.md,5,block_modify,2,2,112,110,0.909,0,0,"@@ -134,9 +134,9 @@ Set to `1` to highlight every single-char change."
gitanim_history,0cadd568/CONFIGURATION.md,6,word_replace,1,1,56,54,0.75,0,0,"@@ -227,7 +227,7 @@ leaves the buffer modified so `:q!` is required to quit. See"
gitanim_history,0cadd568/CONFIGURATION.md,7,word_replace,1,1,56,55,0.75,0,0,"@@ -279,7 +279,7 @@ All implementations launch vim with these flags:"
gitanim_history,0cadd568/CONFIGURATION.md,8,typo_fix,1,1,69,68,0.833,0,0,"@@ -332,7 +332,7 @@ To see what vim is displaying during the animation:"
gitanim_history,0cadd568/CONFIGURATION.md,9,word_replace,1,1,48,47,0.778,0,0,"@@ -344,7 +344,7 @@ The vimscript engine is written to a temp file. To inspect it:"
gitanim_history,0cadd568/CONTROLS.md,0,word_replace,1,1,83,82,0.6,0,0,"@@ -12,7 +12,7 @@ This document describes all user controls available during the animation."
gitanim_history,0cadd568/CONTROLS.md,1,typo_fix,1,1,70,69,0.8,0,0,"@@ -34,7 +34,7 @@ Toggles the animation between paused and running states."
gitanim_history,0cadd568/CONTROLS.md,2,word_replace,1,1,63,62,0.778,0,0,"@@ -90,7 +90,7 @@ then restarts the current hunk's animation from the beginning."
gitanim_history,0cadd568/CONTROLS.md,3,typo_fix,1,1,68,67,0.8,0,0,"@@ -112,7 +112,7 @@ Stops the animation and leaves the buffer in its current state."
gitanim_history,0cadd568/CONTROLS.md,4,word_replace,1,1,68,72,0.636,0,0,"@@ -121,7 +121,7 @@ Stops the animation and leaves the buffer in its current state."
gitanim_history,0cadd568/CONTROLS.md,5,typo_fix,1,1,66,65,0.833,0,0,"@@ -133,7 +133,7 @@ ad_vim --keep-dirty old.py new.py"
gitanim_history,0cadd568/CONTROLS.md,6,word_replace,1,1,35,34,0.6,0,0,"@@ -145,7 +145,7 @@ ad_vim --keep-dirty old.py new.py"
gitanim_history,0cadd568/CONTROLS.md,7,word_replace,1,1,25,24,0.333,0,0,"@@ -196,7 +196,7 @@ If you press `b` at the first hunk:"
gitanim_history,0cadd568/CONTROLS.md,8,block_modify,2,2,96,94,0.833,0,0,"@@ -259,10 +259,10 @@ for my $cmd (split //, $buf) {"
gitanim_history,0cadd568/DEBUGGING.md,0,word_replace,1,1,21,20,0.6,0,0,"@@ -56,7 +56,7 @@ Produces raw char-level ops from the diff between old and new files."
gitanim_history,0cadd568/DEBUGGING.md,1,typo_fix,1,1,109,108,0.857,0,0,"@@ -73,7 +73,7 @@ HUNK_END"
gitanim_history,0cadd568/DEBUGGING.md,2,block_modify,2,2,103,124,0.786,0,0,"@@ -84,12 +84,12 @@ Reads raw ops, reorders them, computes per-op (line, col) positions."
gitanim_history,0cadd568/DEBUGGING.md,3,word_replace,1,1,22,21,0.6,0,0,"@@ -121,7 +121,7 @@ modify, reorder, or add ops.** Only inserts `delay` lines."
gitanim_history,0cadd568/DEBUGGING.md,4,word_replace,1,1,33,32,0.667,0,0,"@@ -188,7 +188,7 @@ OLD: old"
gitanim_history,0cadd568/DEBUGGING.md,5,typo_fix,1,1,66,65,0.833,0,0,"@@ -386,5 +386,5 @@ cc -O2 -o bin/ad_postprocess animator/c/postprocess.c"
gitanim_history,0cadd568/DEBUGGING_LAYERS.md,0,word_replace,1,1,48,54,0.6,0,0,"@@ -21,7 +21,7 @@ The bash orchestrator (`bin/ad_postprocess`) chains them."
gitanim_history,0cadd568/DESIGN_smooth_cursor_and_distance_speed.md,0,block_modify,2,2,149,156,0.5,0,0,"@@ -71,8 +71,8 @@ line. If so, insert glide frames before processing the next op."
gitanim_history,0cadd568/DESIGN_smooth_cursor_and_distance_speed.md,1,block_modify,2,2,116,119,0.6,0,0,"@@ -140,8 +140,8 @@ them."
gitanim_history,0cadd568/DEVELOPER_GUIDE.md,0,typo_fix,1,1,68,67,0.8,0,0,"@@ -1,7 +1,7 @@"
gitanim_history,0cadd568/DEVELOPER_GUIDE.md,1,typo_fix,1,1,65,64,0.857,0,0,"@@ -14,7 +14,7 @@ layout, development workflow, and how to extend the project."
gitanim_history,0cadd568/DEVELOPER_GUIDE.md,2,block_modify,2,2,143,141,0.889,0,0,"@@ -29,14 +29,14 @@ layout, development workflow, and how to extend the project."
gitanim_history,0cadd568/DEVELOPER_GUIDE.md,3,block_modify,2,2,141,139,0.8,0,0,"@@ -113,9 +113,9 @@ gitanim/"
gitanim_history,0cadd568/DEVELOPER_GUIDE.md,4,word_replace,1,1,53,52,0.667,0,0,"@@ -129,7 +129,7 @@ gitanim/"
gitanim_history,0cadd568/DEVELOPER_GUIDE.md,5,word_replace,1,1,29,28,0.6,0,0,"@@ -188,7 +188,7 @@ ad_compute old.py new.py raw_ops.txt"
gitanim_history,0cadd568/DEVELOPER_GUIDE.md,6,word_replace,1,1,40,39,0.667,0,0,"@@ -242,7 +242,7 @@ Delay types: `type`, `keep`, `delete`, `hunk_pause`, `rapid_eol`,"
gitanim_history,0cadd568/DEVELOPER_GUIDE.md,7,block_modify,3,3,112,119,0.6,0,0,"@@ -287,14 +287,14 @@ Key points:"
gitanim_history,0cadd568/DEVELOPER_GUIDE.md,8,word_replace,1,1,62,61,0.778,0,0,"@@ -445,7 +445,7 @@ ad_vim auto-detects language from file extension. To add a new one:"
gitanim_history,0cadd568/DEVELOPER_GUIDE.md,9,block_modify,2,2,139,137,0.846,0,0,"@@ -627,8 +627,8 @@ ignore this value — they process hunks as they arrive."
gitanim_history,0cadd568/DIFF_STUDY.md,0,literal_replace,1,1,76,98,0.889,0,0,"@@ -13,7 +13,7 @@ cognitive load theory to propose evaluation criteria."
gitanim_history,0cadd568/DIFF_STUDY.md,1,block_modify,2,2,165,187,0.857,0,0,"@@ -99,9 +99,9 @@ Output:"
gitanim_history,0cadd568/DIFF_STUDY.md,2,literal_replace,1,1,67,78,0.857,0,0,"@@ -111,7 +111,7 @@ produces the same op count as patience.)"
gitanim_history,0cadd568/DIFF_STUDY.md,3,literal_replace,1,1,96,107,0.917,0,0,"@@ -131,7 +131,7 @@ produces the same op count as patience.)"
gitanim_history,0cadd568/DIFF_STUDY.md,4,literal_replace,1,1,96,107,0.917,0,0,"@@ -150,7 +150,7 @@ produces the same op count as patience.)"
gitanim_history,0cadd568/DIFF_TOOL_REPLACEMENT.md,0,word_replace,1,1,23,22,0.6,0,0,"@@ -37,7 +37,7 @@ insert <char_code>"
gitanim_history,0cadd568/DIFF_TOOL_REPLACEMENT.md,1,typo_fix,1,1,68,67,0.833,0,0,"@@ -52,7 +52,7 @@ insert <char_code>"
gitanim_history,0cadd568/FOLLOW_IMPROVEMENTS.md,0,word_replace,1,1,57,56,0.75,0,0,"@@ -7,7 +7,7 @@ what's coming next, and where should I look?"""
gitanim_history,0cadd568/FORMATS.md,0,word_replace,1,1,21,20,0.6,0,0,"@@ -7,7 +7,7 @@ All intermediary files in the ad_vim pipeline use **TSV (tab-separated values)**"
gitanim_history,0cadd568/FORMATS.md,1,word_replace,1,1,27,26,0.6,0,0,"@@ -61,7 +61,7 @@ HUNK_END"
gitanim_history,0cadd568/FORMATS.md,2,word_replace,1,1,22,21,0.6,0,0,"@@ -85,7 +85,7 @@ HUNK_END"
gitanim_history,0cadd568/GITLOGUE_ANALYSIS.md,0,typo_fix,1,1,70,69,0.846,0,0,"@@ -3,7 +3,7 @@"
gitanim_history,0cadd568/GITLOGUE_ANALYSIS.md,1,word_replace,1,1,54,53,0.778,0,0,"@@ -106,7 +106,7 @@ gitlogue supports per-file speed rules via glob patterns:"
gitanim_history,0cadd568/NEW_FEATURES.md,0,line_replace,1,1,81,89,0.25,0,0,"@@ -26,7 +26,7 @@ ad_vim --cursor-glide-ms 300 old.py new.py"
gitanim_history,0cadd568/NEW_FEATURES.md,1,block_replace,2,2,128,144,0.167,0,0,"@@ -50,8 +50,8 @@ affected — insert delays and keep delays are unchanged."
gitanim_history,0cadd568/NEW_FEATURES.md,2,block_replace,2,2,99,111,0.273,0,0,"@@ -94,8 +94,8 @@ Different from `instant` (which just deletes with no highlight/pause)."
gitanim_history,0cadd568/NEW_FEATURES.md,3,word_replace,1,1,29,33,0.4,0,0,"@@ -130,7 +130,7 @@ Controls how the viewport scrolls to follow the cursor:"
gitanim_history,0cadd568/NEW_FEATURES.md,4,block_modify,3,3,184,216,0.864,0,0,"@@ -154,11 +154,11 @@ ad_pipeline --animator-colormap-old old.colormap --animator-colormap-new new.col"
gitanim_history,0cadd568/NON_CHAR_OPTIONS.md,0,literal_replace,1,1,90,101,0.923,0,0,"@@ -22,7 +22,7 @@ batched, or non-character-based."
gitanim_history,0cadd568/NON_CHAR_OPTIONS.md,1,literal_replace,1,1,52,63,0.833,0,0,"@@ -194,7 +194,7 @@ deletes first, then all inserts)."
gitanim_history,0cadd568/NON_CHAR_OPTIONS.md,2,literal_replace,1,1,71,82,0.909,0,0,"@@ -245,7 +245,7 @@ For the best viewer experience, combine options:"
gitanim_history,0cadd568/NON_CHAR_OPTIONS.md,3,literal_replace,1,1,75,86,0.909,0,0,"@@ -254,7 +254,7 @@ ad_vim --max-hunk-chars 500 --accel-delete --speed 2 old.py new.py"
gitanim_history,0cadd568/OPTIONS_ANALYSIS.md,0,block_modify,3,3,211,244,0.95,0,0,"@@ -66,13 +66,13 @@ lines. This is confusing."
gitanim_history,0cadd568/OPTIONS_ANALYSIS.md,1,word_replace,1,1,65,69,0.75,0,0,"@@ -217,7 +217,7 @@ hardcoded to 3 lines. It should be configurable."
gitanim_history,0cadd568/OPTIONS_ANALYSIS.md,2,word_replace,1,1,72,76,0.75,0,0,"@@ -232,7 +232,7 @@ It should be configurable."
gitanim_history,0cadd568/OPTIONS_OVERVIEW.md,0,literal_replace,1,1,63,74,0.857,0,0,"@@ -56,7 +56,7 @@ op count as Patience.)"
gitanim_history,0cadd568/OPTIONS_OVERVIEW.md,1,literal_replace,1,1,65,76,0.875,0,0,"@@ -74,7 +74,7 @@ op count as Patience.)"
gitanim_history,0cadd568/OPTION_ANALYSIS.md,0,word_replace,1,1,59,58,0.75,0,0,"@@ -3,7 +3,7 @@"
gitanim_history,0cadd568/OPTION_ANALYSIS.md,1,literal_replace,1,1,81,92,0.8,0,0,"@@ -55,7 +55,7 @@ Grouped by current naming prefix:"
gitanim_history,0cadd568/OPTION_ANALYSIS.md,2,word_replace,1,1,81,92,0.75,0,0,"@@ -77,7 +77,7 @@ Grouped by current naming prefix:"
gitanim_history,0cadd568/OPTION_ANALYSIS.md,3,block_modify,3,3,198,231,0.957,0,0,"@@ -103,14 +103,14 @@ and char-level diff."
gitanim_history,0cadd568/OPTION_ANALYSIS.md,4,block_modify,7,7,409,486,0.971,0,0,"@@ -135,15 +135,15 @@ to make the animation more readable."
gitanim_history,0cadd568/OPTION_ANALYSIS.md,5,word_replace,1,1,68,67,0.778,0,0,"@@ -321,7 +321,7 @@ ad_vim --diff FILE                           # unified diff input"
gitanim_history,0cadd568/OPTION_ANALYSIS.md,6,block_modify,2,2,205,227,0.923,0,0,"@@ -380,8 +380,8 @@ Remove `--from`/`--to` (use `--git REV..REV`)."
gitanim_history,0cadd568/OPTION_ANALYSIS.md,7,block_modify,4,4,243,287,0.952,0,0,"@@ -443,10 +443,10 @@ of: `char`, `rapid-eol`, `rapid-identical`, `accel`, `word`,"
gitanim_history,0cadd568/OPTION_ANALYSIS.md,8,word_replace,1,1,64,63,0.778,0,0,"@@ -461,7 +461,7 @@ Remove `--from`/`--to`, keep only `--git REV..REV`."
gitanim_history,0cadd568/OPTION_ANALYSIS.md,9,block_modify,3,3,225,258,0.96,0,0,"@@ -471,13 +471,13 @@ script instead."
gitanim_history,0cadd568/OPTION_ANALYSIS.md,10,literal_replace,1,1,69,80,0.857,0,0,"@@ -558,7 +558,7 @@ The refactoring should be **backward-compatible** — old options"
gitanim_history,0cadd568/OPTION_ANALYSIS.md,11,literal_replace,1,1,121,132,0.917,0,0,"@@ -567,7 +567,7 @@ continue to work but are deprecated."
gitanim_history,0cadd568/OPTION_ANALYSIS.md,12,literal_replace,1,1,76,87,0.917,0,0,"@@ -581,7 +581,7 @@ The six presets become much simpler:"
gitanim_history,0cadd568/OPTION_ANALYSIS.md,13,word_replace,1,1,53,52,0.714,0,0,"@@ -639,7 +639,7 @@ reduction comes from:"
gitanim_history,0cadd568/OPTION_AUDIT.md,0,block_modify,5,5,316,361,0.727,0,0,"@@ -14,19 +14,19 @@ NOT compute, postprocess, or pace — those are done externally."
gitanim_history,0cadd568/OPTION_AUDIT.md,1,block_modify,25,25,1607,1707,0.536,0,0,"@@ -37,31 +37,31 @@ All other config fields are set but never accessed:"
gitanim_history,0cadd568/OPTION_COMBINATIONS.md,0,block_modify,2,2,235,257,0.95,0,0,"@@ -12,12 +12,12 @@ the exact command line to run — copy and paste."
gitanim_history,0cadd568/OPTION_COMBINATIONS.md,1,block_modify,2,2,111,133,0.889,0,0,"@@ -92,12 +92,12 @@ ad_vim --cursor-glide-ms 300 --distance-speed adaptive --diff-stat --diff-highli"
gitanim_history,0cadd568/OPTION_COMBINATIONS.md,2,literal_replace,1,1,143,154,0.957,0,0,"@@ -136,7 +136,7 @@ ad_vim --cursor-glide-ms 300 --distance-speed adaptive --distance-threshold 10 -"
gitanim_history,0cadd568/PARALLEL_COMPUTE.md,0,word_replace,1,1,37,36,0.6,0,0,"@@ -106,7 +106,7 @@ would require a plugin with Python/Neovim support."
gitanim_history,0cadd568/PARALLEL_COMPUTE.md,1,word_replace,1,1,69,68,0.778,0,0,"@@ -174,7 +174,7 @@ The infrastructure is in place:"
gitanim_history,0cadd568/PER_LAYER_ADJUSTMENT_REQUIREMENTS.md,0,typo_fix,1,1,78,77,0.818,0,0,"@@ -289,7 +289,7 @@ The current orchestrator is in `postprocess.c` (C code). To add/remove/reorder l"
gitanim_history,0cadd568/PER_LAYER_ADJUSTMENT_REQUIREMENTS.md,1,block_modify,2,2,146,144,0.857,0,0,"@@ -303,13 +303,13 @@ Write the orchestrator as a bash script (`animator/diffvim-orchestrator`). It:"
gitanim_history,0cadd568/PER_LAYER_ADJUSTMENT_REQUIREMENTS.md,2,literal_replace,1,1,35,26,0.8,0,0,"@@ -323,7 +323,7 @@ LAYERS+=(""ad_layer_line_delete_in_place"")  # always (when implemented)"
gitanim_history,0cadd568/PER_LAYER_ADJUSTMENT_REQUIREMENTS.md,3,typo_fix,1,1,71,70,0.8,0,0,"@@ -514,7 +514,7 @@ ad_layer_indent_last --dump-changes /tmp/il_changes.txt < ops2.txt > ops3.txt"
gitanim_history,0cadd568/PICKER.md,0,word_replace,1,1,51,50,0.75,0,0,"@@ -56,7 +56,7 @@ The main command — animate a diff between two files."
gitanim_history,0cadd568/PIPELINE.md,0,word_replace,1,1,29,28,0.6,0,0,"@@ -42,7 +42,7 @@ memory in our implementation) and produces the same op count as Patience."
gitanim_history,0cadd568/PIPELINE.md,1,typo_fix,1,1,68,67,0.8,0,0,"@@ -157,7 +157,7 @@ cursor to the position carried by the next op before applying it."
gitanim_history,0cadd568/POSTPROCESS_LAYERS.md,0,block_modify,2,2,128,140,0.6,0,0,"@@ -17,11 +17,11 @@ Layer 0: V2 Conversion (ad_layer_noop_v2.c)"
gitanim_history,0cadd568/POSTPROCESS_LAYERS.md,1,block_modify,2,2,198,210,0.818,0,0,"@@ -37,8 +37,8 @@ postprocess output (V2 TSV)"
gitanim_history,0cadd568/POSTPROCESS_LAYERS.md,2,line_replace,1,1,46,58,0.2,0,0,"@@ -53,7 +53,7 @@ postprocess output (V2 TSV)"
gitanim_history,0cadd568/POSTPROCESS_LAYERS.md,3,literal_replace,1,1,67,73,0.818,0,0,"@@ -108,7 +108,7 @@ typedef struct {"
gitanim_history,0cadd568/POSTPROCESS_OPTIONS.md,0,block_modify,2,2,111,133,0.875,0,0,"@@ -11,8 +11,8 @@ Transforms are applied in this order:"
gitanim_history,0cadd568/POSTPROCESS_OPTIONS.md,1,literal_replace,1,1,53,64,0.833,0,0,"@@ -22,7 +22,7 @@ post-processed ops (to pace)"
gitanim_history,0cadd568/POSTPROCESS_OPTIONS.md,2,literal_replace,1,1,39,50,0.8,0,0,"@@ -36,7 +36,7 @@ Controls step 1 — op reordering within each line group."
gitanim_history,0cadd568/POSTPROCESS_OPTIONS.md,3,literal_replace,1,1,35,46,0.8,0,0,"@@ -45,7 +45,7 @@ the chars are identical) into a single `keep X` op."
gitanim_history,0cadd568/POSTPROCESS_OPTIONS.md,4,block_modify,3,3,204,237,0.941,0,0,"@@ -82,9 +82,9 @@ in order. Available transforms:"
gitanim_history,0cadd568/POSTPROCESS_PIPELINE.md,0,word_replace,1,1,43,49,0.6,0,0,"@@ -9,7 +9,7 @@ to the raw ops (from compute) in the current postprocess pipeline."
gitanim_history,0cadd568/POSTPROCESS_PIPELINE.md,1,word_replace,1,1,54,60,0.714,0,0,"@@ -23,7 +23,7 @@ compute output (raw V2 TSV, read directly from stdin)"
gitanim_history,0cadd568/POSTPROCESS_PIPELINE.md,2,block_replace,2,2,49,61,0.2,0,0,"@@ -88,8 +88,8 @@ postprocess output (V2 TSV to stdout)"
gitanim_history,0cadd568/POSTPROCESS_QUICK_REFERENCE.md,0,word_replace,1,1,81,78,0.75,0,0,"@@ -8,7 +8,7 @@ See `POSTPROCESS_OPERATIONS.md` for full detail."
gitanim_history,0cadd568/POSTPROCESS_QUICK_REFERENCE.md,1,literal_replace,1,1,69,80,0.889,0,0,"@@ -35,7 +35,7 @@ Reorders ops within each line group via 4 sweeps."
gitanim_history,0cadd568/POSTPROCESS_QUICK_REFERENCE.md,2,literal_replace,1,1,42,53,0.857,0,0,"@@ -43,7 +43,7 @@ Stable 3-pass partition of each line group."
gitanim_history,0cadd568/POSTPROCESS_QUICK_REFERENCE.md,3,literal_replace,1,1,63,74,0.875,0,0,"@@ -51,7 +51,7 @@ Currently identical to `optimize_line`."
gitanim_history,0cadd568/POSTPROCESS_QUICK_REFERENCE.md,4,word_replace,1,1,36,47,0.75,0,0,"@@ -71,7 +71,7 @@ Merges canceling adjacent `delete`+`insert` pairs into `keep`."
gitanim_history,0cadd568/POSTPROCESS_QUICK_REFERENCE.md,5,block_modify,4,4,459,503,0.971,0,0,"@@ -113,11 +113,11 @@ Walks final ops, computes `(line, col)` per op."
gitanim_history,0cadd568/POSTPROCESS_QUICK_REFERENCE.md,6,literal_replace,1,1,49,60,0.8,0,0,"@@ -126,7 +126,7 @@ Walks final ops, computes `(line, col)` per op."
gitanim_history,0cadd568/POSTPROCESS_REDESIGN.md,0,word_replace,1,1,71,83,0.429,0,0,"@@ -2,7 +2,7 @@"
gitanim_history,0cadd568/POSTPROCESS_REDESIGN.md,1,literal_replace,1,1,66,77,0.909,0,0,"@@ -135,7 +135,7 @@ postprocess output (V2 TSV)"
gitanim_history,0cadd568/POSTPROCESS_REDESIGN.md,2,word_replace,1,1,53,52,0.75,0,0,"@@ -189,7 +189,7 @@ Output: HUNK\t<target>\t<del>\t<ins>\t<end_ins>\t<end_del>"
gitanim_history,0cadd568/POSTPROCESS_REDESIGN.md,3,block_modify,5,5,332,367,0.792,0,0,"@@ -226,27 +226,27 @@ has correct content — no transient mismatch."
gitanim_history,0cadd568/POSTPROCESS_REDESIGN.md,4,block_modify,2,2,134,146,0.789,0,0,"@@ -367,8 +367,8 @@ transform has finished."
gitanim_history,0cadd568/POSTPROCESS_REDESIGN.md,5,block_modify,2,2,135,147,0.6,0,0,"@@ -401,8 +401,8 @@ animator/c/"
gitanim_history,0cadd568/POSTPROCESS_REDESIGN.md,6,block_modify,2,2,116,128,0.6,0,0,"@@ -412,8 +412,8 @@ Or keep it in one file but with clear section markers:"
gitanim_history,0cadd568/POSTPROCESS_TRANSFORMS.md,0,word_replace,1,1,27,26,0.6,0,0,"@@ -15,7 +15,7 @@ when the corresponding flag is given."
gitanim_history,0cadd568/POSTPROCESS_TRANSFORMS.md,1,literal_replace,1,1,60,71,0.8,0,0,"@@ -156,7 +156,7 @@ unchanged by the postprocess."
gitanim_history,0cadd568/POSTPROCESS_TRANSFORMS.md,2,literal_replace,1,1,52,63,0.8,0,0,"@@ -174,7 +174,7 @@ keep    2       3       108     'l'"
gitanim_history,0cadd568/POSTPROCESS_TRANSFORMS.md,3,word_replace,1,1,25,36,0.75,0,0,"@@ -182,7 +182,7 @@ got re-indented)."
gitanim_history,0cadd568/POSTPROCESS_TRANSFORMS.md,4,word_replace,1,1,22,33,0.75,0,0,"@@ -191,7 +191,7 @@ insert  1       1       9       \t"
gitanim_history,0cadd568/POSTPROCESS_TRANSFORMS.md,5,block_modify,3,3,125,158,0.889,0,0,"@@ -206,20 +206,20 @@ checks `$has_del && $has_del` instead of `$has_del && $has_ins`"
gitanim_history,0cadd568/POSTPROCESS_TRANSFORMS.md,6,block_modify,3,3,115,159,0.9,0,0,"@@ -228,19 +228,19 @@ keep    2       3       108     'l'"
gitanim_history,0cadd568/POSTPROCESS_TRANSFORMS.md,7,literal_replace,1,1,62,73,0.909,0,0,"@@ -250,7 +250,7 @@ have an overwrite op type — kept as a placeholder."
gitanim_history,0cadd568/POSTPROCESS_TRANSFORMS.md,8,block_modify,3,3,175,208,0.938,0,0,"@@ -264,9 +264,9 @@ compute is done."
gitanim_history,0cadd568/POSTPROCESS_TRANSFORMS.md,9,literal_replace,1,1,56,67,0.8,0,0,"@@ -288,7 +288,7 @@ transformation:"
gitanim_history,0cadd568/POST_PROCESSING.md,0,typo_fix,1,1,71,70,0.8,0,0,"@@ -17,7 +17,7 @@ visually confusing and cognitively demanding."
gitanim_history,0cadd568/PP_LAYER_DELETE_LINE_FIRST.md,0,word_replace,1,1,47,44,0.4,0,0,"@@ -1,7 +1,7 @@"
gitanim_history,0cadd568/PP_LAYER_DELETE_LINE_FIRST.md,1,word_replace,1,1,55,52,0.714,0,0,"@@ -66,7 +66,7 @@ Works for any number of consecutive line deletions."
gitanim_history,0cadd568/PP_LAYER_OVERWRITE.md,0,word_replace,1,1,55,59,0.429,0,0,"@@ -2,7 +2,7 @@"
gitanim_history,0cadd568/PP_LAYER_OVERWRITE.md,1,word_replace,1,1,56,65,0.667,0,0,"@@ -37,7 +37,7 @@ This is a single-step replacement — no delay between delete and insert."
gitanim_history,0cadd568/RESTORING_OLD_FEATURES.md,0,block_replace,2,2,102,118,0.308,0,0,"@@ -15,10 +15,10 @@ feature, categorized by where the implementation belongs."
gitanim_history,0cadd568/RESTORING_OLD_FEATURES.md,1,word_replace,1,1,73,77,0.714,0,0,"@@ -40,7 +40,7 @@ and AWD timing. **WORKS** but only affects `word` pacing mode."
gitanim_history,0cadd568/RESTORING_OLD_FEATURES.md,2,literal_replace,1,1,47,58,0.8,0,0,"@@ -84,7 +84,7 @@ acceleration curve."
gitanim_history,0cadd568/RESTORING_OLD_FEATURES.md,3,literal_replace,1,1,62,73,0.9,0,0,"@@ -93,7 +93,7 @@ followed by insert 'b' at the same position, replace with a single"
gitanim_history,0cadd568/RESTORING_OLD_FEATURES.md,4,word_replace,1,1,70,74,0.6,0,0,"@@ -198,7 +198,7 @@ all ops without delays."
gitanim_history,0cadd568/RESTORING_OLD_FEATURES.md,5,block_modify,2,2,45,67,0.8,0,0,"@@ -238,8 +238,8 @@ These options work correctly in the current architecture:"
gitanim_history,0cadd568/RESTORING_OLD_FEATURES.md,6,literal_replace,1,1,70,81,0.909,0,0,"@@ -284,7 +284,7 @@ used features:"
gitanim_history,0cadd568/RESTORING_OLD_FEATURES.md,7,block_replace,12,12,494,542,0.422,0,0,"@@ -326,18 +326,18 @@ Yes. The pace stage should handle all timing-related options:"
gitanim_history,0cadd568/TESTING.md,0,typo_fix,1,1,66,65,0.8,0,0,"@@ -1,6 +1,6 @@"
gitanim_history,0cadd568/TESTING.md,1,typo_fix,1,1,69,68,0.818,0,0,"@@ -131,7 +131,7 @@ The E2E tests may fail due to tmux `send-keys` race conditions (see"
gitanim_history,0cadd568/TUNE_INTERFACE_ANALYSIS.md,0,literal_replace,1,1,71,82,0.9,0,0,"@@ -15,7 +15,7 @@ Currently this workflow is:"
gitanim_history,0cadd568/TUNE_INTERFACE_ANALYSIS.md,1,word_replace,1,1,55,54,0.714,0,0,"@@ -27,7 +27,7 @@ bash scripts/dv_debug.sh /tmp/old.txt /tmp/new.txt"
gitanim_history,0cadd568/TUNE_INTERFACE_ANALYSIS.md,2,word_replace,1,1,67,66,0.667,0,0,"@@ -36,7 +36,7 @@ tuning postprocessing and pacing."
gitanim_history,0cadd568/TUNE_INTERFACE_ANALYSIS.md,3,block_modify,2,2,100,98,0.8,0,0,"@@ -67,9 +67,9 @@ tuning postprocessing and pacing."
gitanim_history,0cadd568/TUNE_INTERFACE_ANALYSIS.md,4,block_replace,2,2,49,47,0.429,0,0,"@@ -120,12 +120,12 @@ dv_debug_bundle_20260820_153000.tar.gz"
gitanim_history,0cadd568/TUNE_INTERFACE_ANALYSIS.md,5,block_modify,2,2,104,102,0.875,0,0,"@@ -149,8 +149,8 @@ dv_debug_bundle_20260820_153000.tar.gz"
gitanim_history,0cadd568/USER_REQUESTS.md,0,word_replace,1,1,67,66,0.714,0,0,"@@ -13,7 +13,7 @@ a master reference for what was asked and what was implemented."
gitanim_history,0cadd568/USER_REQUESTS.md,1,word_replace,1,1,72,76,0.7,0,0,"@@ -45,7 +45,7 @@ a master reference for what was asked and what was implemented."
gitanim_history,0cadd568/USER_REQUESTS.md,2,typo_fix,1,1,70,69,0.846,0,0,"@@ -105,7 +105,7 @@ a master reference for what was asked and what was implemented."
gitanim_history,0cadd568/USER_REQUESTS.md,3,block_modify,2,2,117,115,0.818,0,0,"@@ -301,9 +301,9 @@ extensive documentation."
gitanim_history,0cadd568/VISUAL_GUIDE.md,0,word_replace,1,1,65,64,0.778,0,0,"@@ -296,7 +296,7 @@ new char at the cursor and advances."
gitanim_history,0cadd568/VISUAL_GUIDE.md,1,typo_fix,1,1,67,66,0.818,0,0,"@@ -331,7 +331,7 @@ Patience becomes slow."
gitanim_history,0cadd568/VISUAL_GUIDE.md,2,literal_replace,1,1,70,81,0.875,0,0,"@@ -454,7 +454,7 @@ for common use cases."
gitanim_history,0cadd568/API_REFERENCE.md,0,block_insert,0,133,0,4616,0.0,0,0,"@@ -0,0 +1,133 @@"
gitanim_history,0cadd568/NEXT_SESSION.md,0,block_insert,0,101,0,3983,0.0,0,0,"@@ -0,0 +1,101 @@"
gitanim_history,0cadd568/POSTPROCESS_OPERATIONS.md,0,block_insert,0,698,0,29178,0.0,0,0,"@@ -0,0 +1,698 @@"
gitanim_history,0cadd568/REQUIREMENTS.md,0,block_insert,0,1234,0,47597,0.0,0,0,"@@ -0,0 +1,1234 @@"
gitanim_history,58041c47/COMPARISON.md,0,block_modify,15,15,1084,2024,1.0,0,0,"@@ -64,21 +64,21 @@ replaceable. The animator is ~200 lines (C++) vs. ~4,500 (vimscript)."
gitanim_history,58041c47/COMPARISON.md,1,block_modify,9,9,536,989,1.0,0,0,"@@ -121,15 +121,15 @@ NOT YET IMPLEMENTED — see `docs/PIPELINE.md` for the design discussion."
gitanim_history,58041c47/COMPARISON.md,2,block_modify,12,12,800,1159,1.0,0,0,"@@ -143,27 +143,27 @@ The animator is 10-100x faster because:"
gitanim_history,58041c47/COMPARISON.md,3,block_modify,11,11,690,1165,1.0,0,0,"@@ -285,14 +285,14 @@ ad_vim --vim old.py new.py"
gitanim_history,58041c47/README.md,0,block_modify,7,7,358,517,1.0,0,0,"@@ -156,13 +156,13 @@ bin/ad-c --syntax 'bat --color=always' old.py < /tmp/timed.txt"
gitanim_history,58041c47/README.md,1,block_modify,12,12,704,1235,1.0,0,0,"@@ -273,18 +273,18 @@ done"
gitanim_history,58041c47/README.md,2,block_modify,23,23,1391,2851,1.0,0,0,"@@ -352,29 +352,29 @@ plain rendering."
gitanim_history,58041c47/README.md,3,block_modify,6,6,251,515,1.0,0,0,"@@ -385,12 +385,12 @@ tools. The compute stage is C++ with a Perl fallback."
gitanim_history,58041c47/README.md,4,block_modify,4,4,111,171,1.0,0,0,"@@ -402,11 +402,11 @@ All implementations produce **byte-for-byte identical output**:"
gitanim_history,58041c47/README.md,5,block_modify,7,7,433,650,1.0,0,0,"@@ -414,13 +414,13 @@ All implementations produce **byte-for-byte identical output**:"
gitanim_history,58041c47/README.md,6,block_modify,10,10,642,959,1.0,0,0,"@@ -452,16 +452,16 @@ testing without a terminal."
gitanim_history,58041c47/PLUGIN_README.md,0,block_modify,7,7,346,545,1.0,0,0,"@@ -45,13 +45,13 @@ make"
gitanim_history,58041c47/PLUGIN_README.md,1,block_modify,9,9,233,395,1.0,0,0,"@@ -69,15 +69,15 @@ let g:diffvim_defaults = {"
gitanim_history,58041c47/PARALLELISM.md,0,block_modify,6,6,205,275,1.0,0,0,"@@ -117,12 +117,12 @@ for (int h = 0; h < hunk_count; h++) {"
gitanim_history,58041c47/PARALLELISM.md,1,block_modify,6,6,358,587,1.0,0,0,"@@ -154,12 +154,12 @@ For the 1000-line Python example, expect ~3x speedup with 4 threads."
gitanim_history,58041c47/API_REFERENCE.md,0,block_modify,11,11,573,857,1.0,0,0,"@@ -41,17 +41,17 @@ Hunk metadata from the HUNK header."
gitanim_history,58041c47/API_REFERENCE.md,1,block_modify,7,7,317,503,1.0,0,0,"@@ -233,13 +233,13 @@ via `atexit()`."
gitanim_history,58041c47/BEST_PRACTICES_ANALYSIS.md,0,block_modify,12,12,638,1223,1.0,0,0,"@@ -649,18 +649,18 @@ Periodically review what went well and what didn't."
gitanim_history,58041c47/CODE_ANALYSIS.md,0,block_modify,6,6,411,629,1.0,0,0,"@@ -9,12 +9,12 @@ Analysis of all source code in the `ad` project. Covers C, C++, Perl, and Bash f"
gitanim_history,58041c47/DESIGN_DOC_ANALYSIS.md,0,block_modify,21,21,1395,2330,1.0,0,0,"@@ -13,35 +13,35 @@ deciding which to keep, which to update, and which to archive."
gitanim_history,58041c47/DESIGN_DOC_ANALYSIS.md,1,block_modify,7,7,441,713,1.0,0,0,"@@ -60,13 +60,13 @@ as ""implemented and removed""), replace `DIFFVIM_*` with `AD_*` or"
gitanim_history,58041c47/DESIGN_DOC_ANALYSIS.md,2,block_modify,7,7,336,552,1.0,0,0,"@@ -82,13 +82,13 @@ update paths to new structure. The adoption strategy content is valuable."
gitanim_history,58041c47/DESIGN_DOC_ANALYSIS.md,3,block_modify,7,7,432,804,1.0,0,0,"@@ -103,13 +103,13 @@ Content is increasingly relevant as AI code generation grows."
gitanim_history,58041c47/DESIGN_DOC_ANALYSIS.md,4,block_modify,7,7,421,713,1.0,0,0,"@@ -128,13 +128,13 @@ ground but less detailed. This document is the detailed version."
gitanim_history,58041c47/DESIGN_DOC_ANALYSIS.md,5,block_modify,7,7,471,804,1.0,0,0,"@@ -152,13 +152,13 @@ merge it there."
gitanim_history,58041c47/DESIGN_DOC_ANALYSIS.md,6,block_modify,7,7,398,629,1.0,0,0,"@@ -178,13 +178,13 @@ valuable."
gitanim_history,58041c47/DESIGN_DOC_ANALYSIS.md,7,block_modify,7,7,346,538,1.0,0,0,"@@ -201,13 +201,13 @@ The architectural reasoning is timeless."
gitanim_history,58041c47/DESIGN_DOC_ANALYSIS.md,8,block_modify,7,7,352,615,1.0,0,0,"@@ -221,13 +221,13 @@ updating."
gitanim_history,58041c47/DESIGN_DOC_ANALYSIS.md,9,block_modify,7,7,404,671,1.0,0,0,"@@ -243,13 +243,13 @@ detailed. This is the deep-dive version."
gitanim_history,58041c47/DESIGN_DOC_ANALYSIS.md,10,block_modify,82,82,6709,11029,1.0,0,0,"@@ -270,102 +270,102 @@ reference."
gitanim_history,58041c47/ENV_VAR_ANALYSIS.md,0,block_modify,10,10,604,1009,1.0,0,0,"@@ -32,16 +32,16 @@ There is no use case that env vars cover but config file + CLI flags don't."
gitanim_history,58041c47/ENV_VAR_ANALYSIS.md,1,block_modify,10,10,521,1059,1.0,0,0,"@@ -286,16 +286,16 @@ That's it. No env var layer in between."
gitanim_history,58041c47/LAYER_ANALYSIS_AND_DOC_REVIEW.md,0,block_modify,12,12,831,1199,1.0,0,0,"@@ -195,18 +195,18 @@ The current `--list-layers` output shows filename, status (exec/perl/python3/etc"
gitanim_history,58041c47/LAYER_ANALYSIS_AND_DOC_REVIEW.md,1,block_modify,10,10,637,1009,1.0,0,0,"@@ -216,16 +216,16 @@ Recommended to implement L1, L2, L4, L5 first (highest impact, lowest effort)."
gitanim_history,58041c47/LAYER_ANALYSIS_AND_DOC_REVIEW.md,2,block_modify,14,14,788,1273,1.0,0,0,"@@ -233,20 +233,20 @@ Recommended to implement L1, L2, L4, L5 first (highest impact, lowest effort)."
gitanim_history,58041c47/LAYER_ANALYSIS_AND_DOC_REVIEW.md,3,block_modify,45,45,2149,3571,1.0,0,0,"@@ -275,60 +275,60 @@ All user-facing env vars were removed. ~8 internal bridge/debug vars remain:"
gitanim_history,58041c47/LAYER_ANALYSIS_AND_DOC_REVIEW.md,4,block_modify,8,8,361,655,1.0,0,0,"@@ -338,15 +338,15 @@ All user-facing env vars were removed. ~8 internal bridge/debug vars remain:"
gitanim_history,58041c47/MANPAGE_OVERVIEW.md,0,block_modify,59,59,4346,8311,1.0,0,0,"@@ -9,95 +9,95 @@ The `man/` directory contains 25 manpages for the `ad` toolkit. Install with `ma"
gitanim_history,58041c47/REQUIREMENTS.md,0,block_modify,7,7,553,923,1.0,0,0,"@@ -23,13 +23,13 @@ smooth cursor movement, pause/skip/speed controls, and syntax highlighting."
gitanim_history,58041c47/REQUIREMENTS.md,1,block_modify,6,6,418,689,1.0,0,0,"@@ -57,12 +57,12 @@ smooth cursor movement, pause/skip/speed controls, and syntax highlighting."
gitanim_history,58041c47/REQUIREMENTS.md,2,block_modify,15,15,769,1184,1.0,0,0,"@@ -89,21 +89,21 @@ HUNK_END                          ← end of hunk"
gitanim_history,58041c47/REQUIREMENTS.md,3,block_modify,5,5,236,334,1.0,0,0,"@@ -119,11 +119,11 @@ HUNK\t<target_line>\t<del_count>\t<ins_count>\t<end_ins>\t<end_del>"
gitanim_history,58041c47/REQUIREMENTS.md,4,block_modify,14,14,691,1049,1.0,0,0,"@@ -131,26 +131,26 @@ LCS dynamic programming."
gitanim_history,58041c47/REQUIREMENTS.md,5,block_modify,9,9,926,1394,1.0,0,0,"@@ -167,15 +167,15 @@ each `--ad-layer-path` dir. Extensions: `.pl`→perl, `.py`→python3,"
gitanim_history,58041c47/REQUIREMENTS.md,6,block_modify,4,4,151,239,1.0,0,0,"@@ -191,10 +191,10 @@ int main(void) { return ad_layer_run(layer_func); }"
gitanim_history,58041c47/REQUIREMENTS.md,7,block_modify,7,7,326,545,1.0,0,0,"@@ -203,13 +203,13 @@ headless testing."
gitanim_history,58041c47/REQUIREMENTS.md,8,block_modify,14,14,663,1035,1.0,0,0,"@@ -224,20 +224,20 @@ Routes options by prefix: `--compute-*`, `--postprocess-*`, `--pace-*`,"
gitanim_history,58041c47/REQUIREMENTS.md,9,block_modify,5,5,185,334,1.0,0,0,"@@ -245,11 +245,11 @@ Routes options by prefix: `--compute-*`, `--postprocess-*`, `--pace-*`,"
gitanim_history,58041c47/REQUIREMENTS.md,10,block_modify,9,9,657,953,1.0,0,0,"@@ -258,15 +258,15 @@ Config file is sourced as bash. Variables use UPPER_CASE names (e.g."
gitanim_history,58041c47/REQUIREMENTS.md,11,block_modify,17,17,1054,1724,1.0,0,0,"@@ -275,26 +275,26 @@ Run: `make test` (all), `make test-layers` (layers only), `make test-examples`"
gitanim_history,58041c47/REQUIREMENTS.md,12,block_modify,39,39,3726,5561,1.0,0,0,"@@ -313,47 +313,47 @@ make clean      # Remove bin/"
gitanim_history,58041c47/UNDO_REDO_ANALYSIS.md,0,block_modify,16,16,1043,1705,1.0,0,0,"@@ -17,25 +17,25 @@ etc. To undo, you need to reverse each op and restore the previous buffer state."
gitanim_history,58041c47/UNDO_REDO_ANALYSIS.md,1,block_modify,10,10,596,1429,1.0,0,0,"@@ -100,16 +100,16 @@ Redo:     re-apply op_N → buffer state S_N"
gitanim_history,58041c47/UNDO_REDO_ANALYSIS.md,2,block_modify,9,9,606,1349,1.0,0,0,"@@ -155,15 +155,15 @@ timers and has a state machine. To add undo/redo:"
gitanim_history,58041c47/architecture.md,0,block_modify,6,6,300,467,1.0,0,0,"@@ -84,12 +84,12 @@ Same architecture as ad_tmux but written in Perl with:"
gitanim_history,58041c47/compute.md,0,block_modify,3,3,356,389,1.0,0,0,"@@ -42,9 +42,9 @@ is present they pre-compute before launching vim, so the manual"
gitanim_history,58041c47/compute.md,1,block_modify,8,8,712,1015,1.0,0,0,"@@ -68,14 +68,14 @@ ad_vim --precomputed /tmp/diff.txt old.py new.py"
gitanim_history,58041c47/compute.md,2,format_only,2,2,159,169,1.0,1,0,"@@ -87,8 +87,8 @@ produces the same op count as patience."
gitanim_history,58041c47/compute.md,3,format_only,2,2,77,81,1.0,1,0,"@@ -156,9 +156,9 @@ On a 1000-line Python file with ~200 changed lines:"
gitanim_history,58041c47/configuration.md,0,block_modify,56,56,3607,6174,1.0,0,0,"@@ -64,85 +64,85 @@ All options can be set via CLI flag OR via the config file. The CLI flag always"
gitanim_history,58041c47/controls.md,0,block_modify,23,23,773,1446,1.0,0,0,"@@ -9,42 +9,42 @@ During animation, the following keys are active in vim normal mode."
gitanim_history,58041c47/introduction.md,0,block_modify,5,5,329,424,1.0,0,0,"@@ -15,11 +15,11 @@ re-typed — surrounding text is never touched."
gitanim_history,58041c47/manpages.md,0,block_modify,7,7,658,720,1.0,0,0,"@@ -12,13 +12,13 @@ from `man ad_vim`, `man ad_compute`, etc."
gitanim_history,58041c47/options.md,0,format_only,1,1,65,66,1.0,1,0,"@@ -141,7 +141,7 @@ Insertion strategy. Default: `char`."
gitanim_history,58041c47/options.md,1,block_modify,31,31,2696,3798,1.0,0,0,"@@ -218,40 +218,40 @@ Core timing env vars:"
gitanim_history,58041c47/options.md,2,format_only,2,2,133,131,1.0,1,0,"@@ -261,6 +261,6 @@ Use `source ./set_config [preset]` to quickly apply preset configurations:"
gitanim_history,58041c47/plugin-layers.md,0,block_modify,26,26,1250,2357,1.0,0,0,"@@ -41,40 +41,40 @@ The orchestrator doesn't care what language the layer is written in. If it can b"
gitanim_history,58041c47/plugin-layers.md,1,block_modify,9,9,1053,1565,1.0,0,0,"@@ -148,15 +148,15 @@ Convenience flags that map to layers:"
gitanim_history,58041c47/plugin-layers.md,2,block_modify,4,4,209,375,1.0,0,0,"@@ -190,11 +190,11 @@ The `--ad-layer=<name>` mechanism discovers the layer automatically."
gitanim_history,58041c47/presets.md,0,block_modify,8,8,911,919,1.0,0,0,"@@ -102,14 +102,14 @@ ad_vim --preset presentation --output result.py old.py new.py"
gitanim_history,58041c47/quick-start.md,0,block_modify,12,12,348,695,1.0,0,0,"@@ -17,18 +17,18 @@ characters are deleted/typed to transform the buffer into `new.py`."
gitanim_history,58041c47/format_tables.py,0,block_insert,0,174,0,5355,0.0,0,0,"@@ -0,0 +1,174 @@"
gitanim_history,58041c47/ANIMATOR_TESTS_README.md,0,block_modify,14,14,815,1315,1.0,0,0,"@@ -4,20 +4,20 @@ Test suites for the animator pipeline. All tests are in Perl."
gitanim_history,35501801/DESIGN_DOC_ANALYSIS.md,0,block_insert,0,395,0,19313,0.0,0,0,"@@ -0,0 +1,395 @@"
gitanim_history,c47f28da/OBSOLETE_DOCS.md,0,block_delete,88,0,4535,0,0.0,0,0,"@@ -1,88 +0,0 @@"
gitanim_history,c47f28da/100_IMPROVEMENTS.md,0,block_insert,0,956,0,68544,0.0,0,0,"@@ -0,0 +1,956 @@"
gitanim_history,c47f28da/ADOPTION_GUIDE.md,0,block_insert,0,471,0,14715,0.0,0,0,"@@ -0,0 +1,471 @@"
gitanim_history,c47f28da/ANIMATOR_REQUIREMENTS.md,0,block_insert,0,832,0,30853,0.0,0,0,"@@ -0,0 +1,832 @@"
gitanim_history,c47f28da/API_REFERENCE.md,0,block_insert,0,133,0,4616,0.0,0,0,"@@ -0,0 +1,133 @@"
gitanim_history,c47f28da/ARCHITECTURE_ANALYSIS.md,0,block_insert,0,443,0,23078,0.0,0,0,"@@ -0,0 +1,443 @@"
gitanim_history,c47f28da/BINARY_FORMAT_ANALYSIS.md,0,block_insert,0,175,0,5608,0.0,0,0,"@@ -0,0 +1,175 @@"
gitanim_history,c47f28da/COMPLETE_OPTIONS_REFERENCE.md,0,block_insert,0,573,0,14071,0.0,0,0,"@@ -0,0 +1,573 @@"
gitanim_history,c47f28da/CONFIGURATION.md,0,block_insert,0,391,0,11945,0.0,0,0,"@@ -0,0 +1,391 @@"
gitanim_history,c47f28da/CONTROLS.md,0,block_insert,0,284,0,9675,0.0,0,0,"@@ -0,0 +1,284 @@"
gitanim_history,c47f28da/DEBUGGING.md,0,block_insert,0,390,0,12076,0.0,0,0,"@@ -0,0 +1,390 @@"
gitanim_history,c47f28da/DEBUGGING_LAYERS.md,0,block_insert,0,166,0,4473,0.0,0,0,"@@ -0,0 +1,166 @@"
gitanim_history,c47f28da/DESIGN_smooth_cursor_and_distance_speed.md,0,block_insert,0,194,0,7183,0.0,0,0,"@@ -0,0 +1,194 @@"
gitanim_history,c47f28da/DEVELOPER_GUIDE.md,0,block_insert,0,635,0,20337,0.0,0,0,"@@ -0,0 +1,635 @@"
gitanim_history,c47f28da/DIFF_STUDY.md,0,block_insert,0,226,0,8577,0.0,0,0,"@@ -0,0 +1,226 @@"
gitanim_history,c47f28da/NEW_FEATURES.md,0,block_insert,0,173,0,5868,0.0,0,0,"@@ -0,0 +1,173 @@"
gitanim_history,c47f28da/NON_CHAR_OPTIONS.md,0,block_insert,0,281,0,11151,0.0,0,0,"@@ -0,0 +1,281 @@"
gitanim_history,c47f28da/OPTIONS_ANALYSIS.md,0,block_insert,0,268,0,10658,0.0,0,0,"@@ -0,0 +1,268 @@"
gitanim_history,c47f28da/OPTIONS_OVERVIEW.md,0,block_insert,0,299,0,14362,0.0,0,0,"@@ -0,0 +1,299 @@"
gitanim_history,c47f28da/OPTION_ANALYSIS.md,0,block_insert,0,646,0,25957,0.0,0,0,"@@ -0,0 +1,646 @@"
gitanim_history,c47f28da/OPTION_AUDIT.md,0,block_insert,0,130,0,5909,0.0,0,0,"@@ -0,0 +1,130 @@"
gitanim_history,c47f28da/OPTION_COMBINATIONS.md,0,block_insert,0,161,0,4158,0.0,0,0,"@@ -0,0 +1,161 @@"
gitanim_history,c47f28da/PER_LAYER_ADJUSTMENT_REQUIREMENTS.md,0,block_insert,0,536,0,20598,0.0,0,0,"@@ -0,0 +1,536 @@"
gitanim_history,c47f28da/POSTPROCESS_LAYERS.md,0,block_insert,0,150,0,5297,0.0,0,0,"@@ -0,0 +1,150 @@"
gitanim_history,c47f28da/POSTPROCESS_OPERATIONS.md,0,block_insert,0,698,0,29178,0.0,0,0,"@@ -0,0 +1,698 @@"
gitanim_history,c47f28da/POSTPROCESS_OPTIONS.md,0,block_insert,0,98,0,3471,0.0,0,0,"@@ -0,0 +1,98 @@"
gitanim_history,c47f28da/POSTPROCESS_PIPELINE.md,0,block_insert,0,119,0,4389,0.0,0,0,"@@ -0,0 +1,119 @@"
gitanim_history,c47f28da/POSTPROCESS_QUICK_REFERENCE.md,0,block_insert,0,143,0,6240,0.0,0,0,"@@ -0,0 +1,143 @@"
gitanim_history,c47f28da/POSTPROCESS_REDESIGN.md,0,block_insert,0,472,0,16879,0.0,0,0,"@@ -0,0 +1,472 @@"
gitanim_history,c47f28da/POSTPROCESS_TRANSFORMS.md,0,block_insert,0,348,0,11893,0.0,0,0,"@@ -0,0 +1,348 @@"
gitanim_history,c47f28da/PP_LAYER_DELETE_LINE_FIRST.md,0,block_insert,0,83,0,2245,0.0,0,0,"@@ -0,0 +1,83 @@"
gitanim_history,c47f28da/PP_LAYER_OVERWRITE.md,0,block_insert,0,104,0,3402,0.0,0,0,"@@ -0,0 +1,104 @@"
gitanim_history,c47f28da/REQUIREMENTS.md,0,block_insert,0,1234,0,47597,0.0,0,0,"@@ -0,0 +1,1234 @@"
gitanim_history,c47f28da/RESTORING_OLD_FEATURES.md,0,block_insert,0,360,0,13425,0.0,0,0,"@@ -0,0 +1,360 @@"
gitanim_history,c47f28da/TUNE_INTERFACE_ANALYSIS.md,0,block_insert,0,163,0,5722,0.0,0,0,"@@ -0,0 +1,163 @@"
gitanim_history,c47f28da/USER_REQUESTS.md,0,block_insert,0,337,0,15709,0.0,0,0,"@@ -0,0 +1,337 @@"
gitanim_history,c47f28da/VISUAL_GUIDE.md,0,block_insert,0,650,0,30681,0.0,0,0,"@@ -0,0 +1,650 @@"
gitanim_history,c47f28da/architecture.md,0,literal_replace,1,1,309,304,0.865,0,0,"@@ -97,4 +97,4 @@ Same architecture as ad_tmux but written in Perl with:"
gitanim_history,c47f28da/compute.md,0,block_insert,0,9,0,610,0.0,0,0,"@@ -80,6 +80,15 @@ ad_vim --precomputed /tmp/diff.txt old.py new.py"
gitanim_history,c47f28da/compute.md,1,literal_replace,1,1,69,65,0.8,0,0,"@@ -113,7 +122,7 @@ HUNK 5"
gitanim_history,c47f28da/controls.md,0,literal_replace,1,1,309,304,0.865,0,0,"@@ -66,4 +66,4 @@ This shows:"
gitanim_history,c47f28da/examples.md,0,literal_replace,1,1,309,304,0.865,0,0,"@@ -114,4 +114,4 @@ Inside an existing vim session:"
gitanim_history,c47f28da/git-integration.md,0,literal_replace,1,1,309,304,0.865,0,0,"@@ -81,4 +81,4 @@ ad_vim --replay src/main.py src/utils.py src/config.py"
gitanim_history,c47f28da/installation.md,0,block_replace,19,53,655,1167,0.176,0,0,"@@ -1,40 +1,74 @@"
gitanim_history,c47f28da/installation.md,1,block_replace,4,7,109,435,0.192,0,0,"@@ -43,15 +77,18 @@ cp completion/ad_vim.bash /etc/bash_completion.d/ad_vim"
gitanim_history,c47f28da/options.md,0,block_insert,0,61,0,3741,0.0,0,0,"@@ -203,3 +203,64 @@ ad_vim --highlight hunk --dim-unchanged old.py new.py"
gitanim_history,c47f28da/parsers.md,0,word_replace,1,1,45,41,0.667,0,0,"@@ -90,4 +90,4 @@ sub parse_diff {"
gitanim_history,c47f28da/plugin.md,0,literal_replace,1,1,309,304,0.865,0,0,"@@ -67,4 +67,4 @@ let g:diffvim = {"
gitanim_history,c47f28da/quick-start.md,0,literal_replace,1,1,309,304,0.865,0,0,"@@ -80,4 +80,4 @@ The repo includes example file pairs in `tests/tests/examples/`:"
gitanim_history,c47f28da/testing.md,0,literal_replace,1,1,309,304,0.865,0,0,"@@ -71,4 +71,4 @@ perl ad_vim.pl --dry-run tests/tests/examples/01_small_python/old.py tests/tests"
gitanim_history,6cbfe36d/OBSOLETE_DOCS.md,0,block_insert,0,88,0,4535,0.0,0,0,"@@ -0,0 +1,88 @@"
gitanim_history,6cbfe36d/100_IMPROVEMENTS.md,0,block_delete,956,0,68544,0,0.0,0,0,"@@ -1,956 +0,0 @@"
gitanim_history,6cbfe36d/ADOPTION_GUIDE.md,0,block_delete,471,0,14715,0,0.0,0,0,"@@ -1,471 +0,0 @@"
gitanim_history,6cbfe36d/ANIMATOR_REQUIREMENTS.md,0,block_delete,832,0,30853,0,0.0,0,0,"@@ -1,832 +0,0 @@"
gitanim_history,6cbfe36d/API_REFERENCE.md,0,block_delete,133,0,4616,0,0.0,0,0,"@@ -1,133 +0,0 @@"
gitanim_history,6cbfe36d/ARCHITECTURE_ANALYSIS.md,0,block_delete,443,0,23078,0,0.0,0,0,"@@ -1,443 +0,0 @@"
gitanim_history,6cbfe36d/BINARY_FORMAT_ANALYSIS.md,0,block_delete,175,0,5608,0,0.0,0,0,"@@ -1,175 +0,0 @@"
gitanim_history,6cbfe36d/COMPLETE_OPTIONS_REFERENCE.md,0,block_delete,573,0,14071,0,0.0,0,0,"@@ -1,573 +0,0 @@"
gitanim_history,6cbfe36d/CONFIGURATION.md,0,block_delete,391,0,11945,0,0.0,0,0,"@@ -1,391 +0,0 @@"
gitanim_history,6cbfe36d/CONTROLS.md,0,block_delete,284,0,9675,0,0.0,0,0,"@@ -1,284 +0,0 @@"
gitanim_history,6cbfe36d/DEBUGGING.md,0,block_delete,390,0,12076,0,0.0,0,0,"@@ -1,390 +0,0 @@"
gitanim_history,6cbfe36d/DEBUGGING_LAYERS.md,0,block_delete,166,0,4473,0,0.0,0,0,"@@ -1,166 +0,0 @@"
gitanim_history,6cbfe36d/DESIGN_smooth_cursor_and_distance_speed.md,0,block_delete,194,0,7183,0,0.0,0,0,"@@ -1,194 +0,0 @@"
gitanim_history,6cbfe36d/DEVELOPER_GUIDE.md,0,block_delete,635,0,20337,0,0.0,0,0,"@@ -1,635 +0,0 @@"
gitanim_history,6cbfe36d/DIFF_STUDY.md,0,block_delete,226,0,8577,0,0.0,0,0,"@@ -1,226 +0,0 @@"
gitanim_history,6cbfe36d/NEW_FEATURES.md,0,block_delete,173,0,5868,0,0.0,0,0,"@@ -1,173 +0,0 @@"
gitanim_history,6cbfe36d/NON_CHAR_OPTIONS.md,0,block_delete,281,0,11151,0,0.0,0,0,"@@ -1,281 +0,0 @@"
gitanim_history,6cbfe36d/OPTIONS_ANALYSIS.md,0,block_delete,268,0,10658,0,0.0,0,0,"@@ -1,268 +0,0 @@"
gitanim_history,6cbfe36d/OPTIONS_OVERVIEW.md,0,block_delete,299,0,14362,0,0.0,0,0,"@@ -1,299 +0,0 @@"
gitanim_history,6cbfe36d/OPTION_ANALYSIS.md,0,block_delete,646,0,25957,0,0.0,0,0,"@@ -1,646 +0,0 @@"
gitanim_history,6cbfe36d/OPTION_AUDIT.md,0,block_delete,130,0,5909,0,0.0,0,0,"@@ -1,130 +0,0 @@"
gitanim_history,6cbfe36d/OPTION_COMBINATIONS.md,0,block_delete,161,0,4158,0,0.0,0,0,"@@ -1,161 +0,0 @@"
gitanim_history,6cbfe36d/PER_LAYER_ADJUSTMENT_REQUIREMENTS.md,0,block_delete,536,0,20598,0,0.0,0,0,"@@ -1,536 +0,0 @@"
gitanim_history,6cbfe36d/POSTPROCESS_LAYERS.md,0,block_delete,150,0,5297,0,0.0,0,0,"@@ -1,150 +0,0 @@"
gitanim_history,6cbfe36d/POSTPROCESS_OPERATIONS.md,0,block_delete,698,0,29178,0,0.0,0,0,"@@ -1,698 +0,0 @@"
gitanim_history,6cbfe36d/POSTPROCESS_OPTIONS.md,0,block_delete,98,0,3471,0,0.0,0,0,"@@ -1,98 +0,0 @@"
gitanim_history,6cbfe36d/POSTPROCESS_PIPELINE.md,0,block_delete,119,0,4389,0,0.0,0,0,"@@ -1,119 +0,0 @@"
gitanim_history,6cbfe36d/POSTPROCESS_QUICK_REFERENCE.md,0,block_delete,143,0,6240,0,0.0,0,0,"@@ -1,143 +0,0 @@"
gitanim_history,6cbfe36d/POSTPROCESS_REDESIGN.md,0,block_delete,472,0,16879,0,0.0,0,0,"@@ -1,472 +0,0 @@"
gitanim_history,6cbfe36d/POSTPROCESS_TRANSFORMS.md,0,block_delete,348,0,11893,0,0.0,0,0,"@@ -1,348 +0,0 @@"
gitanim_history,6cbfe36d/PP_LAYER_DELETE_LINE_FIRST.md,0,block_delete,83,0,2245,0,0.0,0,0,"@@ -1,83 +0,0 @@"
gitanim_history,6cbfe36d/PP_LAYER_OVERWRITE.md,0,block_delete,104,0,3402,0,0.0,0,0,"@@ -1,104 +0,0 @@"
gitanim_history,6cbfe36d/REQUIREMENTS.md,0,block_delete,1234,0,47597,0,0.0,0,0,"@@ -1,1234 +0,0 @@"
gitanim_history,6cbfe36d/RESTORING_OLD_FEATURES.md,0,block_delete,360,0,13425,0,0.0,0,0,"@@ -1,360 +0,0 @@"
gitanim_history,6cbfe36d/TUNE_INTERFACE_ANALYSIS.md,0,block_delete,163,0,5722,0,0.0,0,0,"@@ -1,163 +0,0 @@"
gitanim_history,6cbfe36d/USER_REQUESTS.md,0,block_delete,337,0,15709,0,0.0,0,0,"@@ -1,337 +0,0 @@"
gitanim_history,6cbfe36d/VISUAL_GUIDE.md,0,block_delete,650,0,30681,0,0.0,0,0,"@@ -1,650 +0,0 @@"
gitanim_history,6cbfe36d/architecture.md,0,literal_replace,1,1,304,309,0.865,0,0,"@@ -97,4 +97,4 @@ Same architecture as ad_tmux but written in Perl with:"
gitanim_history,6cbfe36d/compute.md,0,block_delete,9,0,610,0,0.0,0,0,"@@ -80,15 +80,6 @@ ad_vim --precomputed /tmp/diff.txt old.py new.py"
gitanim_history,6cbfe36d/compute.md,1,literal_replace,1,1,65,69,0.8,0,0,"@@ -122,7 +113,7 @@ HUNK 5"
gitanim_history,6cbfe36d/controls.md,0,literal_replace,1,1,304,309,0.865,0,0,"@@ -66,4 +66,4 @@ This shows:"
gitanim_history,6cbfe36d/examples.md,0,literal_replace,1,1,304,309,0.865,0,0,"@@ -114,4 +114,4 @@ Inside an existing vim session:"
gitanim_history,6cbfe36d/git-integration.md,0,literal_replace,1,1,304,309,0.865,0,0,"@@ -81,4 +81,4 @@ ad_vim --replay src/main.py src/utils.py src/config.py"
gitanim_history,6cbfe36d/installation.md,0,block_replace,53,19,1167,655,0.176,0,0,"@@ -1,74 +1,40 @@"
gitanim_history,6cbfe36d/installation.md,1,block_replace,7,4,435,109,0.192,0,0,"@@ -77,18 +43,15 @@ cp completion/ad_vim.bash /etc/bash_completion.d/ad_vim"
gitanim_history,6cbfe36d/options.md,0,block_delete,61,0,3741,0,0.0,0,0,"@@ -203,64 +203,3 @@ ad_vim --highlight hunk --dim-unchanged old.py new.py"
gitanim_history,6cbfe36d/parsers.md,0,word_replace,1,1,41,45,0.667,0,0,"@@ -90,4 +90,4 @@ sub parse_diff {"
gitanim_history,6cbfe36d/plugin.md,0,literal_replace,1,1,304,309,0.865,0,0,"@@ -67,4 +67,4 @@ let g:diffvim = {"
gitanim_history,6cbfe36d/quick-start.md,0,literal_replace,1,1,304,309,0.865,0,0,"@@ -80,4 +80,4 @@ The repo includes example file pairs in `tests/tests/examples/`:"
gitanim_history,6cbfe36d/testing.md,0,literal_replace,1,1,304,309,0.865,0,0,"@@ -71,4 +71,4 @@ perl ad_vim.pl --dry-run tests/tests/examples/01_small_python/old.py tests/tests"
gitanim_history,d1efd32e/CHANGELOG.md,0,word_replace,1,1,33,32,0.5,0,0,"@@ -11,7 +11,7 @@ and this project adheres to [Semantic Versioning](https://semver.org/spec/v2.0.0"
gitanim_history,d1efd32e/CHANGELOG.md,1,line_replace,1,1,31,26,0.25,0,0,"@@ -90,7 +90,7 @@ animator parses both formats (typed and untyped) for backward compat."
gitanim_history,d1efd32e/CHANGELOG.md,2,word_replace,1,1,34,33,0.6,0,0,"@@ -105,7 +105,7 @@ The C animator supports `--colormap-old FILE` and `--colormap-new FILE`"
gitanim_history,d1efd32e/CHANGELOG.md,3,word_replace,1,1,72,61,0.375,0,0,"@@ -157,7 +157,7 @@ Survivors:"
gitanim_history,d1efd32e/CHANGELOG.md,4,word_replace,1,1,70,64,0.7,0,0,"@@ -174,7 +174,7 @@ The `--tool c|cpp|rust|go` option is gone from both `diffvim` and"
gitanim_history,d1efd32e/CHANGELOG.md,5,block_modify,3,3,188,180,0.714,0,0,"@@ -268,11 +268,11 @@ animator. The Go versions no longer exist."
gitanim_history,d1efd32e/CHANGELOG.md,6,word_replace,1,1,44,43,0.714,0,0,"@@ -306,7 +306,7 @@ animator. The Go versions no longer exist."
gitanim_history,d1efd32e/CHANGELOG.md,7,word_replace,1,1,59,58,0.75,0,0,"@@ -363,7 +363,7 @@ Fix: when `cursorL >= len(lines)`, set `cursorC` to"
gitanim_history,d1efd32e/CHANGELOG.md,8,block_modify,3,3,229,226,0.913,0,0,"@@ -454,11 +454,11 @@ Updated presets to use only unified options:"
gitanim_history,d1efd32e/CHANGELOG.md,9,block_modify,2,2,129,127,0.818,0,0,"@@ -489,9 +489,9 @@ tests/test_viewport.pl (23), tests/test_input_source.pl (14) — 165 new asserti"
gitanim_history,d1efd32e/CHANGELOG.md,10,word_replace,1,1,53,52,0.778,0,0,"@@ -515,7 +515,7 @@ installed."
gitanim_history,d1efd32e/CHANGELOG.md,11,block_modify,8,8,376,342,0.811,0,0,"@@ -535,32 +535,32 @@ removed. Users should now use the compute tools directly:"
gitanim_history,d1efd32e/CHANGELOG.md,12,word_replace,1,1,40,39,0.667,0,0,"@@ -605,7 +605,7 @@ license)."
gitanim_history,d1efd32e/CHANGELOG.md,13,word_replace,1,1,72,67,0.7,0,0,"@@ -691,7 +691,7 @@ viewer from losing context in very large hunks."
gitanim_history,d1efd32e/CHANGELOG.md,14,typo_fix,1,1,71,70,0.846,0,0,"@@ -756,7 +756,7 @@ applied in a single batch followed by the rapid delay."
gitanim_history,d1efd32e/CHANGELOG.md,15,block_modify,2,2,109,106,0.846,0,0,"@@ -866,9 +866,9 @@ and diff presentation. Each item is framed from the viewer's perspective."
gitanim_history,d1efd32e/CHANGELOG.md,16,block_modify,2,2,140,133,0.81,0,0,"@@ -876,8 +876,8 @@ and diff presentation. Each item is framed from the viewer's perspective."
gitanim_history,d1efd32e/CHANGELOG.md,17,word_replace,1,1,69,64,0.75,0,0,"@@ -892,7 +892,7 @@ and diff presentation. Each item is framed from the viewer's perspective."
gitanim_history,d1efd32e/CHANGELOG.md,18,block_modify,4,4,239,222,0.913,0,0,"@@ -910,16 +910,16 @@ and diff presentation. Each item is framed from the viewer's perspective."
gitanim_history,d1efd32e/README.md,0,typo_fix,1,1,75,74,0.857,0,0,"@@ -108,7 +108,7 @@ ad/"
gitanim_history,d1efd32e/COMPARISON.md,0,word_replace,1,1,53,52,0.75,0,0,"@@ -1,4 +1,4 @@"
gitanim_history,d1efd32e/COMPARISON.md,1,block_modify,2,2,65,63,0.8,0,0,"@@ -6,10 +6,10 @@"
gitanim_history,d1efd32e/COMPARISON.md,2,typo_fix,1,1,61,60,0.818,0,0,"@@ -31,7 +31,7 @@ Everything in one process, one language, one 4,500-line script."
gitanim_history,d1efd32e/COMPARISON.md,3,word_replace,1,1,51,50,0.667,0,0,"@@ -64,7 +64,7 @@ replaceable. The animator is ~200 lines (C++) vs. ~4,500 (vimscript)."
gitanim_history,d1efd32e/COMPARISON.md,4,word_replace,1,1,24,23,0.6,0,0,"@@ -84,7 +84,7 @@ replaceable. The animator is ~200 lines (C++) vs. ~4,500 (vimscript)."
gitanim_history,d1efd32e/COMPARISON.md,5,word_replace,1,1,25,24,0.5,0,0,"@@ -196,7 +196,7 @@ Test cases covered:"
gitanim_history,d1efd32e/COMPARISON.md,6,word_replace,1,1,39,38,0.714,0,0,"@@ -224,7 +224,7 @@ Compute parity:             14/14 PASS (C++ == Perl fallback identical)"
gitanim_history,d1efd32e/COMPARISON.md,7,block_modify,2,2,91,89,0.857,0,0,"@@ -248,12 +248,12 @@ Compute parity:             14/14 PASS (C++ == Perl fallback identical)"
gitanim_history,d1efd32e/COMPARISON.md,8,block_modify,4,4,154,150,0.833,0,0,"@@ -268,24 +268,24 @@ Add `--animator` flag to the bash `diffvim` wrapper that builds the"
gitanim_history,d1efd32e/README.md,0,typo_fix,1,1,70,69,0.857,0,0,"@@ -3,7 +3,7 @@"
gitanim_history,d1efd32e/README.md,1,word_replace,1,1,78,76,0.714,0,0,"@@ -21,7 +21,7 @@ simpler, faster, more correct architecture."
gitanim_history,d1efd32e/README.md,2,block_modify,2,2,91,89,0.778,0,0,"@@ -450,9 +450,9 @@ testing without a terminal."
gitanim_history,d1efd32e/README.md,3,word_replace,1,1,21,20,0.6,0,0,"@@ -471,7 +471,7 @@ testing without a terminal."
gitanim_history,d1efd32e/README.md,4,block_modify,3,3,126,123,0.818,0,0,"@@ -482,12 +482,12 @@ ad_pipeline old.py new.py"
gitanim_history,d1efd32e/colorize.pl,0,word_replace,1,1,63,58,0.727,0,0,"@@ -1,5 +1,5 @@"
gitanim_history,d1efd32e/colorize.pl,1,word_replace,1,1,78,73,0.727,0,0,"@@ -11,7 +11,7 @@"
gitanim_history,d1efd32e/colorize.pl,2,block_modify,2,2,106,96,0.8,0,0,"@@ -38,9 +38,9 @@ GetOptions("
gitanim_history,d1efd32e/colorize.pl,3,block_modify,3,3,165,150,0.75,0,0,"@@ -61,9 +61,9 @@ Output format:"
gitanim_history,d1efd32e/colorize.pl,4,word_replace,1,1,81,76,0.769,0,0,"@@ -125,7 +125,7 @@ sub colorize_with_vim {"
gitanim_history,d1efd32e/colorize.pl,5,word_replace,1,1,95,90,0.727,0,0,"@@ -336,4 +336,4 @@ for my $line (@colored) {"
gitanim_history,d1efd32e/AUTOLOAD_README.md,0,typo_fix,1,1,62,61,0.8,0,0,"@@ -1,6 +1,6 @@"
gitanim_history,d1efd32e/PLUGIN_README.md,0,word_replace,1,1,20,19,0.5,0,0,"@@ -1,4 +1,4 @@"
gitanim_history,d1efd32e/PLUGIN_README.md,1,typo_fix,1,1,48,47,0.8,0,0,"@@ -56,7 +56,7 @@ make"
gitanim_history,d1efd32e/README.md,0,typo_fix,1,1,64,63,0.8,0,0,"@@ -14,7 +14,7 @@ that animates a diff inside vim."
gitanim_history,d1efd32e/ad_vim.pl,0,typo_fix,1,1,64,63,0.846,0,0,"@@ -1,5 +1,5 @@"
gitanim_history,d1efd32e/ad_vim.pl,1,block_modify,3,3,170,167,0.875,0,0,"@@ -13,9 +13,9 @@"
gitanim_history,d1efd32e/ad_vim.pl,2,block_modify,2,2,79,77,0.75,0,0,"@@ -449,8 +449,8 @@ USAGE"
gitanim_history,d1efd32e/ad_vim.pl,3,typo_fix,1,1,98,97,0.867,0,0,"@@ -604,7 +604,7 @@ sub _is_binary {"
gitanim_history,d1efd32e/ad_vim.pl,4,typo_fix,1,1,71,70,0.818,0,0,"@@ -718,7 +718,7 @@ my $runtime_speed = 1.0;"
gitanim_history,d1efd32e/ad_vim.pl,5,word_replace,1,1,31,30,0.333,0,0,"@@ -973,7 +973,7 @@ function! DvToggleHelp() abort"
gitanim_history,d1efd32e/ad_vim.pl,6,word_replace,1,1,39,38,0.667,0,0,"@@ -1005,7 +1005,7 @@ endfunction"
gitanim_history,d1efd32e/ad_vim.pl,7,block_modify,3,3,93,90,0.714,0,0,"@@ -1013,19 +1013,19 @@ function! DvUndo() abort"
gitanim_history,d1efd32e/ad_vim.pl,8,typo_fix,1,1,62,61,0.8,0,0,"@@ -1118,7 +1118,7 @@ sub setup_no_tmux {"
gitanim_history,d1efd32e/ad_vim.pl,9,word_replace,1,1,59,58,0.778,0,0,"@@ -1130,7 +1130,7 @@ sub setup_no_tmux {"
gitanim_history,d1efd32e/ad_vim.pl,10,word_replace,1,1,61,60,0.75,0,0,"@@ -1157,7 +1157,7 @@ sub setup_remote {"
gitanim_history,d1efd32e/ad_vim.pl,11,typo_fix,1,1,94,93,0.857,0,0,"@@ -1332,7 +1332,7 @@ sub load_precomputed {"
gitanim_history,d1efd32e/ad_vim.pl,12,word_replace,1,1,54,53,0.75,0,0,"@@ -1407,7 +1407,7 @@ sub update_progress {"
gitanim_history,d1efd32e/ad_vim.pl,13,typo_fix,1,1,121,120,0.833,0,0,"@@ -1438,7 +1438,7 @@ sub start_next_hunk {"
gitanim_history,d1efd32e/ad_vim.pl,14,block_modify,4,4,317,313,0.882,0,0,"@@ -1699,16 +1699,16 @@ sub handle_user_input {"
gitanim_history,d1efd32e/ad_vim.pl,15,word_replace,1,1,56,55,0.75,0,0,"@@ -1806,7 +1806,7 @@ sub go_back_one_op {"
gitanim_history,d1efd32e/ad_vim.pl,16,word_replace,1,1,52,51,0.714,0,0,"@@ -1819,7 +1819,7 @@ sub go_to_beginning {"
gitanim_history,d1efd32e/ad_vim.pl,17,word_replace,1,1,46,45,0.714,0,0,"@@ -1828,7 +1828,7 @@ sub skip_to_end {"
gitanim_history,d1efd32e/ad_vim.pl,18,typo_fix,1,1,95,94,0.8,0,0,"@@ -1901,7 +1901,7 @@ sub animate {"
gitanim_history,d1efd32e/ad_vim.pl,19,typo_fix,1,1,136,135,0.9,0,0,"@@ -1912,7 +1912,7 @@ sub animate {"
gitanim_history,d1efd32e/ad_vim.pl,20,word_replace,1,1,66,65,0.75,0,0,"@@ -1935,7 +1935,7 @@ sub animate {"
gitanim_history,d1efd32e/ad_vim.pl,21,block_modify,2,2,181,179,0.818,0,0,"@@ -1975,11 +1975,11 @@ sub animate_all_pairs {"
gitanim_history,d1efd32e/ad_vim.pl,22,word_replace,1,1,99,98,0.778,0,0,"@@ -1988,7 +1988,7 @@ sub animate_all_pairs {"
gitanim_history,d1efd32e/ad_vim.pl,23,typo_fix,1,1,72,71,0.8,0,0,"@@ -2090,7 +2090,7 @@ if (@file_pairs > 1) {"
gitanim_history,d1efd32e/ad_vim.pl,24,block_modify,2,2,125,123,0.833,0,0,"@@ -2105,10 +2105,10 @@ if (@file_pairs > 1) {"
gitanim_history,d1efd32e/ad_vim.pl,25,typo_fix,1,1,89,88,0.833,0,0,"@@ -2116,7 +2116,7 @@ if (@file_pairs > 1) {"
gitanim_history,d1efd32e/engine.vim,0,typo_fix,1,1,71,70,0.9,0,0,"@@ -1,4 +1,4 @@"
gitanim_history,d1efd32e/engine.vim,1,block_modify,4,4,233,229,0.905,0,0,"@@ -6,22 +6,22 @@"
gitanim_history,d1efd32e/engine.vim,2,word_replace,1,1,66,65,0.778,0,0,"@@ -525,7 +525,7 @@ endfunction"
gitanim_history,d1efd32e/engine.vim,3,typo_fix,1,1,82,81,0.846,0,0,"@@ -569,7 +569,7 @@ function! s:LoadPrecomputed(path) abort"
gitanim_history,d1efd32e/engine.vim,4,typo_fix,1,1,70,69,0.875,0,0,"@@ -1335,7 +1335,7 @@ function! s:StartNextHunk() abort"
gitanim_history,d1efd32e/engine.vim,5,block_modify,2,2,231,229,0.882,0,0,"@@ -1344,9 +1344,9 @@ function! s:StartNextHunk() abort"
gitanim_history,d1efd32e/engine.vim,6,typo_fix,1,1,156,155,0.933,0,0,"@@ -1403,7 +1403,7 @@ function! s:StartNextHunk() abort"
gitanim_history,d1efd32e/engine.vim,7,word_replace,1,1,82,81,0.778,0,0,"@@ -1484,7 +1484,7 @@ function! s:UpdateProgress() abort"
gitanim_history,d1efd32e/engine.vim,8,typo_fix,1,1,73,72,0.8,0,0,"@@ -1594,7 +1594,7 @@ function! s:ProcessCharOp() abort"
gitanim_history,d1efd32e/engine.vim,9,word_replace,1,1,72,71,0.778,0,0,"@@ -1723,7 +1723,7 @@ function! s:ProcessCharOp() abort"
gitanim_history,d1efd32e/engine.vim,10,typo_fix,1,1,79,78,0.8,0,0,"@@ -1737,7 +1737,7 @@ function! s:ProcessCharOp() abort"
gitanim_history,d1efd32e/engine.vim,11,word_replace,1,1,54,53,0.75,0,0,"@@ -2655,7 +2655,7 @@ endfunction"
gitanim_history,d1efd32e/engine.vim,12,word_replace,1,1,70,69,0.75,0,0,"@@ -2664,7 +2664,7 @@ function! s:ShowGitBlame(line) abort"
gitanim_history,d1efd32e/engine.vim,13,word_replace,1,1,40,39,0.667,0,0,"@@ -2780,7 +2780,7 @@ endfunction"
gitanim_history,d1efd32e/engine.vim,14,word_replace,1,1,36,35,0.6,0,0,"@@ -2812,7 +2812,7 @@ endfunction"
gitanim_history,d1efd32e/engine.vim,15,typo_fix,1,1,77,76,0.833,0,0,"@@ -2874,7 +2874,7 @@ function! s:SkipCurrent() abort"
gitanim_history,d1efd32e/engine.vim,16,typo_fix,1,1,66,65,0.875,0,0,"@@ -2907,7 +2907,7 @@ function! s:Quit() abort"
gitanim_history,d1efd32e/engine.vim,17,block_modify,2,2,166,164,0.875,0,0,"@@ -2923,9 +2923,9 @@ function! s:Quit() abort"
gitanim_history,d1efd32e/engine.vim,18,block_modify,4,4,263,259,0.875,0,0,"@@ -2937,26 +2937,26 @@ augroup diffvim_quit"
gitanim_history,d1efd32e/engine.vim,19,block_modify,2,2,88,86,0.8,0,0,"@@ -2971,11 +2971,11 @@ endfunction"
gitanim_history,d1efd32e/engine.vim,20,block_modify,3,3,164,161,0.857,0,0,"@@ -3002,16 +3002,16 @@ function! s:NextFile() abort"
gitanim_history,d1efd32e/engine.vim,21,word_replace,1,1,74,73,0.75,0,0,"@@ -3022,7 +3022,7 @@ function! s:PrevFile() abort"
gitanim_history,d1efd32e/engine.vim,22,block_modify,3,3,208,205,0.895,0,0,"@@ -3046,12 +3046,12 @@ function! s:StartAnimation() abort"
gitanim_history,d1efd32e/engine.vim,23,word_replace,1,1,62,61,0.778,0,0,"@@ -3079,7 +3079,7 @@ function! s:StartAnimation() abort"
gitanim_history,d1efd32e/engine.vim,24,word_replace,1,1,33,32,0.667,0,0,"@@ -3148,7 +3148,7 @@ endfunction"
gitanim_history,d1efd32e/plugin.vim,0,typo_fix,1,1,63,62,0.818,0,0,"@@ -14,7 +14,7 @@"
gitanim_history,d1efd32e/plugin.vim,1,block_modify,2,2,54,54,0.667,0,0,"@@ -25,10 +25,10 @@"
gitanim_history,d1efd32e/plugin.vim,2,block_modify,2,2,60,59,0.6,0,0,"@@ -36,8 +36,8 @@ let g:diffvim = extend({"
gitanim_history,d1efd32e/plugin.vim,3,block_modify,2,2,109,108,0.75,0,0,"@@ -61,9 +61,9 @@ command! -nargs=+ -complete=file DiffVim call diffvim#run(<f-args>)"
gitanim_history,d1efd32e/plugin.vim,4,block_modify,2,2,81,80,0.667,0,0,"@@ -96,9 +96,9 @@ endfunction"
gitanim_history,d1efd32e/compute.pl,0,typo_fix,1,1,70,69,0.833,0,0,"@@ -1,7 +1,7 @@"
gitanim_history,d1efd32e/LAYER_ANALYSIS_AND_DOC_REVIEW.md,0,block_modify,2,2,136,126,0.7,0,0,"@@ -375,8 +375,8 @@ The audit lists 58 design docs with relevance scores. 28 were marked LOW relevan"
gitanim_history,d1efd32e/RESTRUCTURE_ANALYSIS.md,0,block_modify,5,5,232,202,0.6,0,0,"@@ -19,23 +19,23 @@ The project animates a diff. Diffvim is one application (the vim one) built on t"
gitanim_history,d1efd32e/RESTRUCTURE_ANALYSIS.md,1,typo_fix,1,1,282,281,0.929,0,0,"@@ -96,7 +96,7 @@ ad/                           # project root"
gitanim_history,d1efd32e/RESTRUCTURE_ANALYSIS.md,2,block_modify,2,2,542,536,1.0,0,0,"@@ -108,11 +108,11 @@ Move `tests/test_indent_last.pl` → `layers/tests/test_indent_last.pl`. Add `te"
gitanim_history,d1efd32e/RESTRUCTURE_ANALYSIS.md,3,block_modify,2,2,443,436,0.967,0,0,"@@ -316,11 +316,11 @@ Reflect the new project name (`ad`) and the new directory structure. Drop the vi"
gitanim_history,d1efd32e/ADOPTION_GUIDE.md,0,block_modify,10,10,743,728,0.963,0,0,"@@ -1,32 +1,32 @@"
gitanim_history,d1efd32e/ADOPTION_GUIDE.md,1,block_modify,8,8,450,442,0.931,0,0,"@@ -40,20 +40,20 @@ full `--help` output. Show them the six presets.**"
gitanim_history,d1efd32e/ADOPTION_GUIDE.md,2,word_replace,1,1,52,51,0.714,0,0,"@@ -72,7 +72,7 @@ real codebases. **Make `bin/ad_compute` the default**,"
gitanim_history,d1efd32e/ADOPTION_GUIDE.md,3,block_modify,2,2,135,133,0.905,0,0,"@@ -81,8 +81,8 @@ alias dv='diffvim'"
gitanim_history,d1efd32e/ADOPTION_GUIDE.md,4,typo_fix,1,1,68,67,0.8,0,0,"@@ -105,7 +105,7 @@ in the refactor; only the C++ tool remains.)"
gitanim_history,d1efd32e/ADOPTION_GUIDE.md,5,word_replace,1,1,50,49,0.778,0,0,"@@ -138,7 +138,7 @@ to `src/main.py`."
gitanim_history,d1efd32e/ADOPTION_GUIDE.md,6,typo_fix,1,1,70,69,0.833,0,0,"@@ -147,7 +147,7 @@ This is aggressive — only do it if your team is on board."
gitanim_history,d1efd32e/ADOPTION_GUIDE.md,7,word_replace,1,1,64,63,0.714,0,0,"@@ -165,7 +165,7 @@ jobs:"
gitanim_history,d1efd32e/ADOPTION_GUIDE.md,8,typo_fix,1,1,69,68,0.833,0,0,"@@ -183,7 +183,7 @@ jobs:"
gitanim_history,d1efd32e/ADOPTION_GUIDE.md,9,word_replace,1,1,35,34,0.714,0,0,"@@ -191,7 +191,7 @@ to use it too."
gitanim_history,d1efd32e/ADOPTION_GUIDE.md,10,block_modify,2,2,117,115,0.867,0,0,"@@ -205,9 +205,9 @@ Record once, embed in your project README:"
gitanim_history,d1efd32e/ADOPTION_GUIDE.md,11,word_replace,1,1,51,50,0.75,0,0,"@@ -216,7 +216,7 @@ For async review (Slack, GitHub PR comments), use log mode instead of"
gitanim_history,d1efd32e/ADOPTION_GUIDE.md,12,typo_fix,1,1,67,66,0.818,0,0,"@@ -224,7 +224,7 @@ diffvim --log-mode 2 --log-file - old.py new.py | \"
gitanim_history,d1efd32e/ADOPTION_GUIDE.md,13,word_replace,1,1,49,48,0.778,0,0,"@@ -275,7 +275,7 @@ it daily"" in one session."
gitanim_history,d1efd32e/ADOPTION_GUIDE.md,14,block_modify,6,6,243,237,0.923,0,0,"@@ -284,22 +284,22 @@ the result. The wow factor does the selling."
gitanim_history,d1efd32e/ADOPTION_GUIDE.md,15,block_modify,2,2,201,198,0.95,0,0,"@@ -332,9 +332,9 @@ You can't improve what you don't measure. Track:"
gitanim_history,d1efd32e/ADOPTION_GUIDE.md,16,block_modify,5,5,336,331,0.957,0,0,"@@ -346,23 +346,23 @@ the five reasons from §1."
gitanim_history,d1efd32e/ADOPTION_GUIDE.md,17,block_modify,5,5,266,261,0.931,0,0,"@@ -393,16 +393,16 @@ Use this as a shared checklist in your team channel:"
gitanim_history,d1efd32e/ADOPTION_GUIDE.md,18,block_modify,2,2,140,138,0.917,0,0,"@@ -411,11 +411,11 @@ Week 3 — Compute tools and large files"
gitanim_history,d1efd32e/ADOPTION_GUIDE.md,19,typo_fix,1,1,69,68,0.833,0,0,"@@ -428,7 +428,7 @@ When every box is checked, diffvim is part of your team's DNA."
gitanim_history,d1efd32e/ADOPTION_GUIDE.md,20,word_replace,1,1,35,34,0.714,0,0,"@@ -446,7 +446,7 @@ The three things that matter most:"
gitanim_history,d1efd32e/ADOPTION_GUIDE.md,21,block_modify,2,2,133,131,0.846,0,0,"@@ -458,14 +458,14 @@ using diffvim daily within a month."
gitanim_history,d1efd32e/AI_CODE_DIFFING.md,0,typo_fix,1,1,71,70,0.857,0,0,"@@ -18,7 +18,7 @@ diff, they face unique challenges:"
gitanim_history,d1efd32e/AI_CODE_DIFFING.md,1,block_modify,2,2,90,88,0.846,0,0,"@@ -62,9 +62,9 @@ to find things that can be done WITHOUT real-time AI calls."
gitanim_history,d1efd32e/AI_CODE_DIFFING.md,2,block_modify,2,2,133,131,0.875,0,0,"@@ -120,9 +120,9 @@ to find things that can be done WITHOUT real-time AI calls."
gitanim_history,d1efd32e/AI_CODE_DIFFING.md,3,word_replace,1,1,56,55,0.778,0,0,"@@ -143,7 +143,7 @@ to find things that can be done WITHOUT real-time AI calls."
gitanim_history,d1efd32e/AI_CODE_DIFFING.md,4,word_replace,1,1,53,52,0.75,0,0,"@@ -177,7 +177,7 @@ to find things that can be done WITHOUT real-time AI calls."
gitanim_history,d1efd32e/AI_CODE_DIFFING.md,5,word_replace,1,1,42,41,0.75,0,0,"@@ -210,7 +210,7 @@ to find things that can be done WITHOUT real-time AI calls."
gitanim_history,d1efd32e/AI_CODE_DIFFING.md,6,block_modify,4,4,246,242,0.957,0,0,"@@ -236,14 +236,14 @@ to find things that can be done WITHOUT real-time AI calls."
gitanim_history,d1efd32e/AI_CODE_DIFFING.md,7,block_modify,4,4,284,280,0.939,0,0,"@@ -318,24 +318,24 @@ to find things that can be done WITHOUT real-time AI calls."
gitanim_history,d1efd32e/AI_CODE_DIFFING.md,8,literal_replace,1,1,309,304,0.917,0,0,"@@ -352,4 +352,4 @@ keep 32"
gitanim_history,d1efd32e/ANIMATOR_REQUIREMENTS.md,0,typo_fix,1,1,73,72,0.833,0,0,"@@ -12,7 +12,7 @@"
gitanim_history,d1efd32e/ANIMATOR_REQUIREMENTS.md,1,typo_fix,1,1,63,62,0.8,0,0,"@@ -55,7 +55,7 @@ A **standalone terminal application** (`ad`) that:"
gitanim_history,d1efd32e/ANIMATOR_REQUIREMENTS.md,2,word_replace,1,1,67,66,0.75,0,0,"@@ -772,7 +772,7 @@ ad/"
gitanim_history,d1efd32e/API_REFERENCE.md,0,word_replace,1,1,23,22,0.5,0,0,"@@ -1,4 +1,4 @@"
gitanim_history,d1efd32e/API_REFERENCE.md,1,block_modify,2,2,95,85,0.727,0,0,"@@ -92,9 +92,9 @@ ad_pipeline [options] <oldfile> <newfile>"
gitanim_history,d1efd32e/ARCHITECTURE.md,0,word_replace,1,1,49,44,0.6,0,0,"@@ -126,7 +126,7 @@ s:SkipCurrent() called"
gitanim_history,d1efd32e/ARCHITECTURE.md,1,block_modify,3,3,160,153,0.824,0,0,"@@ -242,16 +242,16 @@ op_idx++"
gitanim_history,d1efd32e/ARCHITECTURE.md,2,word_replace,1,1,47,42,0.571,0,0,"@@ -278,7 +278,7 @@ architecture:"
gitanim_history,d1efd32e/ARCHITECTURE.md,3,line_replace,1,1,19,14,0.25,0,0,"@@ -289,7 +289,7 @@ architecture:"
gitanim_history,d1efd32e/ARCHITECTURE.md,4,block_modify,2,2,133,122,0.8,0,0,"@@ -331,14 +331,14 @@ Returns:"
gitanim_history,d1efd32e/ARCHITECTURE.md,5,block_modify,2,2,132,126,0.765,0,0,"@@ -359,10 +359,10 @@ Returns:"
gitanim_history,d1efd32e/ARCHITECTURE_ANALYSIS.md,0,block_modify,2,2,111,109,0.882,0,0,"@@ -4,11 +4,11 @@ This document analyses the seven architecture questions you raised. For each, I"
gitanim_history,d1efd32e/ARCHITECTURE_ANALYSIS.md,1,block_modify,2,2,454,452,0.962,0,0,"@@ -305,9 +305,9 @@ Old animators that parse `delay<TAB><ms>` would still work (they'd just see the"
gitanim_history,d1efd32e/ARCHITECTURE_ANALYSIS.md,2,literal_replace,1,1,109,104,0.8,0,0,"@@ -328,7 +328,7 @@ The `--highlight` option in diffvim does **animation highlighting** (painting fr"
gitanim_history,d1efd32e/ARCHITECTURE_ANALYSIS.md,3,literal_replace,1,1,139,134,0.905,0,0,"@@ -360,7 +360,7 @@ But pygmentize is simpler and language-agnostic."
gitanim_history,d1efd32e/ARCHITECTURE_ANALYSIS.md,4,word_replace,1,1,52,51,0.714,0,0,"@@ -393,7 +393,7 @@ The picker shows commits that touched the current file, with a `git show --stat"
gitanim_history,d1efd32e/ARCHITECTURE_ANALYSIS.md,5,block_modify,3,3,359,352,0.921,0,0,"@@ -413,19 +413,19 @@ The picker shows commits that touched the current file, with a `git show --stat"
gitanim_history,d1efd32e/ARCHITECTURE_DIAGRAMS.md,0,word_replace,1,1,32,31,0.5,0,0,"@@ -40,7 +40,7 @@ new.py ──┘                              │"
gitanim_history,d1efd32e/ARCHITECTURE_DIAGRAMS.md,1,line_replace,1,1,39,34,0.0,0,0,"@@ -51,7 +51,7 @@ new.py ──┘                              │"
gitanim_history,d1efd32e/COMPLETE_OPTIONS_REFERENCE.md,0,word_replace,1,1,36,35,0.6,0,0,"@@ -1,4 +1,4 @@"
gitanim_history,d1efd32e/COMPLETE_OPTIONS_REFERENCE.md,1,block_modify,7,7,269,262,0.857,0,0,"@@ -30,38 +30,38 @@ the exact command line to run it. Options are grouped by category."
gitanim_history,d1efd32e/COMPLETE_OPTIONS_REFERENCE.md,2,block_modify,7,7,364,357,0.875,0,0,"@@ -71,33 +71,33 @@ diffvim --word-pause-ms 300 old.py new.py"
gitanim_history,d1efd32e/COMPLETE_OPTIONS_REFERENCE.md,3,block_modify,15,15,744,729,0.92,0,0,"@@ -109,71 +109,71 @@ Deletion strategy: `char|rapid-eol|rapid-identical|word|instant|flash` (default:"
gitanim_history,d1efd32e/COMPLETE_OPTIONS_REFERENCE.md,4,block_modify,3,3,127,124,0.818,0,0,"@@ -184,16 +184,16 @@ diffvim --pause-after-delete-ms 300 old.py new.py"
gitanim_history,d1efd32e/COMPLETE_OPTIONS_REFERENCE.md,5,word_replace,1,1,43,42,0.75,0,0,"@@ -205,7 +205,7 @@ Glide duration between hunks in ms (0 = off, default: 0). When >0,"
gitanim_history,d1efd32e/COMPLETE_OPTIONS_REFERENCE.md,6,typo_fix,1,1,78,77,0.8,0,0,"@@ -213,7 +213,7 @@ Show intermediate lines during glide (1 = yes, default; 0 = just"
gitanim_history,d1efd32e/COMPLETE_OPTIONS_REFERENCE.md,7,block_modify,4,4,264,260,0.833,0,0,"@@ -225,25 +225,25 @@ Adaptive speed based on hunk distance (default: off). When enabled,"
gitanim_history,d1efd32e/COMPLETE_OPTIONS_REFERENCE.md,8,block_modify,5,5,221,216,0.867,0,0,"@@ -253,11 +253,11 @@ diffvim --distance-speed adaptive --distance-slow-mult 0.3 old.py new.py"
gitanim_history,d1efd32e/COMPLETE_OPTIONS_REFERENCE.md,9,block_modify,4,4,147,143,0.818,0,0,"@@ -267,26 +267,26 @@ diffvim --op-order end-first-smart old.py new.py"
gitanim_history,d1efd32e/COMPLETE_OPTIONS_REFERENCE.md,10,block_modify,13,13,594,581,0.92,0,0,"@@ -296,64 +296,64 @@ diffvim --overwrite old.py new.py"
gitanim_history,d1efd32e/COMPLETE_OPTIONS_REFERENCE.md,11,block_modify,3,3,101,98,0.778,0,0,"@@ -363,19 +363,19 @@ diffvim --max-hunk-chars 1000 old.py new.py"
gitanim_history,d1efd32e/COMPLETE_OPTIONS_REFERENCE.md,12,block_modify,4,4,137,133,0.8,0,0,"@@ -459,16 +459,16 @@ ad_pipeline --animator-colormap-old old.colormap \"
gitanim_history,d1efd32e/COMPLETE_OPTIONS_REFERENCE.md,13,block_modify,4,4,148,144,0.8,0,0,"@@ -478,10 +478,10 @@ diffvim --scroll none old.py new.py"
gitanim_history,d1efd32e/COMPLETE_OPTIONS_REFERENCE.md,14,block_modify,3,3,249,246,0.913,0,0,"@@ -492,9 +492,9 @@ diffvim --preset fast old.py new.py"
gitanim_history,d1efd32e/COMPLETE_OPTIONS_REFERENCE.md,15,block_modify,8,8,588,580,0.941,0,0,"@@ -519,33 +519,33 @@ During animation in vim normal mode:"
gitanim_history,d1efd32e/COMPLETE_OPTIONS_REFERENCE.md,16,block_modify,3,3,338,335,0.917,0,0,"@@ -559,15 +559,15 @@ ad_pipeline --animator-colormap-old old.colormap \"
gitanim_history,d1efd32e/CONFIGURATION.md,0,word_replace,1,1,59,53,0.7,0,0,"@@ -39,7 +39,7 @@ advances the animation. At 16ms, this is approximately 60fps."
gitanim_history,d1efd32e/CONFIGURATION.md,1,typo_fix,1,1,70,69,0.833,0,0,"@@ -109,7 +109,7 @@ effectively disable rapid EOL without using `--no-rapid-eol-delete`."
gitanim_history,d1efd32e/CONFIGURATION.md,2,block_modify,2,2,117,115,0.895,0,0,"@@ -205,10 +205,10 @@ unset AD_TICK_MS AD_TYPE_DELAY_MS AD_DELETE_DELAY_MS \"
gitanim_history,d1efd32e/CONFIGURATION.md,3,word_replace,1,1,65,59,0.7,0,0,"@@ -226,7 +226,7 @@ leaves the buffer modified so `:q!` is required to quit. See"
gitanim_history,d1efd32e/CONFIGURATION.md,4,block_modify,3,3,178,167,0.875,0,0,"@@ -235,13 +235,13 @@ When running outside an existing tmux session, the window size defaults"
gitanim_history,d1efd32e/CONFIGURATION.md,5,typo_fix,1,1,53,52,0.818,0,0,"@@ -292,7 +292,7 @@ be aware that conflicts may occur."
gitanim_history,d1efd32e/CONFIGURATION.md,6,block_modify,5,5,192,179,0.789,0,0,"@@ -315,14 +315,14 @@ syntax on"
gitanim_history,d1efd32e/CONFIGURATION.md,7,block_modify,2,2,121,115,0.714,0,0,"@@ -342,11 +342,11 @@ done"
gitanim_history,d1efd32e/CONFIGURATION.md,8,word_replace,1,1,68,62,0.692,0,0,"@@ -363,7 +363,7 @@ tmux list-sessions"
gitanim_history,d1efd32e/CONFIGURATION.md,9,word_replace,1,1,28,23,0.5,0,0,"@@ -373,7 +373,7 @@ Workaround: increase `AD_TICK_MS` and the type/delete delays:"
gitanim_history,d1efd32e/CONFIGURATION.md,10,block_modify,2,2,380,369,0.864,0,0,"@@ -385,7 +385,7 @@ Fix: use `-n` (no swap), or delete the swap file:"
gitanim_history,d1efd32e/CONTROLS.md,0,block_modify,3,3,192,184,0.846,0,0,"@@ -26,16 +26,16 @@ Toggles the animation between paused and running states."
gitanim_history,d1efd32e/CONTROLS.md,1,typo_fix,1,1,73,72,0.818,0,0,"@@ -55,7 +55,7 @@ one hunk at a time, pausing between each."
gitanim_history,d1efd32e/CONTROLS.md,2,word_replace,1,1,24,23,0.5,0,0,"@@ -67,7 +67,7 @@ instantly and pauses again."
gitanim_history,d1efd32e/CONTROLS.md,3,word_replace,1,1,54,53,0.778,0,0,"@@ -83,7 +83,7 @@ then restarts the current hunk's animation from the beginning."
gitanim_history,d1efd32e/CONTROLS.md,4,word_replace,1,1,66,60,0.636,0,0,"@@ -93,7 +93,7 @@ restarting the entire animation from the beginning."
gitanim_history,d1efd32e/CONTROLS.md,5,block_modify,2,2,138,136,0.905,0,0,"@@ -114,9 +114,9 @@ Stops the animation and leaves the buffer in its current state."
gitanim_history,d1efd32e/CONTROLS.md,6,block_modify,3,3,121,113,0.812,0,0,"@@ -126,17 +126,17 @@ and you must type `:q!` to quit:"
gitanim_history,d1efd32e/CONTROLS.md,7,typo_fix,1,1,64,63,0.833,0,0,"@@ -151,7 +151,7 @@ Displays the current hunk index and a summary of available keys."
gitanim_history,d1efd32e/CONTROLS.md,8,block_modify,2,2,113,106,0.75,0,0,"@@ -208,11 +208,11 @@ nnoremap <buffer> <silent> q       :call <SID>Quit()<CR>"
gitanim_history,d1efd32e/CONTROLS.md,9,line_replace,1,1,22,17,0.25,0,0,"@@ -226,7 +226,7 @@ nnoremap <buffer> <silent> q       :call writefile(['q'], g:dv_ctrl, 'a')<CR>"
gitanim_history,d1efd32e/CONTROLS.md,10,word_replace,1,1,20,19,0.5,0,0,"@@ -238,7 +238,7 @@ done"
gitanim_history,d1efd32e/CONTROLS.md,11,word_replace,1,1,46,40,0.429,0,0,"@@ -272,7 +272,7 @@ mappings in vim:"
gitanim_history,d1efd32e/CONTROLS.md,12,literal_replace,1,1,309,304,0.917,0,0,"@@ -281,4 +281,4 @@ script and change the `nnoremap` lines."
gitanim_history,d1efd32e/DEBUGGING.md,0,block_modify,2,2,101,99,0.846,0,0,"@@ -1,6 +1,6 @@"
gitanim_history,d1efd32e/DEBUGGING.md,1,word_replace,1,1,26,25,0.5,0,0,"@@ -175,7 +175,7 @@ Run `bash scripts/dv_debug.sh <old> <new>` to get a full breakdown:"
gitanim_history,d1efd32e/DEBUGGING.md,2,typo_fix,1,1,64,63,0.818,0,0,"@@ -260,7 +260,7 @@ diff /tmp/out.txt new"
gitanim_history,d1efd32e/DEBUGGING.md,3,block_modify,2,2,111,109,0.857,0,0,"@@ -344,9 +344,9 @@ correct but they're in an order that produces bad visuals. Check:"
gitanim_history,d1efd32e/DESIGN_smooth_cursor_and_distance_speed.md,0,typo_fix,1,1,69,68,0.833,0,0,"@@ -8,7 +8,7 @@"
gitanim_history,d1efd32e/DESIGN_smooth_cursor_and_distance_speed.md,1,typo_fix,1,1,69,68,0.846,0,0,"@@ -80,7 +80,7 @@ line. If so, insert glide frames before processing the next op."
gitanim_history,d1efd32e/DEVELOPER_GUIDE.md,0,typo_fix,1,1,66,65,0.857,0,0,"@@ -14,7 +14,7 @@ layout, development workflow, and how to extend the project."
gitanim_history,d1efd32e/DEVELOPER_GUIDE.md,1,block_modify,5,5,295,278,0.696,0,0,"@@ -86,11 +86,11 @@ The project has two modes:"
gitanim_history,d1efd32e/DEVELOPER_GUIDE.md,2,word_replace,1,1,50,49,0.714,0,0,"@@ -166,7 +166,7 @@ bash tests/verify_md5.sh"
gitanim_history,d1efd32e/DEVELOPER_GUIDE.md,3,word_replace,1,1,35,34,0.6,0,0,"@@ -285,7 +285,7 @@ Key points:"
gitanim_history,d1efd32e/DEVELOPER_GUIDE.md,4,line_replace,1,1,25,20,0.25,0,0,"@@ -350,7 +350,7 @@ The C animator avoids flashing by:"
gitanim_history,d1efd32e/DEVELOPER_GUIDE.md,5,word_replace,1,1,74,69,0.727,0,0,"@@ -363,7 +363,7 @@ line per source line."
gitanim_history,d1efd32e/DEVELOPER_GUIDE.md,6,typo_fix,1,1,68,67,0.846,0,0,"@@ -440,7 +440,7 @@ perl tests/test_delete_pacing.pl"
gitanim_history,d1efd32e/DEVELOPER_GUIDE.md,7,word_replace,1,1,80,79,0.778,0,0,"@@ -449,7 +449,7 @@ diffvim auto-detects language from file extension. To add a new one:"
gitanim_history,d1efd32e/DEVELOPER_GUIDE.md,8,block_modify,3,3,104,101,0.833,0,0,"@@ -495,12 +495,12 @@ diffvim auto-detects language from file extension. To add a new one:"
gitanim_history,d1efd32e/DIFF_STUDY.md,0,word_replace,1,1,21,20,0.5,0,0,"@@ -11,7 +11,7 @@ cognitive load theory to propose evaluation criteria."
gitanim_history,d1efd32e/DIFF_STUDY.md,1,block_modify,3,3,221,206,0.842,0,0,"@@ -86,13 +86,13 @@ Based on the research, a good diff animation should:"
gitanim_history,d1efd32e/DIFF_STUDY.md,2,word_replace,1,1,68,63,0.75,0,0,"@@ -221,6 +221,6 @@ The best combination depends on the use case, but the research suggests:"
gitanim_history,d1efd32e/FAQ.md,0,word_replace,1,1,13,12,0.333,0,0,"@@ -1,4 +1,4 @@"
gitanim_history,d1efd32e/FAQ.md,1,block_modify,4,4,185,181,0.917,0,0,"@@ -17,17 +17,17 @@ During animation in vim, press `-` to slow down or `+` to speed up."
gitanim_history,d1efd32e/FOLLOW_IMPROVEMENTS.md,0,typo_fix,1,1,72,71,0.833,0,0,"@@ -1,7 +1,7 @@"
gitanim_history,d1efd32e/FOLLOW_IMPROVEMENTS.md,1,word_replace,1,1,68,67,0.778,0,0,"@@ -82,7 +82,7 @@ Status markers:"
gitanim_history,d1efd32e/FOLLOW_IMPROVEMENTS.md,2,literal_replace,1,1,309,304,0.917,0,0,"@@ -228,4 +228,4 @@ If we had to pick the top 10 to implement next, in order:"
gitanim_history,d1efd32e/FORMATS.md,0,typo_fix,1,1,117,116,0.9,0,0,"@@ -1,6 +1,6 @@"
gitanim_history,d1efd32e/GITLOGUE_COMPARISON.md,0,block_modify,2,2,68,66,0.667,0,0,"@@ -1,8 +1,8 @@"
gitanim_history,d1efd32e/GITLOGUE_COMPARISON.md,1,word_replace,1,1,32,31,0.5,0,0,"@@ -14,7 +14,7 @@"
gitanim_history,d1efd32e/GITLOGUE_COMPARISON.md,2,word_replace,1,1,32,31,0.5,0,0,"@@ -25,7 +25,7 @@"
gitanim_history,d1efd32e/GITLOGUE_COMPARISON.md,3,word_replace,1,1,32,31,0.5,0,0,"@@ -35,7 +35,7 @@"
gitanim_history,d1efd32e/GITLOGUE_COMPARISON.md,4,word_replace,1,1,32,31,0.5,0,0,"@@ -50,7 +50,7 @@"
gitanim_history,d1efd32e/GITLOGUE_COMPARISON.md,5,word_replace,1,1,27,26,0.6,0,0,"@@ -65,7 +65,7 @@"
gitanim_history,d1efd32e/GITLOGUE_COMPARISON.md,6,block_modify,2,2,92,90,0.846,0,0,"@@ -96,10 +96,10 @@"
gitanim_history,d1efd32e/LEFT_TO_RIGHT_ANALYSIS.md,0,typo_fix,1,1,146,145,0.9,0,0,"@@ -138,7 +138,7 @@ echo ""Expected:""; cat /tmp/new.txt"
gitanim_history,d1efd32e/MULTI_FILE.md,0,typo_fix,1,1,76,75,0.857,0,0,"@@ -1,6 +1,6 @@"
gitanim_history,d1efd32e/MULTI_FILE.md,1,block_modify,5,5,307,302,0.923,0,0,"@@ -11,27 +11,27 @@ a refactoring that spans multiple modules."
gitanim_history,d1efd32e/MULTI_FILE.md,2,word_replace,1,1,46,45,0.75,0,0,"@@ -39,7 +39,7 @@ diffvim --multi old1.py:new1.py old2.py:new2.py \"
gitanim_history,d1efd32e/MULTI_FILE.md,3,typo_fix,1,1,64,63,0.846,0,0,"@@ -59,7 +59,7 @@ All the normal controls work during multi-file animation:"
gitanim_history,d1efd32e/MULTI_FILE.md,4,block_modify,3,3,166,163,0.882,0,0,"@@ -86,15 +86,15 @@ for pair in ""${PAIRS[@]}""; do"
gitanim_history,d1efd32e/MULTI_FILE.md,5,word_replace,1,1,31,30,0.667,0,0,"@@ -125,7 +125,7 @@ done"
gitanim_history,d1efd32e/MULTI_FILE.md,6,block_modify,4,4,266,262,0.867,0,0,"@@ -138,21 +138,21 @@ instead of 1000ms."
gitanim_history,d1efd32e/NEW_FEATURES.md,0,word_replace,1,1,43,42,0.75,0,0,"@@ -22,7 +22,7 @@ updated (no full re-render — faster for large distances)."
gitanim_history,d1efd32e/NEW_FEATURES.md,1,word_replace,1,1,71,70,0.778,0,0,"@@ -47,7 +47,7 @@ affected — insert delays and keep delays are unchanged."
gitanim_history,d1efd32e/NEW_FEATURES.md,2,word_replace,1,1,35,34,0.714,0,0,"@@ -70,7 +70,7 @@ on the line, the transform is a no-op."
gitanim_history,d1efd32e/NEW_FEATURES.md,3,typo_fix,1,1,64,63,0.8,0,0,"@@ -91,7 +91,7 @@ Different from `instant` (which just deletes with no highlight/pause)."
gitanim_history,d1efd32e/NEW_FEATURES.md,4,word_replace,1,1,42,41,0.75,0,0,"@@ -110,7 +110,7 @@ compared to the default char-by-char pacing."
gitanim_history,d1efd32e/NEW_FEATURES.md,5,word_replace,1,1,33,32,0.714,0,0,"@@ -127,7 +127,7 @@ Controls how the viewport scrolls to follow the cursor:"
gitanim_history,d1efd32e/NEXT_SESSION.md,0,block_modify,2,2,88,86,0.867,0,0,"@@ -5,9 +5,9 @@"
gitanim_history,d1efd32e/NEXT_SESSION.md,1,block_modify,2,2,143,137,0.789,0,0,"@@ -33,12 +33,12 @@ compute (C++ Patience diff) → postprocess (C/Perl) → pace (C/Perl) → anima"
gitanim_history,d1efd32e/NON_CHAR_OPTIONS.md,0,typo_fix,1,1,71,70,0.818,0,0,"@@ -2,7 +2,7 @@"
gitanim_history,d1efd32e/NON_CHAR_OPTIONS.md,1,word_replace,1,1,42,41,0.75,0,0,"@@ -42,7 +42,7 @@ take too long (e.g., > 500 chars)."
gitanim_history,d1efd32e/NON_CHAR_OPTIONS.md,2,word_replace,1,1,40,39,0.75,0,0,"@@ -59,7 +59,7 @@ appear instantly but longer words (`calculate_total`) to be animated."
gitanim_history,d1efd32e/NON_CHAR_OPTIONS.md,3,word_replace,1,1,33,32,0.714,0,0,"@@ -81,7 +81,7 @@ of ""typing characters""."
gitanim_history,d1efd32e/NON_CHAR_OPTIONS.md,4,word_replace,1,1,46,45,0.667,0,0,"@@ -138,7 +138,7 @@ The transition from accelerate to decelerate happens when `remaining < total * 0"
gitanim_history,d1efd32e/NON_CHAR_OPTIONS.md,5,block_modify,4,4,306,302,0.913,0,0,"@@ -245,16 +245,16 @@ For the best viewer experience, combine options:"
gitanim_history,d1efd32e/NON_CHAR_OPTIONS.md,6,typo_fix,1,1,73,72,0.833,0,0,"@@ -267,7 +267,7 @@ Use `--log-mode 2` to see exactly what happens to each line, including"
gitanim_history,d1efd32e/OPTIONS_ANALYSIS.md,0,typo_fix,1,1,67,66,0.8,0,0,"@@ -2,7 +2,7 @@"
gitanim_history,d1efd32e/OPTIONS_ANALYSIS.md,1,typo_fix,1,1,71,70,0.818,0,0,"@@ -153,7 +153,7 @@ delays."
gitanim_history,d1efd32e/OPTIONS_OVERVIEW.md,0,word_replace,1,1,34,33,0.714,0,0,"@@ -1,4 +1,4 @@"
gitanim_history,d1efd32e/OPTIONS_OVERVIEW.md,1,word_replace,1,1,44,43,0.714,0,0,"@@ -47,7 +47,7 @@ op count as Patience.)"
gitanim_history,d1efd32e/OPTIONS_OVERVIEW.md,2,word_replace,1,1,61,60,0.714,0,0,"@@ -255,7 +255,7 @@ op count as Patience.)"
gitanim_history,d1efd32e/OPTION_ANALYSIS.md,0,block_modify,4,4,218,210,0.875,0,0,"@@ -1,15 +1,15 @@"
gitanim_history,d1efd32e/OPTION_ANALYSIS.md,1,block_modify,5,5,322,317,0.905,0,0,"@@ -314,11 +314,11 @@ Remove `--fold-unchanged` (it's `--context 0`)."
gitanim_history,d1efd32e/OPTION_AUDIT.md,0,word_replace,1,1,38,37,0.667,0,0,"@@ -1,6 +1,6 @@"
gitanim_history,d1efd32e/OPTION_COMBINATIONS.md,0,typo_fix,1,1,65,64,0.818,0,0,"@@ -1,6 +1,6 @@"
gitanim_history,d1efd32e/OPTION_COMBINATIONS.md,1,block_modify,3,3,275,272,0.905,0,0,"@@ -10,14 +10,14 @@ the exact command line to run — copy and paste."
gitanim_history,d1efd32e/OPTION_COMBINATIONS.md,2,block_modify,3,3,247,244,0.882,0,0,"@@ -27,14 +27,14 @@ diffvim --pacing review --highlight hunk --dim-unchanged --op-order left-to-righ"
gitanim_history,d1efd32e/OPTION_COMBINATIONS.md,3,block_modify,3,3,221,218,0.867,0,0,"@@ -44,14 +44,14 @@ diffvim --pacing gaussian --speed 0.7 --highlight inline --cursor-glide-ms 300 -"
gitanim_history,d1efd32e/OPTION_COMBINATIONS.md,4,block_modify,2,2,147,145,0.846,0,0,"@@ -62,12 +62,12 @@ diffvim --speed 10 --delete-pacing instant --insert-pacing word --distance-speed"
gitanim_history,d1efd32e/OPTION_COMBINATIONS.md,5,block_modify,2,2,223,221,0.882,0,0,"@@ -77,12 +77,12 @@ diffvim --delete-pacing flash --indent-last old.py new.py"
gitanim_history,d1efd32e/OPTION_COMBINATIONS.md,6,block_modify,2,2,113,111,0.778,0,0,"@@ -92,12 +92,12 @@ diffvim --cursor-glide-ms 300 --distance-speed adaptive --diff-stat --diff-highl"
gitanim_history,d1efd32e/OPTION_COMBINATIONS.md,7,typo_fix,1,1,239,238,0.923,0,0,"@@ -122,7 +122,7 @@ ad_pipeline --animator-colormap-old old.colormap --animator-colormap-new new.col"
gitanim_history,d1efd32e/OPTION_COMBINATIONS.md,8,word_replace,1,1,38,37,0.75,0,0,"@@ -135,7 +135,7 @@ diffvim --cursor-glide-ms 300 --distance-speed adaptive --distance-threshold 10"
gitanim_history,d1efd32e/OPTION_COMBINATIONS.md,9,block_modify,4,4,148,144,0.8,0,0,"@@ -154,8 +154,8 @@ bash scripts/dv_snapshot.sh --trace --diff-stat --diff-highlight old.py new.py"
gitanim_history,d1efd32e/PARALLEL_COMPUTE.md,0,block_modify,2,2,99,97,0.846,0,0,"@@ -1,8 +1,8 @@"
gitanim_history,d1efd32e/PARALLEL_COMPUTE.md,1,typo_fix,1,1,71,70,0.818,0,0,"@@ -18,7 +18,7 @@ diff-computation time."
gitanim_history,d1efd32e/PARALLEL_COMPUTE.md,2,typo_fix,1,1,71,70,0.833,0,0,"@@ -39,7 +39,7 @@ wait $COMPUTE_PID"
gitanim_history,d1efd32e/PARALLEL_COMPUTE.md,3,word_replace,1,1,46,45,0.667,0,0,"@@ -119,7 +119,7 @@ bin/ad_compute ""$OLD"" ""$NEW"" ""$PC"" 2>/dev/null &"
gitanim_history,d1efd32e/PARALLEL_COMPUTE.md,4,typo_fix,1,1,68,67,0.8,0,0,"@@ -142,7 +142,7 @@ if !empty(g:diffvim.precomputed)"
gitanim_history,d1efd32e/PARALLEL_COMPUTE.md,5,block_modify,2,2,134,132,0.867,0,0,"@@ -172,11 +172,11 @@ runs concurrently with vim startup."
gitanim_history,d1efd32e/PARSERS.md,0,block_modify,2,2,111,109,0.882,0,0,"@@ -1,13 +1,13 @@"
gitanim_history,d1efd32e/PARSERS.md,1,block_modify,2,2,108,106,0.867,0,0,"@@ -208,9 +208,9 @@ sub parse_diff {"
gitanim_history,d1efd32e/PICKER.md,0,typo_fix,1,1,68,67,0.818,0,0,"@@ -1,6 +1,6 @@"
gitanim_history,d1efd32e/PICKER.md,1,block_modify,4,4,150,146,0.818,0,0,"@@ -54,19 +54,19 @@ The main command — animate a diff between two files."
gitanim_history,d1efd32e/PIPELINE.md,0,block_modify,2,2,103,101,0.867,0,0,"@@ -1,8 +1,8 @@"
gitanim_history,d1efd32e/PIPELINE.md,1,word_replace,1,1,68,63,0.727,0,0,"@@ -191,7 +191,7 @@ The animator maintains a virtual buffer (list of lines) and a cursor"
gitanim_history,d1efd32e/PIPELINE.md,2,word_replace,1,1,66,61,0.667,0,0,"@@ -211,7 +211,7 @@ decoloring)."
gitanim_history,d1efd32e/PIPELINE.md,3,block_modify,3,3,161,154,0.75,0,0,"@@ -221,9 +221,9 @@ decoloring)."
gitanim_history,d1efd32e/POST_PROCESSING.md,0,word_replace,1,1,44,43,0.75,0,0,"@@ -102,7 +102,7 @@ The order is:"
gitanim_history,d1efd32e/REQUIREMENTS.md,0,word_replace,1,1,38,37,0.5,0,0,"@@ -1,4 +1,4 @@"
gitanim_history,d1efd32e/REQUIREMENTS.md,1,block_modify,3,3,166,163,0.929,0,0,"@@ -27,10 +27,10 @@ architecture, interfaces, and documentation structure."
gitanim_history,d1efd32e/REQUIREMENTS.md,2,block_modify,2,2,154,148,0.769,0,0,"@@ -60,8 +60,8 @@ locations."
gitanim_history,d1efd32e/REQUIREMENTS.md,3,word_replace,1,1,68,67,0.333,0,0,"@@ -98,7 +98,7 @@ INPUT                    PROCESSING                     OUTPUT"
gitanim_history,d1efd32e/REQUIREMENTS.md,4,word_replace,1,1,37,36,0.6,0,0,"@@ -162,7 +162,7 @@ INPUT                    PROCESSING                     OUTPUT"
gitanim_history,d1efd32e/REQUIREMENTS.md,5,block_modify,5,5,232,227,0.909,0,0,"@@ -177,26 +177,26 @@ The diff is computed either inline (vimscript patience) or externally"
gitanim_history,d1efd32e/REQUIREMENTS.md,6,word_replace,1,1,43,42,0.714,0,0,"@@ -206,7 +206,7 @@ in two-file mode."
gitanim_history,d1efd32e/REQUIREMENTS.md,7,block_modify,2,2,70,68,0.714,0,0,"@@ -221,8 +221,8 @@ line shows ""file 2/3: src/parser.rs""."
gitanim_history,d1efd32e/REQUIREMENTS.md,8,block_modify,2,2,105,98,0.667,0,0,"@@ -590,8 +590,8 @@ and loaded via `runtime syntax/<filetype>.vim`."
gitanim_history,d1efd32e/REQUIREMENTS.md,9,block_modify,4,4,222,218,0.895,0,0,"@@ -617,10 +617,10 @@ and loaded via `runtime syntax/<filetype>.vim`."
gitanim_history,d1efd32e/REQUIREMENTS.md,10,word_replace,1,1,61,60,0.667,0,0,"@@ -972,7 +972,7 @@ let g:diffvim = {"
gitanim_history,d1efd32e/REQUIREMENTS.md,11,block_modify,6,6,381,362,0.72,0,0,"@@ -1014,12 +1014,12 @@ gitanim/"
gitanim_history,d1efd32e/REQUIREMENTS.md,12,block_modify,3,3,160,158,0.75,0,0,"@@ -1035,9 +1035,9 @@ gitanim/"
gitanim_history,d1efd32e/REQUIREMENTS.md,13,block_modify,4,4,226,210,0.5,0,0,"@@ -1047,10 +1047,10 @@ gitanim/"
gitanim_history,d1efd32e/REQUIREMENTS.md,14,typo_fix,1,1,116,115,0.857,0,0,"@@ -1151,7 +1151,7 @@ Each documentation file SHALL cover:"
gitanim_history,d1efd32e/REQUIREMENTS.md,15,word_replace,1,1,47,41,0.5,0,0,"@@ -1208,7 +1208,7 @@ The animation requires vim 8+ with `+timers` and `+float`. This excludes:"
gitanim_history,d1efd32e/TESTING.md,0,word_replace,1,1,45,44,0.75,0,0,"@@ -116,7 +116,7 @@ perl tests/test_e2e_perl.pl"
gitanim_history,d1efd32e/TESTING.md,1,word_replace,1,1,33,32,0.667,0,0,"@@ -155,7 +155,7 @@ def greet(name):"
gitanim_history,d1efd32e/TESTING.md,2,block_modify,2,2,104,102,0.846,0,0,"@@ -182,10 +182,10 @@ Run the animation and test each control:"
gitanim_history,d1efd32e/TESTING.md,3,word_replace,1,1,39,38,0.667,0,0,"@@ -196,7 +196,7 @@ cat > /tmp/content.py <<'EOF'"
gitanim_history,d1efd32e/TESTING.md,4,word_replace,1,1,47,46,0.667,0,0,"@@ -211,7 +211,7 @@ seq 1 500 > /tmp/large_new.txt"
gitanim_history,d1efd32e/TUNE_INTERFACE_ANALYSIS.md,0,word_replace,1,1,45,44,0.714,0,0,"@@ -20,7 +20,7 @@ vim /tmp/old.txt /tmp/new.txt"
gitanim_history,d1efd32e/USER_REQUESTS.md,0,typo_fix,1,1,69,68,0.833,0,0,"@@ -1,7 +1,7 @@"
gitanim_history,d1efd32e/USER_REQUESTS.md,1,block_modify,2,2,137,131,0.846,0,0,"@@ -13,8 +13,8 @@ a master reference for what was asked and what was implemented."
gitanim_history,d1efd32e/USER_REQUESTS.md,2,word_replace,1,1,72,71,0.778,0,0,"@@ -179,7 +179,7 @@ a master reference for what was asked and what was implemented."
gitanim_history,d1efd32e/USER_REQUESTS.md,3,word_replace,1,1,72,71,0.778,0,0,"@@ -239,7 +239,7 @@ extensive documentation."
gitanim_history,d1efd32e/USER_REQUESTS.md,4,typo_fix,1,1,73,72,0.846,0,0,"@@ -280,7 +280,7 @@ extensive documentation."
gitanim_history,d1efd32e/USER_REQUESTS.md,5,block_modify,2,2,116,100,0.5,0,0,"@@ -301,8 +301,8 @@ extensive documentation."
gitanim_history,d1efd32e/USER_REQUESTS.md,6,block_modify,2,2,135,133,0.889,0,0,"@@ -312,10 +312,10 @@ extensive documentation."
gitanim_history,d1efd32e/USER_REQUESTS.md,7,typo_fix,1,1,59,58,0.8,0,0,"@@ -323,7 +323,7 @@ extensive documentation."
gitanim_history,d1efd32e/VISUAL_GUIDE.md,0,block_modify,5,5,315,310,0.951,0,0,"@@ -1,21 +1,21 @@"
gitanim_history,d1efd32e/VISUAL_GUIDE.md,1,block_modify,2,2,115,113,0.714,0,0,"@@ -29,13 +29,13 @@ feels."
gitanim_history,d1efd32e/VISUAL_GUIDE.md,2,block_modify,2,2,102,94,0.5,0,0,"@@ -268,11 +268,11 @@ new char at the cursor and advances."
gitanim_history,d1efd32e/VISUAL_GUIDE.md,3,typo_fix,1,1,102,101,0.875,0,0,"@@ -297,7 +297,7 @@ new char at the cursor and advances."
gitanim_history,d1efd32e/VISUAL_GUIDE.md,4,block_modify,3,3,199,196,0.667,0,0,"@@ -306,19 +306,19 @@ Patience becomes slow."
gitanim_history,d1efd32e/VISUAL_GUIDE.md,5,word_replace,1,1,58,57,0.778,0,0,"@@ -329,7 +329,7 @@ Patience becomes slow."
gitanim_history,d1efd32e/VISUAL_GUIDE.md,6,block_modify,3,3,155,152,0.833,0,0,"@@ -468,9 +468,9 @@ for common use cases."
gitanim_history,d1efd32e/VISUAL_GUIDE.md,7,word_replace,1,1,70,69,0.5,0,0,"@@ -479,7 +479,7 @@ for common use cases."
gitanim_history,d1efd32e/VISUAL_GUIDE.md,8,word_replace,1,1,69,68,0.778,0,0,"@@ -509,7 +509,7 @@ for common use cases."
gitanim_history,d1efd32e/VISUAL_GUIDE.md,9,typo_fix,1,1,80,79,0.833,0,0,"@@ -525,7 +525,7 @@ for common use cases."
gitanim_history,d1efd32e/VISUAL_GUIDE.md,10,word_replace,1,1,69,68,0.75,0,0,"@@ -534,7 +534,7 @@ before animating."
gitanim_history,d1efd32e/VISUAL_GUIDE.md,11,block_modify,2,2,122,120,0.818,0,0,"@@ -542,14 +542,14 @@ before animating."
gitanim_history,d1efd32e/VISUAL_GUIDE.md,12,line_replace,1,1,49,47,0.0,0,0,"@@ -596,7 +596,7 @@ Shorthand: `diffvim --git-rev HEAD~5..HEAD main.py`."
gitanim_history,d1efd32e/VISUAL_GUIDE.md,13,line_replace,1,1,49,47,0.0,0,0,"@@ -611,7 +611,7 @@ Shorthand: `diffvim --git-rev HEAD~5..HEAD main.py`."
gitanim_history,d1efd32e/VISUAL_GUIDE.md,14,word_replace,1,1,86,85,0.714,0,0,"@@ -628,7 +628,7 @@ Shorthand: `diffvim --git-rev HEAD~5..HEAD main.py`."
gitanim_history,d1efd32e/VISUAL_GUIDE.md,15,block_modify,2,2,168,166,0.857,0,0,"@@ -637,8 +637,8 @@ Shorthand: `diffvim --git-rev HEAD~5..HEAD main.py`."
gitanim_history,d1efd32e/VISUAL_GUIDE.md,16,typo_fix,1,1,118,117,0.846,0,0,"@@ -647,4 +647,4 @@ Shorthand: `diffvim --git-rev HEAD~5..HEAD main.py`."
gitanim_history,d1efd32e/VOCABULARY.md,0,block_modify,3,3,156,153,0.913,0,0,"@@ -1,7 +1,7 @@"
gitanim_history,d1efd32e/architecture.md,0,word_replace,1,1,30,29,0.5,0,0,"@@ -22,7 +22,7 @@ Diff Computation → Hunk Grouping → Char-level patience → Animate in Vim"
gitanim_history,d1efd32e/architecture.md,1,word_replace,1,1,30,25,0.5,0,0,"@@ -52,7 +52,7 @@ Diff Computation → Hunk Grouping → Char-level patience → Animate in Vim"
gitanim_history,d1efd32e/architecture.md,2,block_modify,3,3,138,125,0.786,0,0,"@@ -75,16 +75,16 @@ Diff Computation → Hunk Grouping → Char-level patience → Animate in Vim"
gitanim_history,d1efd32e/architecture.md,3,block_modify,3,3,437,426,0.885,0,0,"@@ -94,7 +94,7 @@ Same architecture as diffvim-tmux but written in Perl with:"
gitanim_history,d1efd32e/completion.md,0,block_modify,5,5,279,274,0.882,0,0,"@@ -11,25 +11,25 @@ The repo includes shell completion scripts for bash, zsh, and fish."
gitanim_history,d1efd32e/completion.md,1,word_replace,1,1,54,53,0.714,0,0,"@@ -40,7 +40,7 @@ autoload -Uz compinit && compinit"
gitanim_history,d1efd32e/completion.md,2,block_modify,5,5,179,174,0.8,0,0,"@@ -69,15 +69,15 @@ to update the completion scripts in `completion/`."
gitanim_history,d1efd32e/compute.md,0,block_modify,3,3,159,156,0.857,0,0,"@@ -26,13 +26,13 @@ vimscript engine, but compiled to native code. It is 10-100x faster."
gitanim_history,d1efd32e/compute.md,1,block_modify,2,2,93,91,0.857,0,0,"@@ -60,10 +60,10 @@ bin/ad_compute --diff - /tmp/diff.txt < patch.diff"
gitanim_history,d1efd32e/compute.md,2,typo_fix,1,1,71,70,0.818,0,0,"@@ -134,7 +134,7 @@ startup: 0.4 ms (process start to first byte read)"
gitanim_history,d1efd32e/controls.md,0,word_replace,1,1,45,44,0.667,0,0,"@@ -57,7 +57,7 @@ of the diff."
gitanim_history,d1efd32e/controls.md,1,literal_replace,1,1,309,304,0.917,0,0,"@@ -66,4 +66,4 @@ This shows:"
gitanim_history,d1efd32e/examples.md,0,word_replace,1,1,95,94,0.714,0,0,"@@ -13,7 +13,7 @@ directory:"
gitanim_history,d1efd32e/examples.md,1,word_replace,1,1,95,94,0.714,0,0,"@@ -22,7 +22,7 @@ A data processor module refactored with type hints, dataclasses, and"
gitanim_history,d1efd32e/examples.md,2,word_replace,1,1,97,96,0.714,0,0,"@@ -30,7 +30,7 @@ diffvim tests/tests/examples/02_large_python/old.py tests/tests/examples/02_larg"
gitanim_history,d1efd32e/examples.md,3,word_replace,1,1,95,94,0.714,0,0,"@@ -39,7 +39,7 @@ An init.d-style script improved with proper error handling, logging, and"
gitanim_history,d1efd32e/examples.md,4,word_replace,1,1,85,84,0.714,0,0,"@@ -48,7 +48,7 @@ A simple HTTP handler expanded with graceful shutdown, health checks,"
gitanim_history,d1efd32e/examples.md,5,word_replace,1,1,91,90,0.714,0,0,"@@ -57,7 +57,7 @@ A UserService class expanded with Map-based storage, update/delete methods,"
gitanim_history,d1efd32e/examples.md,6,word_replace,1,1,93,92,0.714,0,0,"@@ -65,7 +65,7 @@ diffvim tests/tests/examples/06_typescript/old.ts tests/tests/examples/06_typesc"
gitanim_history,d1efd32e/examples.md,7,word_replace,1,1,17,16,0.333,0,0,"@@ -73,7 +73,7 @@ diffvim tests/tests/examples/07_text_prose/old.txt tests/tests/examples/07_text_"
gitanim_history,d1efd32e/examples.md,8,block_modify,4,4,164,160,0.846,0,0,"@@ -84,16 +84,16 @@ Animate a file's git history:"
gitanim_history,d1efd32e/examples.md,9,typo_fix,1,1,113,112,0.818,0,0,"@@ -101,7 +101,7 @@ diffvim --replay src/main.py src/utils.py"
gitanim_history,d1efd32e/examples.md,10,literal_replace,1,1,309,304,0.917,0,0,"@@ -114,4 +114,4 @@ Inside an existing vim session:"
gitanim_history,d1efd32e/git-integration.md,0,block_modify,3,3,121,118,0.818,0,0,"@@ -13,13 +13,13 @@ to the next commit, ending with the working copy."
gitanim_history,d1efd32e/git-integration.md,1,block_modify,3,3,128,125,0.833,0,0,"@@ -36,9 +36,9 @@ diffvim --replay src/main.py src/utils.py"
gitanim_history,d1efd32e/git-integration.md,2,word_replace,1,1,33,32,0.714,0,0,"@@ -48,7 +48,7 @@ This is equivalent to `--replay --from REV1 --to REV2`."
gitanim_history,d1efd32e/git-integration.md,3,block_modify,2,2,55,53,0.667,0,0,"@@ -60,14 +60,14 @@ To animate the diff between the current working copy and the last commit:"
gitanim_history,d1efd32e/git-integration.md,4,block_modify,2,2,365,359,0.907,0,0,"@@ -75,10 +75,10 @@ diffvim /tmp/old.py file.py"
gitanim_history,d1efd32e/installation.md,0,word_replace,1,1,30,29,0.5,0,0,"@@ -7,7 +7,7 @@"
gitanim_history,d1efd32e/installation.md,1,block_modify,2,2,59,53,0.571,0,0,"@@ -17,14 +17,14 @@ Check your vim:"
gitanim_history,d1efd32e/installation.md,2,block_modify,6,6,247,230,0.8,0,0,"@@ -42,17 +42,17 @@ git clone https://github.com/nkh/gitanim.git"
gitanim_history,d1efd32e/installation.md,3,block_modify,8,8,574,558,0.898,0,0,"@@ -72,23 +72,23 @@ Plug 'nkh/gitanim', {'rtp': '.'}"
gitanim_history,d1efd32e/introduction.md,0,typo_fix,1,1,70,69,0.867,0,0,"@@ -7,7 +7,7 @@"
gitanim_history,d1efd32e/introduction.md,1,block_modify,2,2,139,133,0.75,0,0,"@@ -18,8 +18,8 @@ re-typed — surrounding text is never touched."
gitanim_history,d1efd32e/introduction.md,2,block_modify,7,7,327,320,0.939,0,0,"@@ -45,29 +45,29 @@ re-typed — surrounding text is never touched."
gitanim_history,d1efd32e/manpages.md,0,block_modify,6,6,512,463,0.8,0,0,"@@ -5,19 +5,19 @@"
gitanim_history,d1efd32e/manpages.md,1,word_replace,1,1,11,10,0.333,0,0,"@@ -33,7 +33,7 @@ cp man/*.1 ~/.local/share/man/man1/"
gitanim_history,d1efd32e/manpages.md,2,block_modify,7,7,350,343,0.931,0,0,"@@ -45,26 +45,26 @@ are installed automatically."
gitanim_history,d1efd32e/options.md,0,typo_fix,1,1,60,59,0.8,0,0,"@@ -70,7 +70,7 @@ The C++ compute tool `bin/ad_compute` is the default."
gitanim_history,d1efd32e/options.md,1,block_modify,2,2,108,106,0.818,0,0,"@@ -126,8 +126,8 @@ Deletion speed: `slow|normal|fast|instant` (default: `normal`)."
gitanim_history,d1efd32e/options.md,2,block_modify,2,2,106,104,0.818,0,0,"@@ -147,8 +147,8 @@ Insertion strategy. Default: `char`."
gitanim_history,d1efd32e/options.md,3,block_modify,2,2,77,75,0.75,0,0,"@@ -166,8 +166,8 @@ Timing mode. Default: `uniform`."
gitanim_history,d1efd32e/options.md,4,block_modify,2,2,95,93,0.8,0,0,"@@ -197,8 +197,8 @@ Dim unchanged anchor lines to draw eye to changes."
gitanim_history,d1efd32e/options.md,5,block_modify,3,3,141,138,0.818,0,0,"@@ -209,9 +209,9 @@ All options can be set via `DIFFVIM_<OPTION_NAME>` environment"
gitanim_history,d1efd32e/parsers.md,0,typo_fix,1,1,67,66,0.833,0,0,"@@ -5,7 +5,7 @@"
gitanim_history,d1efd32e/parsers.md,1,block_modify,3,3,115,112,0.8,0,0,"@@ -61,13 +61,13 @@ was the only value even before the diff2html removal):"
gitanim_history,d1efd32e/parsers.md,2,typo_fix,1,1,58,57,0.818,0,0,"@@ -89,5 +89,5 @@ sub parse_diff {"
gitanim_history,d1efd32e/plugin.md,0,typo_fix,1,1,70,69,0.833,0,0,"@@ -5,7 +5,7 @@"
gitanim_history,d1efd32e/plugin.md,1,literal_replace,1,1,309,304,0.917,0,0,"@@ -67,4 +67,4 @@ let g:diffvim = {"
gitanim_history,d1efd32e/presets.md,0,typo_fix,1,1,62,61,0.833,0,0,"@@ -5,7 +5,7 @@"
gitanim_history,d1efd32e/presets.md,1,block_modify,3,3,149,146,0.867,0,0,"@@ -13,9 +13,9 @@ learn every individual option."
gitanim_history,d1efd32e/presets.md,2,word_replace,1,1,21,20,0.6,0,0,"@@ -31,7 +31,7 @@ What you get with no `--preset` flag. Raw Patience with"
gitanim_history,d1efd32e/presets.md,3,word_replace,1,1,42,41,0.75,0,0,"@@ -41,7 +41,7 @@ blocks of code. Combines `--rapid-eol-delete`, `--accel-delete`,"
gitanim_history,d1efd32e/presets.md,4,block_modify,2,2,105,103,0.833,0,0,"@@ -57,8 +57,8 @@ unchanged regions, and top-aligns the cursor so the change is always"
gitanim_history,d1efd32e/presets.md,5,block_modify,2,2,112,110,0.833,0,0,"@@ -71,8 +71,8 @@ interleaved inserts and deletes. Enables `--highlight-inline` and"
gitanim_history,d1efd32e/presets.md,6,block_modify,2,2,114,112,0.857,0,0,"@@ -87,8 +87,8 @@ highlights typed/deleted chars, and pauses briefly after each word"
gitanim_history,d1efd32e/presets.md,7,word_replace,1,1,62,61,0.778,0,0,"@@ -97,7 +97,7 @@ For recording screencasts. 1.2x speed, no rapid-EOL delete (so the"
gitanim_history,d1efd32e/presets.md,8,block_modify,3,3,163,160,0.917,0,0,"@@ -114,16 +114,16 @@ diffvim --preset presentation --output result.py old.py new.py"
gitanim_history,d1efd32e/quick-start.md,0,word_replace,1,1,23,22,0.6,0,0,"@@ -9,7 +9,7 @@"
gitanim_history,d1efd32e/quick-start.md,1,block_modify,13,13,1170,1153,0.931,0,0,"@@ -40,44 +40,44 @@ The repo includes example file pairs in `tests/tests/examples/`:"
gitanim_history,d1efd32e/testing.md,0,block_modify,4,4,547,539,0.915,0,0,"@@ -62,13 +62,13 @@ perl tests/test_integration.pl"
gitanim_history,d1efd32e/ad_layer_indent_last.pl,0,typo_fix,1,1,68,67,0.8,0,0,"@@ -10,7 +10,7 @@"
gitanim_history,d1efd32e/ad_write_vimconfig.sh,0,line_insert,0,1,0,49,0.0,0,0,"@@ -121,6 +121,7 @@ ad_write_vimconfig() {"
gitanim_history,d1efd32e/ad_debug.sh,0,word_replace,1,1,56,55,0.778,0,0,"@@ -1,5 +1,5 @@"
gitanim_history,d1efd32e/ad_debug.sh,1,block_modify,2,2,130,128,0.889,0,0,"@@ -20,14 +20,14 @@"
gitanim_history,d1efd32e/ad_debug.sh,2,word_replace,1,1,33,32,0.6,0,0,"@@ -97,7 +97,7 @@ TIMED=""$OUTDIR/timed.txt"""
gitanim_history,d1efd32e/ad_debug_bundle.sh,0,block_modify,2,2,144,142,0.889,0,0,"@@ -17,14 +17,14 @@"
gitanim_history,d1efd32e/ad_debug_bundle.sh,1,word_replace,1,1,62,61,0.667,0,0,"@@ -56,7 +56,7 @@ BUNDLE CONTENTS"
gitanim_history,d1efd32e/ad_debug_bundle.sh,2,word_replace,1,1,46,45,0.667,0,0,"@@ -158,7 +158,7 @@ fi"
gitanim_history,d1efd32e/ad_demo.sh,0,typo_fix,1,1,71,70,0.818,0,0,"@@ -9,7 +9,7 @@ SYNOPSIS"
gitanim_history,d1efd32e/ad_record.sh,0,typo_fix,1,1,64,63,0.8,0,0,"@@ -11,7 +11,7 @@ SYNOPSIS"
gitanim_history,d1efd32e/ad_snapshot.sh,0,block_modify,2,2,148,145,0.909,0,0,"@@ -4,14 +4,14 @@"
gitanim_history,d1efd32e/ad_snapshot.sh,1,block_modify,4,4,271,267,0.938,0,0,"@@ -36,21 +36,21 @@"
gitanim_history,d1efd32e/ad_snapshot.sh,2,word_replace,1,1,47,46,0.714,0,0,"@@ -63,7 +63,7 @@ SNAPSHOT-SPECIFIC OPTIONS (not passed to the pipeline)"
gitanim_history,d1efd32e/ad_snapshot.sh,3,word_replace,1,1,65,64,0.714,0,0,"@@ -308,7 +308,7 @@ fi"
gitanim_history,d1efd32e/ad_snapshot.sh,4,word_replace,1,1,46,45,0.714,0,0,"@@ -364,7 +364,7 @@ fi"
gitanim_history,d1efd32e/ad_tune.sh,0,typo_fix,1,1,71,70,0.833,0,0,"@@ -1,7 +1,7 @@"
gitanim_history,d1efd32e/ad_tune.sh,1,typo_fix,1,1,73,72,0.8,0,0,"@@ -216,7 +216,7 @@ generate_debug_bundle() {"
gitanim_history,d1efd32e/fix_diffvim_refs.py,0,block_insert,0,267,0,9088,0.0,0,0,"@@ -0,0 +1,267 @@"
gitanim_history,d1efd32e/test_async_vimscript.sh,0,typo_fix,1,1,67,66,0.833,0,0,"@@ -1,6 +1,6 @@"
gitanim_history,d1efd32e/test_async_vimscript.sh,1,block_modify,3,3,204,201,0.913,0,0,"@@ -15,14 +15,14 @@ SYNOPSIS"
gitanim_history,d1efd32e/test_awd_correctness.pl,0,typo_fix,1,1,65,64,0.875,0,0,"@@ -20,7 +20,7 @@ my $fail = 0;"
gitanim_history,d1efd32e/test_benchmark.pl,0,word_replace,1,1,34,33,0.667,0,0,"@@ -17,7 +17,7 @@ my $original_stdout = \*STDOUT;"
gitanim_history,d1efd32e/test_category_abc.sh,0,block_modify,10,10,1317,1307,0.952,0,0,"@@ -185,46 +185,46 @@ echo ""=== Category C: Bash launcher features ==="""
gitanim_history,d1efd32e/test_comprehensive.pl,0,word_replace,1,1,33,32,0.6,0,0,"@@ -24,7 +24,7 @@ sub ok {"
gitanim_history,d1efd32e/test_comprehensive.pl,1,block_modify,4,4,562,558,0.895,0,0,"@@ -142,19 +142,19 @@ print ""\n=== Tests 11-15: Feature tests ===\n"";"
gitanim_history,d1efd32e/test_comprehensive.pl,2,block_modify,7,7,967,960,0.949,0,0,"@@ -166,30 +166,30 @@ print ""\n=== Tests 16-20: Edge cases ===\n"";"
gitanim_history,d1efd32e/test_diff_input.pl,0,typo_fix,1,1,73,72,0.867,0,0,"@@ -1,6 +1,6 @@"
gitanim_history,d1efd32e/test_diff_input.pl,1,block_modify,2,2,154,152,0.846,0,0,"@@ -22,13 +22,13 @@ print $fh $diff_content;"
gitanim_history,d1efd32e/test_diff_input.pl,2,block_modify,4,4,243,239,0.857,0,0,"@@ -38,22 +38,22 @@ open $fh, '>', '/tmp/dv_test_git.patch';"
gitanim_history,d1efd32e/test_e2e_perl.pl,0,word_replace,1,1,36,35,0.714,0,0,"@@ -1,5 +1,5 @@"
gitanim_history,d1efd32e/test_e2e_perl.pl,1,block_modify,2,2,166,164,0.9,0,0,"@@ -28,10 +28,10 @@ for my $parser ('perl') {"
gitanim_history,d1efd32e/test_e2e_perl.pl,2,typo_fix,1,1,61,60,0.8,0,0,"@@ -48,7 +48,7 @@ for my $parser ('perl') {"
gitanim_history,d1efd32e/test_engine_features.pl,0,typo_fix,1,1,65,64,0.875,0,0,"@@ -15,7 +15,7 @@ my $fail = 0;"
gitanim_history,d1efd32e/test_features.pl,0,typo_fix,1,1,62,61,0.8,0,0,"@@ -1,5 +1,5 @@"
gitanim_history,d1efd32e/test_features.pl,1,word_replace,1,1,48,47,0.714,0,0,"@@ -35,7 +35,7 @@ sub ok {"
gitanim_history,d1efd32e/test_features.pl,2,block_modify,5,5,377,372,0.905,0,0,"@@ -57,34 +57,34 @@ open my $fh, '>', '/tmp/dv_test_old.txt'; print $fh ""hello\n""; close $fh;"
gitanim_history,d1efd32e/test_features.pl,3,block_modify,11,11,1009,998,0.949,0,0,"@@ -97,33 +97,33 @@ open $fh, '>', '/tmp/dv_multi_old2.txt'; print $fh ""c\n""; close $fh;"
gitanim_history,d1efd32e/test_features.pl,4,block_modify,25,25,1481,1420,0.895,0,0,"@@ -133,38 +133,38 @@ my $parser_output = `perl tests/test_parsers.pl 2>&1`;"
gitanim_history,d1efd32e/test_features.pl,5,block_modify,5,5,322,316,0.875,0,0,"@@ -177,11 +177,11 @@ ok('plugin defines :Diffvim command', `cat plugin/diffvim.vim` =~ /command.*Diff"
gitanim_history,d1efd32e/test_fold_theme_debug.pl,0,block_modify,12,12,1067,1055,0.944,0,0,"@@ -16,44 +16,44 @@ sub ok {"
gitanim_history,d1efd32e/test_highlight_hunk.pl,0,block_modify,21,21,1489,1468,0.953,0,0,"@@ -18,38 +18,38 @@ sub ok {"
gitanim_history,d1efd32e/test_highlight_hunk.pl,1,block_modify,4,4,384,380,0.92,0,0,"@@ -58,13 +58,13 @@ ok('autoload engine has HighlightHunk', $engine =~ /HighlightHunk/);"
gitanim_history,d1efd32e/test_highlight_resolution.pl,0,typo_fix,1,1,68,67,0.833,0,0,"@@ -6,7 +6,7 @@"
gitanim_history,d1efd32e/test_highlight_resolution.pl,1,block_modify,2,2,87,85,0.909,0,0,"@@ -21,8 +21,8 @@ sub ok {"
gitanim_history,d1efd32e/test_highlight_word.pl,0,typo_fix,1,1,65,64,0.875,0,0,"@@ -15,7 +15,7 @@ my $fail = 0;"
gitanim_history,d1efd32e/test_integration.pl,0,typo_fix,1,1,74,73,0.8,0,0,"@@ -39,7 +39,7 @@ for my $old_file (@examples) {"
gitanim_history,d1efd32e/test_integration.pl,1,word_replace,1,1,43,42,0.714,0,0,"@@ -50,7 +50,7 @@ for my $old_file (@examples) {"
gitanim_history,d1efd32e/test_integration.pl,2,word_replace,1,1,41,40,0.667,0,0,"@@ -59,7 +59,7 @@ ok('version shows vim version', $ver =~ /vim/i);"
gitanim_history,d1efd32e/test_integration.pl,3,typo_fix,1,1,73,72,0.818,0,0,"@@ -82,7 +82,7 @@ open $fh, '>', '/tmp/dv_text.txt';"
gitanim_history,d1efd32e/test_integration.pl,4,block_modify,5,5,528,523,0.913,0,0,"@@ -95,25 +95,25 @@ open $fh, '>', '/tmp/dv_content.txt';"
gitanim_history,d1efd32e/test_integration.pl,5,block_modify,7,7,419,413,0.895,0,0,"@@ -144,18 +144,18 @@ ok('plugin defines :Diffvim command', `cat plugin/diffvim.vim` =~ /command.*Diff"
gitanim_history,d1efd32e/test_new_features.pl,0,typo_fix,1,1,65,64,0.875,0,0,"@@ -15,7 +15,7 @@ my $fail = 0;"
gitanim_history,d1efd32e/test_newline_fix.pl,0,typo_fix,1,1,73,72,0.818,0,0,"@@ -12,7 +12,7 @@"
gitanim_history,d1efd32e/test_op_order.pl,0,typo_fix,1,1,84,83,0.8,0,0,"@@ -37,7 +37,7 @@ ok('--help lists all 6 modes', $help =~ /natural.*optimize.*left-to-right.*end-f"
gitanim_history,d1efd32e/test_overwrite_deletefirst.pl,0,typo_fix,1,1,65,64,0.875,0,0,"@@ -11,7 +11,7 @@ my $fail = 0;"
gitanim_history,d1efd32e/test_parser_compare.pl,0,block_modify,4,4,424,420,0.882,0,0,"@@ -18,24 +18,24 @@ sub ok {"
gitanim_history,d1efd32e/test_precomputed.pl,0,typo_fix,1,1,71,70,0.833,0,0,"@@ -1,7 +1,7 @@"
gitanim_history,d1efd32e/test_precomputed.pl,1,typo_fix,1,1,65,64,0.875,0,0,"@@ -13,7 +13,7 @@ my $fail = 0;"
gitanim_history,d1efd32e/test_rapid_eol.pl,0,typo_fix,1,1,65,64,0.875,0,0,"@@ -11,7 +11,7 @@ my $fail = 0;"
gitanim_history,d1efd32e/test_semantic_cleanup.pl,0,word_replace,1,1,41,40,0.667,0,0,"@@ -64,7 +64,7 @@ ok('identical files produce 0 hunks', @{$result->{hunks}} == 0);"
gitanim_history,d1efd32e/test_timer_engine.pl,0,typo_fix,1,1,69,68,0.846,0,0,"@@ -1,6 +1,6 @@"
gitanim_history,d1efd32e/test_timer_engine.pl,1,block_modify,2,2,115,113,0.929,0,0,"@@ -28,10 +28,10 @@ sub ok {"
gitanim_history,d1efd32e/test_vim_correctness.pl,0,typo_fix,1,1,64,63,0.818,0,0,"@@ -3,7 +3,7 @@"
gitanim_history,d1efd32e/test_vim_correctness.pl,1,block_modify,2,2,115,113,0.929,0,0,"@@ -18,9 +18,9 @@ my $fail = 0;"
gitanim_history,d1efd32e/test_vim_engine.pl,0,block_modify,2,2,115,113,0.929,0,0,"@@ -16,9 +16,9 @@ my $fail = 0;"
gitanim_history,d1efd32e/test_vim_roundtrip.pl,0,typo_fix,1,1,70,69,0.833,0,0,"@@ -1,7 +1,7 @@"
gitanim_history,d1efd32e/test_vim_roundtrip.pl,1,block_modify,2,2,105,103,0.923,0,0,"@@ -37,10 +37,10 @@ sub ok {"
gitanim_history,d1efd32e/test_vimscript_animator.sh,0,word_replace,1,1,68,67,0.778,0,0,"@@ -19,7 +19,7 @@ SYNOPSIS"
gitanim_history,d1efd32e/test_vimscript_animator.sh,1,word_replace,1,1,64,63,0.75,0,0,"@@ -65,7 +65,7 @@ if [[ ""${1:-}"" == ""-h"" || ""${1:-}"" == ""--help"" ]]; then"
gitanim_history,d1efd32e/test_vimscript_animator.sh,2,word_replace,1,1,51,50,0.75,0,0,"@@ -101,7 +101,7 @@ cat >> ""$ENG"" <<'VIM'"
gitanim_history,d1efd32e/verify_md5.pl,0,block_modify,2,2,153,151,0.882,0,0,"@@ -1,10 +1,10 @@"
gitanim_history,d1efd32e/verify_md5.pl,1,block_modify,2,2,130,128,0.938,0,0,"@@ -29,10 +29,10 @@ my $tmpdir   = tempdir(CLEANUP => 1);"
gitanim_history,d1efd32e/verify_md5.pl,2,word_replace,1,1,76,75,0.333,0,0,"@@ -249,7 +249,7 @@ for my $d (@dirs) {"
gitanim_history,d1efd32e/verify_md5.pl,3,typo_fix,1,1,94,93,0.818,0,0,"@@ -282,7 +282,7 @@ print ""\n"";"
gitanim_history,d1efd32e/verify_md5.pl,4,block_modify,2,2,103,101,0.8,0,0,"@@ -295,14 +295,14 @@ print ""="" x 110, ""\n"";"
gitanim_history,d1efd32e/verify_md5.sh,0,block_modify,2,2,139,137,0.889,0,0,"@@ -22,14 +22,14 @@"
gitanim_history,d1efd32e/verify_md5_cont.pl,0,word_replace,1,1,76,75,0.333,0,0,"@@ -63,7 +63,7 @@ for my $d (@dirs) {"
gitanim_history,d1efd32e/verify_md5_parallel.pl,0,block_modify,2,2,157,155,0.833,0,0,"@@ -1,8 +1,8 @@"
gitanim_history,d1efd32e/verify_md5_parallel.pl,1,word_replace,1,1,73,71,0.667,0,0,"@@ -389,7 +389,7 @@ print ""Round-trip MD5 verification — all 42 example pairs\n"";"
gitanim_history,d1efd32e/verify_md5_parallel.pl,2,block_modify,2,2,179,177,0.889,0,0,"@@ -406,7 +406,7 @@ for my $d (@dirs) {"
gitanim_history,f8beb2c4/README.md,0,block_insert,0,5,0,160,0.0,0,0,"@@ -1,5 +1,10 @@"
gitanim_history,f8beb2c4/API_REFERENCE.md,0,block_insert,0,5,0,160,0.0,0,0,"@@ -1,5 +1,10 @@"
gitanim_history,f8beb2c4/BEST_PRACTICES_ANALYSIS.md,0,block_insert,0,5,0,160,0.0,0,0,"@@ -1,5 +1,10 @@"
gitanim_history,f8beb2c4/CODE_ANALYSIS.md,0,block_insert,0,5,0,160,0.0,0,0,"@@ -1,5 +1,10 @@"
gitanim_history,f8beb2c4/DOCS_AUDIT.md,0,block_insert,0,5,0,160,0.0,0,0,"@@ -1,5 +1,10 @@"
gitanim_history,f8beb2c4/ENV_VAR_ANALYSIS.md,0,block_insert,0,5,0,160,0.0,0,0,"@@ -1,5 +1,10 @@"
gitanim_history,f8beb2c4/LAYER_ANALYSIS_AND_DOC_REVIEW.md,0,block_insert,0,5,0,160,0.0,0,0,"@@ -1,5 +1,10 @@"
gitanim_history,f8beb2c4/MANPAGE_OVERVIEW.md,0,block_insert,0,5,0,160,0.0,0,0,"@@ -1,5 +1,10 @@"
gitanim_history,f8beb2c4/P3_ISSUES.md,0,block_insert,0,5,0,160,0.0,0,0,"@@ -1,5 +1,10 @@"
gitanim_history,f8beb2c4/PERL_LAUNCHER_EXPLANATION.md,0,block_insert,0,5,0,160,0.0,0,0,"@@ -1,5 +1,10 @@"
gitanim_history,f8beb2c4/README.md,0,block_insert,0,5,0,160,0.0,0,0,"@@ -1,5 +1,10 @@"
gitanim_history,f8beb2c4/REQUIREMENTS.md,0,block_insert,0,5,0,160,0.0,0,0,"@@ -1,5 +1,10 @@"
gitanim_history,f8beb2c4/RESTRUCTURE_ANALYSIS.md,0,block_insert,0,5,0,160,0.0,0,0,"@@ -1,5 +1,10 @@"
gitanim_history,f8beb2c4/UNDO_REDO_ANALYSIS.md,0,block_insert,0,5,0,160,0.0,0,0,"@@ -1,5 +1,10 @@"
gitanim_history,f8beb2c4/SUMMARY.md,0,block_insert,0,5,0,160,0.0,0,0,"@@ -1,5 +1,10 @@"
gitanim_history,f8beb2c4/architecture.md,0,block_insert,0,5,0,160,0.0,0,0,"@@ -1,5 +1,10 @@"
gitanim_history,f8beb2c4/completion.md,0,block_insert,0,5,0,160,0.0,0,0,"@@ -1,5 +1,10 @@"
gitanim_history,f8beb2c4/compute.md,0,block_insert,0,5,0,160,0.0,0,0,"@@ -1,5 +1,10 @@"
gitanim_history,f8beb2c4/configuration.md,0,block_insert,0,5,0,160,0.0,0,0,"@@ -1,5 +1,10 @@"
gitanim_history,f8beb2c4/contributing.md,0,block_insert,0,5,0,160,0.0,0,0,"@@ -1,5 +1,10 @@"
gitanim_history,f8beb2c4/controls.md,0,block_insert,0,5,0,160,0.0,0,0,"@@ -1,5 +1,10 @@"
gitanim_history,f8beb2c4/examples.md,0,block_insert,0,5,0,160,0.0,0,0,"@@ -1,5 +1,10 @@"
gitanim_history,f8beb2c4/git-integration.md,0,block_insert,0,5,0,160,0.0,0,0,"@@ -1,5 +1,10 @@"
gitanim_history,f8beb2c4/installation.md,0,block_insert,0,5,0,160,0.0,0,0,"@@ -1,5 +1,10 @@"
gitanim_history,f8beb2c4/introduction.md,0,block_insert,0,5,0,160,0.0,0,0,"@@ -1,5 +1,10 @@"
gitanim_history,f8beb2c4/manpages.md,0,block_insert,0,5,0,160,0.0,0,0,"@@ -1,5 +1,10 @@"
gitanim_history,f8beb2c4/options.md,0,block_insert,0,5,0,160,0.0,0,0,"@@ -1,5 +1,10 @@"
gitanim_history,f8beb2c4/parsers.md,0,block_insert,0,5,0,160,0.0,0,0,"@@ -1,5 +1,10 @@"
gitanim_history,f8beb2c4/plugin-layers.md,0,block_insert,0,5,0,160,0.0,0,0,"@@ -1,5 +1,10 @@"
gitanim_history,f8beb2c4/plugin.md,0,block_insert,0,5,0,160,0.0,0,0,"@@ -1,5 +1,10 @@"
gitanim_history,f8beb2c4/presets.md,0,block_insert,0,5,0,160,0.0,0,0,"@@ -1,5 +1,10 @@"
gitanim_history,f8beb2c4/quick-start.md,0,block_insert,0,5,0,160,0.0,0,0,"@@ -1,5 +1,10 @@"
gitanim_history,f8beb2c4/testing.md,0,block_insert,0,5,0,160,0.0,0,0,"@@ -1,5 +1,10 @@"
gitanim_history,f8beb2c4/add_doc_provenance.py,0,block_insert,0,123,0,3878,0.0,0,0,"@@ -0,0 +1,123 @@"
gitanim_history,96d0693a/100_IMPROVEMENTS.md,0,block_insert,0,956,0,68544,0.0,0,0,"@@ -0,0 +1,956 @@"
gitanim_history,96d0693a/ADOPTION_GUIDE.md,0,block_insert,0,471,0,14777,0.0,0,0,"@@ -0,0 +1,471 @@"
gitanim_history,96d0693a/AI_CODE_DIFFING.md,0,block_insert,0,355,0,17029,0.0,0,0,"@@ -0,0 +1,355 @@"
gitanim_history,96d0693a/ANIMATOR_REQUIREMENTS.md,0,block_insert,0,832,0,30856,0.0,0,0,"@@ -0,0 +1,832 @@"
gitanim_history,96d0693a/API_REFERENCE.md,0,block_insert,0,133,0,4627,0.0,0,0,"@@ -0,0 +1,133 @@"
gitanim_history,96d0693a/ARCHITECTURE_ANALYSIS.md,0,block_insert,0,443,0,23100,0.0,0,0,"@@ -0,0 +1,443 @@"
gitanim_history,96d0693a/COMPLETE_OPTIONS_REFERENCE.md,0,block_insert,0,573,0,14157,0.0,0,0,"@@ -0,0 +1,573 @@"
gitanim_history,96d0693a/CONFIGURATION.md,0,block_insert,0,391,0,12013,0.0,0,0,"@@ -0,0 +1,391 @@"
gitanim_history,96d0693a/DEBUGGING.md,0,block_insert,0,390,0,12082,0.0,0,0,"@@ -0,0 +1,390 @@"
gitanim_history,96d0693a/DEVELOPER_GUIDE.md,0,block_insert,0,635,0,20372,0.0,0,0,"@@ -0,0 +1,635 @@"
gitanim_history,96d0693a/DIFF_TOOL_REPLACEMENT.md,0,block_insert,0,117,0,4481,0.0,0,0,"@@ -0,0 +1,117 @@"
gitanim_history,96d0693a/FAQ.md,0,block_insert,0,48,0,1484,0.0,0,0,"@@ -0,0 +1,48 @@"
gitanim_history,96d0693a/FOLLOW_IMPROVEMENTS.md,0,block_insert,0,231,0,9982,0.0,0,0,"@@ -0,0 +1,231 @@"
gitanim_history,96d0693a/GITLOGUE_ANALYSIS.md,0,block_insert,0,180,0,5291,0.0,0,0,"@@ -0,0 +1,180 @@"
gitanim_history,96d0693a/GITLOGUE_COMPARISON.md,0,block_insert,0,147,0,6379,0.0,0,0,"@@ -0,0 +1,147 @@"
gitanim_history,96d0693a/LEFT_TO_RIGHT_PROPOSED.md,0,block_insert,0,190,0,6148,0.0,0,0,"@@ -0,0 +1,190 @@"
gitanim_history,96d0693a/NEW_FEATURES.md,0,block_insert,0,173,0,5874,0.0,0,0,"@@ -0,0 +1,173 @@"
gitanim_history,96d0693a/NEXT_SESSION.md,0,block_insert,0,101,0,3991,0.0,0,0,"@@ -0,0 +1,101 @@"
gitanim_history,96d0693a/NON_CHAR_OPTIONS.md,0,block_insert,0,281,0,11161,0.0,0,0,"@@ -0,0 +1,281 @@"
gitanim_history,96d0693a/OPTIONS_ANALYSIS.md,0,block_insert,0,268,0,10660,0.0,0,0,"@@ -0,0 +1,268 @@"
gitanim_history,96d0693a/OPTIONS_OVERVIEW.md,0,block_insert,0,299,0,14365,0.0,0,0,"@@ -0,0 +1,299 @@"
gitanim_history,96d0693a/OPTION_ANALYSIS.md,0,block_insert,0,646,0,25970,0.0,0,0,"@@ -0,0 +1,646 @@"
gitanim_history,96d0693a/OPTION_AUDIT.md,0,block_insert,0,130,0,5910,0.0,0,0,"@@ -0,0 +1,130 @@"
gitanim_history,96d0693a/OPTION_COMBINATIONS.md,0,block_insert,0,161,0,4180,0.0,0,0,"@@ -0,0 +1,161 @@"
gitanim_history,96d0693a/OP_LIST_PARALLELISM.md,0,block_insert,0,161,0,5276,0.0,0,0,"@@ -0,0 +1,161 @@"
gitanim_history,96d0693a/PER_LAYER_ADJUSTMENT_REQUIREMENTS.md,0,block_insert,0,536,0,20598,0.0,0,0,"@@ -0,0 +1,536 @@"
gitanim_history,96d0693a/PICKER.md,0,block_insert,0,111,0,2989,0.0,0,0,"@@ -0,0 +1,111 @@"
gitanim_history,96d0693a/PIPELINE_DECORATE_ANALYSIS.md,0,block_insert,0,205,0,5634,0.0,0,0,"@@ -0,0 +1,205 @@"
gitanim_history,96d0693a/POSTPROCESS_LAYERS.md,0,block_insert,0,150,0,5297,0.0,0,0,"@@ -0,0 +1,150 @@"
gitanim_history,96d0693a/POSTPROCESS_OPERATIONS.md,0,block_insert,0,698,0,29178,0.0,0,0,"@@ -0,0 +1,698 @@"
gitanim_history,96d0693a/POSTPROCESS_OPTIONS.md,0,block_insert,0,98,0,3471,0.0,0,0,"@@ -0,0 +1,98 @@"
gitanim_history,96d0693a/POSTPROCESS_PIPELINE.md,0,block_insert,0,119,0,4389,0.0,0,0,"@@ -0,0 +1,119 @@"
gitanim_history,96d0693a/POSTPROCESS_QUICK_REFERENCE.md,0,block_insert,0,143,0,6240,0.0,0,0,"@@ -0,0 +1,143 @@"
gitanim_history,96d0693a/POSTPROCESS_REDESIGN.md,0,block_insert,0,472,0,16879,0.0,0,0,"@@ -0,0 +1,472 @@"
gitanim_history,96d0693a/POSTPROCESS_TRANSFORMS.md,0,block_insert,0,348,0,11893,0.0,0,0,"@@ -0,0 +1,348 @@"
gitanim_history,96d0693a/POST_PROCESSING.md,0,block_insert,0,109,0,4040,0.0,0,0,"@@ -0,0 +1,109 @@"
gitanim_history,96d0693a/PP_LAYER_DELETE_LINE_FIRST.md,0,block_insert,0,83,0,2245,0.0,0,0,"@@ -0,0 +1,83 @@"
gitanim_history,96d0693a/PP_LAYER_OVERWRITE.md,0,block_insert,0,104,0,3402,0.0,0,0,"@@ -0,0 +1,104 @@"
gitanim_history,96d0693a/RESTORING_OLD_FEATURES.md,0,block_insert,0,360,0,13425,0.0,0,0,"@@ -0,0 +1,360 @@"
gitanim_history,96d0693a/TESTING.md,0,block_insert,0,290,0,7241,0.0,0,0,"@@ -0,0 +1,290 @@"
gitanim_history,96d0693a/TUNE_INTERFACE_ANALYSIS.md,0,block_insert,0,163,0,5723,0.0,0,0,"@@ -0,0 +1,163 @@"
gitanim_history,96d0693a/USER_REQUESTS.md,0,block_insert,0,337,0,15738,0.0,0,0,"@@ -0,0 +1,337 @@"
gitanim_history,17560bfb/API_REFERENCE.md,0,block_insert,0,268,0,7039,0.0,0,0,"@@ -0,0 +1,268 @@"
gitanim_history,17560bfb/ad_layer_common.h,0,line_expand,1,21,74,963,0.011,0,0,"@@ -25,11 +25,31 @@"
gitanim_history,17560bfb/ad_layer_common.h,1,word_replace,1,1,18,36,0.5,0,0,"@@ -161,7 +181,7 @@ __attribute__((unused)) static int ad_layer_run("
gitanim_history,17560bfb/ad_layer_common.h,2,block_modify,2,2,147,181,0.857,0,0,"@@ -172,10 +192,10 @@ __attribute__((unused)) static int ad_layer_run("
gitanim_history,17560bfb/ad_layer_highlight.c,0,word_replace,1,1,47,65,0.75,0,0,"@@ -67,7 +67,7 @@ static int cap_lines = 0;"
gitanim_history,17560bfb/ad_layer_highlight.c,1,block_modify,2,2,64,100,0.857,0,0,"@@ -136,8 +136,8 @@ int get_op_line(const char *line) {"
gitanim_history,17560bfb/ad_layer_highlight.c,2,block_modify,2,2,64,100,0.857,0,0,"@@ -147,8 +147,8 @@ int get_op_col(const char *line) {"
gitanim_history,17560bfb/ad_layer_highlight.c,3,block_modify,2,2,64,100,0.857,0,0,"@@ -158,8 +158,8 @@ int get_op_code(const char *line) {"
gitanim_history,17560bfb/ad_layer_highlight.c,4,word_replace,1,1,89,141,0.571,0,0,"@@ -259,7 +259,7 @@ void do_highlight_word(int idx) {"
gitanim_history,17560bfb/ad_layer_highlight.c,5,word_replace,1,1,89,141,0.571,0,0,"@@ -272,7 +272,7 @@ void do_highlight_word(int idx) {"
gitanim_history,17560bfb/ad_layer_indent_last.c,0,block_insert,0,16,0,904,0.0,0,0,"@@ -7,6 +7,22 @@"
gitanim_history,17560bfb/ad_layer_indent_last.c,1,literal_replace,1,1,68,87,0.833,0,0,"@@ -14,7 +30,7 @@ static int layer_indent_last(Op *ops, int n_ops, Op *out, int out_cap, int *line"
gitanim_history,17560bfb/ad_layer_indent_last.c,2,word_replace,1,1,64,97,0.6,0,0,"@@ -29,7 +45,7 @@ static int layer_indent_last(Op *ops, int n_ops, Op *out, int out_cap, int *line"
gitanim_history,17560bfb/ad_layer_indent_last.c,3,literal_replace,1,1,82,101,0.833,0,0,"@@ -43,7 +59,7 @@ static int layer_indent_last(Op *ops, int n_ops, Op *out, int out_cap, int *line"
gitanim_history,17560bfb/ad_layer_line_delete_in_place.c,0,block_insert,0,16,0,871,0.0,0,0,"@@ -11,6 +11,22 @@"
gitanim_history,17560bfb/ad_layer_line_delete_in_place.c,1,block_modify,2,2,145,183,0.857,0,0,"@@ -19,8 +35,8 @@ static int layer_line_delete_in_place(Op *ops, int n_ops, Op *out, int out_cap,"
gitanim_history,17560bfb/ad_layer_line_delete_in_place.c,2,block_modify,2,2,78,116,0.75,0,0,"@@ -30,14 +46,14 @@ static int layer_line_delete_in_place(Op *ops, int n_ops, Op *out, int out_cap,"
gitanim_history,17560bfb/ad_layer_overwrite.c,0,block_replace,24,37,1154,2261,0.352,0,0,"@@ -2,69 +2,82 @@"
gitanim_history,17560bfb/ad_layer_pace.c,0,block_modify,3,3,112,181,0.727,0,0,"@@ -286,14 +286,14 @@ void process_awd(char *lines[], int start, int count, int same_line) {"
gitanim_history,17560bfb/ad_layer_pace.c,1,block_modify,3,3,122,191,0.75,0,0,"@@ -328,10 +328,10 @@ void process_awd(char *lines[], int start, int count, int same_line) {"
gitanim_history,17560bfb/ad_layer_pace.c,2,block_modify,3,3,134,203,0.75,0,0,"@@ -349,10 +349,10 @@ void process_awd(char *lines[], int start, int count, int same_line) {"
gitanim_history,17560bfb/ad_layer_pace.c,3,block_replace,7,12,343,743,0.225,0,0,"@@ -368,25 +368,30 @@ void process_awd(char *lines[], int start, int count, int same_line) {"
gitanim_history,17560bfb/ad_layer_pace.c,4,block_replace,6,13,336,849,0.181,0,0,"@@ -406,22 +411,29 @@ static void pace_delete_char(char *line) {"
gitanim_history,17560bfb/ad_layer_pace.c,5,block_modify,2,2,70,106,0.857,0,0,"@@ -429,8 +441,8 @@ static void pace_delete_flash(char *line) {"
gitanim_history,17560bfb/ad_layer_pace.c,6,block_replace,7,12,328,768,0.295,0,0,"@@ -455,25 +467,30 @@ static void pace_delete_flash(char *line) {"
gitanim_history,17560bfb/ad_layer_pace.c,7,block_replace,5,9,237,584,0.25,0,0,"@@ -496,15 +513,19 @@ static void pace_delete_rapid_eol(char *line) {"
gitanim_history,17560bfb/ad_layer_pace.c,8,block_modify,2,2,70,106,0.857,0,0,"@@ -512,8 +533,8 @@ static void pace_delete_rapid_identical(char *line) {"
gitanim_history,17560bfb/ad_layer_pace.c,9,block_replace,7,12,347,797,0.362,0,0,"@@ -537,25 +558,30 @@ static void pace_delete_rapid_identical(char *line) {"
gitanim_history,17560bfb/ad_layer_pace.c,10,block_modify,2,2,66,102,0.857,0,0,"@@ -571,11 +597,11 @@ static void pace_delete_awd(char *line) {"
gitanim_history,17560bfb/ad_layer_pace.c,11,block_modify,2,2,77,113,0.857,0,0,"@@ -609,8 +635,8 @@ static void handle_hunk_end(char *line) {"
gitanim_history,17560bfb/ad_layer_pace.c,12,block_replace,19,21,743,916,0.46,0,0,"@@ -618,35 +644,37 @@ static void handle_hunk_end(char *line) {"
gitanim_history,17560bfb/ad_layer_pace.c,13,block_modify,2,2,66,102,0.857,0,0,"@@ -658,11 +686,11 @@ static void handle_delay(char *line) {"
gitanim_history,17560bfb/ad_layer_pace.c,14,block_modify,3,3,143,198,0.846,0,0,"@@ -679,10 +707,10 @@ static void handle_delete_newline(char *line) {"
gitanim_history,17560bfb/ad_layer_pace.c,15,block_modify,2,2,66,102,0.857,0,0,"@@ -741,11 +769,11 @@ static void handle_delete_char(char *line) {"
gitanim_history,17560bfb/ad_layer_pace.c,16,word_replace,1,1,25,44,0.667,0,0,"@@ -759,7 +787,7 @@ static void handle_insert(char *line) {"
gitanim_history,17560bfb/ad_layer_pace.c,17,block_modify,3,3,163,218,0.857,0,0,"@@ -773,11 +801,11 @@ static void handle_insert(char *line) {"
gitanim_history,17560bfb/ad_layer_pace.c,18,block_modify,3,3,137,206,0.727,0,0,"@@ -792,10 +820,10 @@ static void handle_insert(char *line) {"
gitanim_history,17560bfb/ad_layer_pace.c,19,word_replace,1,1,21,40,0.667,0,0,"@@ -809,7 +837,7 @@ static void handle_insert(char *line) {"
gitanim_history,17560bfb/ad_layer_pace.c,20,word_replace,1,1,62,80,0.5,0,0,"@@ -880,7 +908,7 @@ int main(int argc, char **argv) {"
gitanim_history,17560bfb/ad_layer_pace.c,21,block_modify,2,2,74,110,0.857,0,0,"@@ -903,11 +931,11 @@ int main(int argc, char **argv) {"
gitanim_history,17560bfb/ad_layer_pace.c,22,word_replace,1,1,29,48,0.667,0,0,"@@ -925,7 +953,7 @@ int main(int argc, char **argv) {"
gitanim_history,17560bfb/ad_layer_reorder.c,0,block_replace,36,47,1701,2679,0.306,0,0,"@@ -8,76 +8,87 @@"
gitanim_history,17560bfb/ad_layer_skip_indent.c,0,line_expand,1,19,32,1040,0.031,0,0,"@@ -24,8 +24,26 @@"
gitanim_history,17560bfb/ad_layer_skip_indent.c,1,word_replace,1,1,77,129,0.571,0,0,"@@ -39,7 +57,7 @@ static int layer_skip_indent(Op *ops, int n_ops, Op *out, int out_cap,"
gitanim_history,17560bfb/test_fuzz.pl,0,block_insert,0,150,0,4365,0.0,0,0,"@@ -0,0 +1,150 @@"
gitanim_history,51608d73/100_IMPROVEMENTS.md,0,block_delete,956,0,68544,0,0.0,0,0,"@@ -1,956 +0,0 @@"
gitanim_history,51608d73/ADOPTION_GUIDE.md,0,block_delete,471,0,14777,0,0.0,0,0,"@@ -1,471 +0,0 @@"
gitanim_history,51608d73/AI_CODE_DIFFING.md,0,block_delete,355,0,17029,0,0.0,0,0,"@@ -1,355 +0,0 @@"
gitanim_history,51608d73/ANIMATOR_REQUIREMENTS.md,0,block_delete,832,0,30856,0,0.0,0,0,"@@ -1,832 +0,0 @@"
gitanim_history,51608d73/API_REFERENCE.md,0,block_delete,133,0,4627,0,0.0,0,0,"@@ -1,133 +0,0 @@"
gitanim_history,51608d73/ARCHITECTURE_ANALYSIS.md,0,block_delete,443,0,23100,0,0.0,0,0,"@@ -1,443 +0,0 @@"
gitanim_history,51608d73/COMPLETE_OPTIONS_REFERENCE.md,0,block_delete,573,0,14157,0,0.0,0,0,"@@ -1,573 +0,0 @@"
gitanim_history,51608d73/CONFIGURATION.md,0,block_delete,391,0,12013,0,0.0,0,0,"@@ -1,391 +0,0 @@"
gitanim_history,51608d73/DEBUGGING.md,0,block_delete,390,0,12082,0,0.0,0,0,"@@ -1,390 +0,0 @@"
gitanim_history,51608d73/DEVELOPER_GUIDE.md,0,block_delete,635,0,20372,0,0.0,0,0,"@@ -1,635 +0,0 @@"
gitanim_history,51608d73/DIFF_TOOL_REPLACEMENT.md,0,block_delete,117,0,4481,0,0.0,0,0,"@@ -1,117 +0,0 @@"
gitanim_history,51608d73/FAQ.md,0,block_delete,48,0,1484,0,0.0,0,0,"@@ -1,48 +0,0 @@"
gitanim_history,51608d73/FOLLOW_IMPROVEMENTS.md,0,block_delete,231,0,9982,0,0.0,0,0,"@@ -1,231 +0,0 @@"
gitanim_history,51608d73/GITLOGUE_ANALYSIS.md,0,block_delete,180,0,5291,0,0.0,0,0,"@@ -1,180 +0,0 @@"
gitanim_history,51608d73/GITLOGUE_COMPARISON.md,0,block_delete,147,0,6379,0,0.0,0,0,"@@ -1,147 +0,0 @@"
gitanim_history,51608d73/LEFT_TO_RIGHT_PROPOSED.md,0,block_delete,190,0,6148,0,0.0,0,0,"@@ -1,190 +0,0 @@"
gitanim_history,51608d73/NEW_FEATURES.md,0,block_delete,173,0,5874,0,0.0,0,0,"@@ -1,173 +0,0 @@"
gitanim_history,51608d73/NEXT_SESSION.md,0,block_delete,101,0,3991,0,0.0,0,0,"@@ -1,101 +0,0 @@"
gitanim_history,51608d73/NON_CHAR_OPTIONS.md,0,block_delete,281,0,11161,0,0.0,0,0,"@@ -1,281 +0,0 @@"
gitanim_history,51608d73/OPTIONS_ANALYSIS.md,0,block_delete,268,0,10660,0,0.0,0,0,"@@ -1,268 +0,0 @@"
gitanim_history,51608d73/OPTIONS_OVERVIEW.md,0,block_delete,299,0,14365,0,0.0,0,0,"@@ -1,299 +0,0 @@"
gitanim_history,51608d73/OPTION_ANALYSIS.md,0,block_delete,646,0,25970,0,0.0,0,0,"@@ -1,646 +0,0 @@"
gitanim_history,51608d73/OPTION_AUDIT.md,0,block_delete,130,0,5910,0,0.0,0,0,"@@ -1,130 +0,0 @@"
gitanim_history,51608d73/OPTION_COMBINATIONS.md,0,block_delete,161,0,4180,0,0.0,0,0,"@@ -1,161 +0,0 @@"
gitanim_history,51608d73/OP_LIST_PARALLELISM.md,0,block_delete,161,0,5276,0,0.0,0,0,"@@ -1,161 +0,0 @@"
gitanim_history,51608d73/PER_LAYER_ADJUSTMENT_REQUIREMENTS.md,0,block_delete,536,0,20598,0,0.0,0,0,"@@ -1,536 +0,0 @@"
gitanim_history,51608d73/PICKER.md,0,block_delete,111,0,2989,0,0.0,0,0,"@@ -1,111 +0,0 @@"
gitanim_history,51608d73/PIPELINE_DECORATE_ANALYSIS.md,0,block_delete,205,0,5634,0,0.0,0,0,"@@ -1,205 +0,0 @@"
gitanim_history,51608d73/POSTPROCESS_LAYERS.md,0,block_delete,150,0,5297,0,0.0,0,0,"@@ -1,150 +0,0 @@"
gitanim_history,51608d73/POSTPROCESS_OPERATIONS.md,0,block_delete,698,0,29178,0,0.0,0,0,"@@ -1,698 +0,0 @@"
gitanim_history,51608d73/POSTPROCESS_OPTIONS.md,0,block_delete,98,0,3471,0,0.0,0,0,"@@ -1,98 +0,0 @@"
gitanim_history,51608d73/POSTPROCESS_PIPELINE.md,0,block_delete,119,0,4389,0,0.0,0,0,"@@ -1,119 +0,0 @@"
gitanim_history,51608d73/POSTPROCESS_QUICK_REFERENCE.md,0,block_delete,143,0,6240,0,0.0,0,0,"@@ -1,143 +0,0 @@"
gitanim_history,51608d73/POSTPROCESS_REDESIGN.md,0,block_delete,472,0,16879,0,0.0,0,0,"@@ -1,472 +0,0 @@"
gitanim_history,51608d73/POSTPROCESS_TRANSFORMS.md,0,block_delete,348,0,11893,0,0.0,0,0,"@@ -1,348 +0,0 @@"
gitanim_history,51608d73/POST_PROCESSING.md,0,block_delete,109,0,4040,0,0.0,0,0,"@@ -1,109 +0,0 @@"
gitanim_history,51608d73/PP_LAYER_DELETE_LINE_FIRST.md,0,block_delete,83,0,2245,0,0.0,0,0,"@@ -1,83 +0,0 @@"
gitanim_history,51608d73/PP_LAYER_OVERWRITE.md,0,block_delete,104,0,3402,0,0.0,0,0,"@@ -1,104 +0,0 @@"
gitanim_history,51608d73/RESTORING_OLD_FEATURES.md,0,block_delete,360,0,13425,0,0.0,0,0,"@@ -1,360 +0,0 @@"
gitanim_history,51608d73/TESTING.md,0,block_delete,290,0,7241,0,0.0,0,0,"@@ -1,290 +0,0 @@"
gitanim_history,51608d73/TUNE_INTERFACE_ANALYSIS.md,0,block_delete,163,0,5723,0,0.0,0,0,"@@ -1,163 +0,0 @@"
gitanim_history,51608d73/USER_REQUESTS.md,0,block_delete,337,0,15738,0,0.0,0,0,"@@ -1,337 +0,0 @@"
gitanim_history,637b351f/BEST_PRACTICES_ANALYSIS.md,0,block_insert,0,671,0,33698,0.0,0,0,"@@ -0,0 +1,671 @@"
gitanim_history,db72a002/compute.cpp,0,block_move,38,0,1701,0,0.0,0,0,"@@ -508,44 +508,6 @@ vector<CharOp> semantic_cleanup(vector<CharOp> ops) {"
gitanim_history,db72a002/compute.cpp,1,block_move,12,0,424,0,0.0,0,0,"@@ -651,24 +613,12 @@ vector<CharOp> word_diff(const string& a, const string& b) {"
gitanim_history,db72a002/compute.cpp,2,block_replace,2,2,133,1,0.0,0,0,"@@ -695,8 +645,8 @@ int main(int argc, char** argv) {"
gitanim_history,db72a002/compute.cpp,3,block_delete,4,0,185,0,0.0,0,0,"@@ -718,10 +668,6 @@ int main(int argc, char** argv) {"
gitanim_history,db72a002/compute.cpp,4,literal_replace,1,1,136,119,0.857,0,0,"@@ -732,7 +678,7 @@ int main(int argc, char** argv) {"
gitanim_history,db72a002/compute.cpp,5,literal_replace,1,1,137,120,0.867,0,0,"@@ -740,7 +686,7 @@ int main(int argc, char** argv) {"
gitanim_history,db72a002/compute.cpp,6,block_replace,13,2,763,91,0.127,0,0,"@@ -767,19 +713,8 @@ int main(int argc, char** argv) {"
gitanim_history,db72a002/compute.cpp,7,block_delete,3,0,101,0,0.0,0,0,"@@ -840,9 +775,6 @@ int main(int argc, char** argv) {"
gitanim_history,db72a002/compute.cpp,8,block_modify,2,2,125,66,0.667,0,0,"@@ -855,9 +787,9 @@ int main(int argc, char** argv) {"
gitanim_history,db72a002/compute.pl,0,block_delete,2,0,40,0,0.0,0,0,"@@ -40,8 +40,6 @@ binmode(STDERR, ':utf8');"
gitanim_history,db72a002/compute.pl,1,line_collapse,5,1,226,65,0.444,0,0,"@@ -50,13 +48,9 @@ for (my $i = 0; $i < @ARGV; $i++) {"
gitanim_history,db72a002/compute.pl,2,line_delete,1,0,40,0,0.0,0,0,"@@ -75,7 +69,6 @@ my $t_start = Time::HiRes::time() if eval { require Time::HiRes; };"
gitanim_history,db72a002/compute.pl,3,block_delete,36,0,1500,0,0.0,0,0,"@@ -99,49 +92,13 @@ print $out ""# diffvim raw diff v2\n"";"
gitanim_history,db72a002/compute.pl,4,block_insert,0,2,0,33,0.0,0,0,"@@ -150,6 +107,8 @@ for my $h (@hunks) {"
gitanim_history,db72a002/REQUIREMENTS.md,0,block_delete,2,0,130,0,0.0,0,0,"@@ -130,8 +130,6 @@ LCS dynamic programming."
gitanim_history,db72a002/REQUIREMENTS.md,1,line_insert,0,1,0,127,0.0,0,0,"@@ -170,6 +168,7 @@ stdout, exits 0 on success."
gitanim_history,db72a002/REQUIREMENTS.md,2,block_modify,2,2,133,133,1.0,0,0,"@@ -256,13 +255,13 @@ Config file is sourced as bash. Variables use UPPER_CASE names (e.g."
gitanim_history,db72a002/REQUIREMENTS.md,3,block_modify,2,2,62,62,1.0,0,0,"@@ -318,9 +317,9 @@ make clean      # Remove bin/"
gitanim_history,db72a002/UNDO_REDO_ANALYSIS.md,0,block_replace,73,19,3597,1122,0.282,0,0,"@@ -180,85 +180,31 @@ without any layer-specific knowledge."
gitanim_history,db72a002/compute.md,0,line_delete,1,0,87,0,0.0,0,0,"@@ -69,7 +69,6 @@ diffvim --precomputed /tmp/diff.txt old.py new.py"
gitanim_history,db72a002/compute.md,1,line_delete,1,0,17,0,0.0,0,0,"@@ -95,7 +94,6 @@ The compute tool writes a line-oriented diff file that diffvim's"
gitanim_history,db72a002/configuration.md,0,line_delete,1,0,83,0,0.0,0,0,"@@ -84,7 +84,6 @@ These convenience flags enable specific postprocess layers:"
gitanim_history,db72a002/configuration.md,1,block_delete,2,0,130,0,0.0,0,0,"@@ -137,10 +136,8 @@ These convenience flags enable specific postprocess layers:"
gitanim_history,db72a002/introduction.md,0,word_replace,1,1,70,65,0.375,0,0,"@@ -32,7 +32,7 @@ re-typed — surrounding text is never touched."
gitanim_history,db72a002/plugin-layers.md,0,line_insert,0,1,0,141,0.0,0,0,"@@ -149,6 +149,7 @@ Convenience flags that map to layers:"
gitanim_history,db72a002/ad_layer_pace.c,0,line_insert,0,1,0,66,0.0,0,0,"@@ -58,6 +58,7 @@ static int awd_start_ms = 80;    /* slow start delay */"
gitanim_history,db72a002/ad_layer_pace.c,1,line_expand,1,7,38,239,0.25,0,0,"@@ -143,8 +144,14 @@ static void track_op_type(const char *type) {"
gitanim_history,db72a002/ad_layer_pace.c,2,block_insert,0,4,0,78,0.0,0,0,"@@ -152,6 +159,10 @@ static void emit_paced_delay(int ms, const char *type) {"
gitanim_history,db72a002/ad_layer_pace.c,3,line_expand,1,33,74,1215,0.15,0,0,"@@ -607,8 +618,40 @@ static void handle_hunk_end(char *line) {"
gitanim_history,db72a002/ad_layer_skip_indent.c,0,block_insert,0,113,0,4307,0.0,0,0,"@@ -0,0 +1,113 @@"
gitanim_history,db72a002/ad_layer_skip_indent.pl,0,block_insert,0,81,0,2441,0.0,0,0,"@@ -0,0 +1,81 @@"
gitanim_history,db72a002/test_skip_indent.pl,0,block_insert,0,125,0,3952,0.0,0,0,"@@ -0,0 +1,125 @@"
gitanim_history,c1827e87/UNDO_REDO_ANALYSIS.md,0,block_insert,0,264,0,11092,0.0,0,0,"@@ -0,0 +1,264 @@"
gitanim_history,2c22aa46/REQUIREMENTS.md,0,block_insert,0,355,0,16554,0.0,0,0,"@@ -0,0 +1,355 @@"
gitanim_history,a604fab2/ad_layer_pace.c,0,block_insert,0,9,0,541,0.0,0,0,"@@ -83,6 +83,15 @@ static char snapshot_file[256] = """";"
gitanim_history,a604fab2/ad_layer_pace.c,1,block_insert,0,435,0,16029,0.0,0,0,"@@ -343,6 +352,441 @@ void process_awd(char *lines[], int start, int count, int same_line) {"
gitanim_history,a604fab2/ad_layer_pace.c,2,block_delete,3,0,130,0,0.0,0,0,"@@ -353,13 +797,10 @@ int main(int argc, char **argv) {"
gitanim_history,a604fab2/ad_layer_pace.c,3,block_replace,2,7,89,340,0.064,0,0,"@@ -410,9 +851,14 @@ int main(int argc, char **argv) {"
gitanim_history,a604fab2/ad_layer_pace.c,4,block_move,332,12,17236,527,0.047,0,0,"@@ -421,356 +867,36 @@ int main(int argc, char **argv) {"
gitanim_history,25a0a022/ad_route.sh,0,block_insert,0,82,0,3289,0.0,0,0,"@@ -0,0 +1,82 @@"
gitanim_history,ead31f13/ad_layer_common.h,0,block_insert,0,16,0,458,0.0,0,0,"@@ -97,6 +97,22 @@ __attribute__((unused)) static int ad_layer_parse_op_fields(const char *line, co"
gitanim_history,ead31f13/ad_layer_highlight.c,0,line_insert,0,1,0,67,0.0,0,0,"@@ -56,6 +56,7 @@ static int context_lines = 0;"
gitanim_history,ead31f13/ad_layer_highlight.c,1,block_insert,0,2,0,135,0.0,0,0,"@@ -91,6 +92,8 @@ void parse_args(int argc, char **argv) {"
gitanim_history,ead31f13/ad_layer_highlight.c,2,block_move,14,0,352,0,0.0,0,0,"@@ -112,20 +115,6 @@ void parse_args(int argc, char **argv) {"
gitanim_history,ead31f13/ad_layer_highlight.c,3,word_replace,1,1,36,45,0.667,0,0,"@@ -148,7 +137,7 @@ int get_op_line(const char *line) {"
gitanim_history,ead31f13/ad_layer_highlight.c,4,word_replace,1,1,36,45,0.667,0,0,"@@ -159,7 +148,7 @@ int get_op_col(const char *line) {"
gitanim_history,ead31f13/ad_layer_highlight.c,5,word_replace,1,1,36,45,0.667,0,0,"@@ -170,7 +159,7 @@ int get_op_code(const char *line) {"
gitanim_history,ead31f13/ad_layer_highlight.c,6,block_replace,3,50,177,2168,0.129,0,0,"@@ -240,11 +229,58 @@ void do_highlight_inline(int idx) {"
gitanim_history,ead31f13/ad_layer_highlight.c,7,block_replace,6,21,345,1173,0.246,0,0,"@@ -387,16 +423,31 @@ int main(int argc, char **argv) {"
gitanim_history,ead31f13/ad_layer_pace.c,0,block_delete,14,0,352,0,0.0,0,0,"@@ -255,20 +255,6 @@ void apply_speeds(void) {"
gitanim_history,ead31f13/ad_layer_pace.c,1,word_replace,1,1,41,50,0.667,0,0,"@@ -284,7 +270,7 @@ void process_awd(char *lines[], int start, int count, int same_line) {"
gitanim_history,ead31f13/ad_layer_pace.c,2,word_replace,1,1,44,53,0.667,0,0,"@@ -323,7 +309,7 @@ void process_awd(char *lines[], int start, int count, int same_line) {"
gitanim_history,ead31f13/ad_layer_pace.c,3,word_replace,1,1,48,57,0.667,0,0,"@@ -344,7 +330,7 @@ void process_awd(char *lines[], int start, int count, int same_line) {"
gitanim_history,ead31f13/ad_layer_pace.c,4,word_replace,1,1,42,51,0.667,0,0,"@@ -432,7 +418,7 @@ int main(int argc, char **argv) {"
gitanim_history,ead31f13/ad_layer_pace.c,5,word_replace,1,1,52,61,0.667,0,0,"@@ -474,7 +460,7 @@ int main(int argc, char **argv) {"
gitanim_history,ead31f13/ad_layer_pace.c,6,word_replace,1,1,56,65,0.667,0,0,"@@ -503,7 +489,7 @@ int main(int argc, char **argv) {"
gitanim_history,ead31f13/ad_layer_pace.c,7,word_replace,1,1,56,65,0.667,0,0,"@@ -551,7 +537,7 @@ int main(int argc, char **argv) {"
gitanim_history,ead31f13/ad_layer_pace.c,8,word_replace,1,1,56,65,0.667,0,0,"@@ -591,7 +577,7 @@ int main(int argc, char **argv) {"
gitanim_history,ead31f13/ad_layer_pace.c,9,word_replace,1,1,56,65,0.667,0,0,"@@ -628,7 +614,7 @@ int main(int argc, char **argv) {"
gitanim_history,ead31f13/ad_layer_pace.c,10,word_replace,1,1,56,65,0.667,0,0,"@@ -664,7 +650,7 @@ int main(int argc, char **argv) {"
gitanim_history,ead31f13/ad_layer_pace.c,11,word_replace,1,1,56,65,0.667,0,0,"@@ -695,7 +681,7 @@ int main(int argc, char **argv) {"
gitanim_history,ead31f13/ad_layer_pace.c,12,word_replace,1,1,55,64,0.667,0,0,"@@ -736,7 +722,7 @@ int main(int argc, char **argv) {"
gitanim_history,ead31f13/ad_layer_pace.c,13,word_replace,1,1,57,66,0.667,0,0,"@@ -755,7 +741,7 @@ int main(int argc, char **argv) {"
gitanim_history,fef08a66/ad_layer_common.h,0,block_replace,20,12,1031,589,0.286,0,0,"@@ -1,28 +1,20 @@"
gitanim_history,fef08a66/ad_layer_common.h,1,line_delete,1,0,21,0,0.0,0,0,"@@ -32,7 +24,6 @@"
gitanim_history,fef08a66/ad_layer_common.h,2,block_move,64,1,2385,74,0.016,0,0,"@@ -58,71 +49,8 @@ typedef struct {"
gitanim_history,fef08a66/ad_layer_common.h,3,block_delete,2,0,141,0,0.0,0,0,"@@ -142,8 +70,6 @@ static const char *ad_layer_char_repr(int code) {"
gitanim_history,fef08a66/ad_layer_common.h,4,block_move,95,22,3956,1085,0.241,0,0,"@@ -161,128 +87,55 @@ static int ad_layer_parse_op(const char *line, Op *op) {"
gitanim_history,fef08a66/ad_layer_common.h,5,block_move,37,20,1589,1310,0.108,0,0,"@@ -292,47 +145,30 @@ __attribute__((unused)) static int ad_layer_run_layer(int argc, char **argv,"
gitanim_history,fef08a66/ad_layer_common.h,6,block_move,37,1,1712,34,0.0,0,0,"@@ -350,43 +186,7 @@ __attribute__((unused)) static int ad_layer_run_layer(int argc, char **argv,"
gitanim_history,fef08a66/ad_layer_common.h,7,block_move,51,4,2458,224,0.175,0,0,"@@ -397,65 +197,18 @@ __attribute__((unused)) static int ad_layer_run_layer(int argc, char **argv,"
gitanim_history,fef08a66/ad_layer_common.h,8,block_move,27,4,1148,109,0.1,0,0,"@@ -463,37 +216,14 @@ __attribute__((unused)) static int ad_layer_run_layer(int argc, char **argv,"
gitanim_history,fef08a66/ad_layer_indent_last.c,0,block_replace,78,68,5831,2976,0.386,0,0,"@@ -1,88 +1,78 @@"
gitanim_history,fef08a66/ad_layer_line_delete_in_place.c,0,block_replace,88,51,4784,2116,0.492,0,0,"@@ -1,97 +1,60 @@"
gitanim_history,fef08a66/ad_layer_overwrite.c,0,block_replace,40,65,4814,2403,0.321,0,0,"@@ -1,47 +1,72 @@"
gitanim_history,fef08a66/ad_layer_reorder.c,0,block_replace,126,76,8000,3501,0.284,0,0,"@@ -1,135 +1,85 @@"
gitanim_history,2fd6bed3/MANPAGE_OVERVIEW.md,0,block_replace,2,10,242,1011,0.356,0,0,"@@ -1,14 +1,22 @@"
gitanim_history,2fd6bed3/MANPAGE_OVERVIEW.md,1,line_insert,0,1,0,93,0.0,0,0,"@@ -16,6 +24,7 @@ The `man/` directory contains 16 manpages for the `ad` toolkit. Install with `ma"
gitanim_history,2fd6bed3/MANPAGE_OVERVIEW.md,2,block_replace,13,9,651,432,0.148,0,0,"@@ -75,19 +84,15 @@ The `man/` directory contains 16 manpages for the `ad` toolkit. Install with `ma"
gitanim_history,78e882f0/ad.c,0,line_delete,1,0,47,0,0.0,0,0,"@@ -1,4 +1,3 @@"
gitanim_history,78e882f0/ad.c,1,block_insert,0,2,0,67,0.0,0,0,"@@ -21,6 +20,8 @@"
gitanim_history,78e882f0/ad.c,2,word_replace,1,1,25,30,0.667,0,0,"@@ -643,7 +644,7 @@ int main(int argc, char **argv) {"
gitanim_history,78e882f0/ad_vim.pl,0,block_replace,2,2,69,172,0.312,0,0,"@@ -360,8 +360,8 @@ apply_speed();"
gitanim_history,78e882f0/ad_vim.pl,1,block_replace,4,15,218,661,0.355,0,0,"@@ -1056,10 +1056,21 @@ VIMEOF"
gitanim_history,78e882f0/l2r_tool.c,0,line_insert,0,1,0,34,0.0,0,0,"@@ -1,3 +1,4 @@"
gitanim_history,78e882f0/plugin-layers.md,0,block_move,203,140,11312,8043,0.448,0,0,"@@ -1,283 +1,220 @@"
gitanim_history,78e882f0/plugin-layers.md,1,block_move,19,5,939,658,0.595,0,0,"@@ -286,22 +223,8 @@ will show up in the test results."
gitanim_history,78e882f0/ad_layer_highlight.c,0,line_expand,1,2,24,63,0.333,0,0,"@@ -43,8 +43,9 @@"
gitanim_history,78e882f0/ad_layer_pace.c,0,line_expand,1,2,24,63,0.333,0,0,"@@ -37,8 +37,9 @@"
gitanim_history,78e882f0/ad_debug.sh,0,line_expand,1,2,48,82,0.6,0,0,"@@ -116,7 +116,8 @@ cat -n ""$NEW"""
gitanim_history,78e882f0/ad_package.sh,0,block_modify,11,9,660,532,0.588,0,0,"@@ -1,23 +1,21 @@"
gitanim_history,78e882f0/ad_package.sh,1,block_modify,5,5,202,192,0.714,0,0,"@@ -25,13 +23,13 @@ OPTIONS"
gitanim_history,78e882f0/ad_package.sh,2,block_replace,14,9,444,155,0.289,0,0,"@@ -46,27 +44,22 @@ if [[ ""${1:-}"" == ""-h"" || ""${1:-}"" == ""--help"" ]]; then"
gitanim_history,2d5bf649/LAYER_ANALYSIS_AND_DOC_REVIEW.md,0,block_insert,0,385,0,15800,0.0,0,0,"@@ -0,0 +1,385 @@"
gitanim_history,08f3cb7b/MANPAGE_OVERVIEW.md,0,block_insert,0,130,0,5598,0.0,0,0,"@@ -0,0 +1,130 @@"
gitanim_history,08f3cb7b/P3_ISSUES.md,0,block_insert,0,88,0,3681,0.0,0,0,"@@ -0,0 +1,88 @@"
gitanim_history,08f3cb7b/PERL_LAUNCHER_EXPLANATION.md,0,block_insert,0,50,0,2460,0.0,0,0,"@@ -0,0 +1,50 @@"
gitanim_history,2766acf9/ad.c,0,block_replace,4,15,204,407,0.196,0,0,"@@ -26,13 +26,24 @@"
gitanim_history,2766acf9/ad.c,1,line_insert,0,1,0,83,0.0,0,0,"@@ -52,6 +63,7 @@ static int show_progress = 0;"
gitanim_history,2766acf9/ad.c,2,word_replace,1,1,60,135,0.333,0,0,"@@ -196,7 +208,7 @@ static void ensure_line_modified(int needed) {"
gitanim_history,2766acf9/ad.c,3,word_replace,1,1,39,122,0.308,0,0,"@@ -419,7 +431,7 @@ void insert_char(int code) {"
gitanim_history,2766acf9/ad.c,4,word_replace,1,1,27,46,0.75,0,0,"@@ -445,7 +457,7 @@ void batch_insert(int *codes, int count) {"
gitanim_history,2766acf9/ad.c,5,word_replace,1,1,57,35,0.5,0,0,"@@ -527,7 +539,7 @@ void render(void) {"
gitanim_history,2766acf9/ad.c,6,line_insert,0,1,0,27,0.0,0,0,"@@ -583,6 +595,7 @@ void sleep_ms(int ms) {"
gitanim_history,2766acf9/ad.c,7,block_modify,8,6,396,329,0.528,0,0,"@@ -646,14 +659,12 @@ int main(int argc, char **argv) {"
gitanim_history,2766acf9/ad.pl,0,block_delete,18,0,421,0,0.0,0,0,"@@ -179,24 +179,6 @@ sub insert_char {"
gitanim_history,2766acf9/colorize.pl,0,block_delete,42,0,2029,0,0.0,0,0,"@@ -115,48 +115,6 @@ close $fh;"
gitanim_history,2766acf9/colorize.pl,1,block_replace,5,10,263,533,0.482,0,0,"@@ -292,11 +250,16 @@ call writefile(out_lines, g:colorize_output, 'b')"
gitanim_history,2766acf9/colorize.pl,2,block_replace,3,17,153,594,0.372,0,0,"@@ -317,9 +280,23 @@ sub colorize_with_pygmentize {"
gitanim_history,2766acf9/compute.cpp,0,block_delete,21,0,561,0,0.0,0,0,"@@ -508,27 +508,6 @@ vector<CharOp> semantic_cleanup(vector<CharOp> ops) {"
gitanim_history,2766acf9/compute.cpp,1,line_replace,1,1,47,0,0.0,0,0,"@@ -688,7 +667,7 @@ int main(int argc, char** argv) {"
gitanim_history,2766acf9/compute.cpp,2,block_delete,2,0,140,0,0.0,0,0,"@@ -717,8 +696,6 @@ int main(int argc, char** argv) {"
gitanim_history,2766acf9/compute.cpp,3,block_delete,4,0,199,0,0.0,0,0,"@@ -743,10 +720,6 @@ int main(int argc, char** argv) {"
gitanim_history,2766acf9/compute.cpp,4,block_delete,3,0,110,0,0.0,0,0,"@@ -867,9 +840,6 @@ int main(int argc, char** argv) {"
gitanim_history,2766acf9/compute.cpp,5,word_replace,1,1,67,37,0.75,0,0,"@@ -886,7 +856,7 @@ int main(int argc, char** argv) {"
gitanim_history,2766acf9/compute.pl,0,block_replace,4,11,226,403,0.265,0,0,"@@ -38,18 +38,25 @@ use DiffVim::Parser::Perl qw(parse_diff);"
gitanim_history,2766acf9/compute.pl,1,word_replace,1,1,91,74,0.636,0,0,"@@ -57,7 +64,7 @@ for (my $i = 0; $i < @ARGV; $i++) {"
gitanim_history,2766acf9/compute.pl,2,block_replace,2,3,52,116,0.333,0,0,"@@ -67,8 +74,9 @@ my $t_start = Time::HiRes::time() if eval { require Time::HiRes; };"
gitanim_history,2766acf9/compute.pl,3,block_replace,9,4,268,195,0.306,0,0,"@@ -89,17 +97,12 @@ sub char_repr {"
gitanim_history,2766acf9/ad_layer_common.h,0,word_replace,1,1,72,147,0.385,0,0,"@@ -441,7 +441,7 @@ __attribute__((unused)) static int ad_layer_run_layer(int argc, char **argv,"
gitanim_history,2766acf9/ad_layer_common.h,1,word_replace,1,1,68,143,0.385,0,0,"@@ -454,7 +454,7 @@ __attribute__((unused)) static int ad_layer_run_layer(int argc, char **argv,"
gitanim_history,2766acf9/ad_layer_highlight.c,0,word_replace,1,1,56,140,0.385,0,0,"@@ -67,7 +67,7 @@ void ensure_capacity(int needed) {"
gitanim_history,2766acf9/ad_layer_highlight.c,1,line_insert,0,1,0,98,0.0,0,0,"@@ -333,6 +333,7 @@ int main(int argc, char **argv) {"
gitanim_history,2766acf9/ad_layer_pace.c,0,word_replace,1,1,80,155,0.385,0,0,"@@ -410,7 +410,7 @@ int main(int argc, char **argv) {"
gitanim_history,2766acf9/ad_layer_pace.c,1,block_insert,0,9,0,464,0.0,0,0,"@@ -718,6 +718,15 @@ int main(int argc, char **argv) {"
gitanim_history,2766acf9/ad_layer_reorder.c,0,line_insert,0,1,0,62,0.0,0,0,"@@ -10,6 +10,7 @@ int main(void) {"
gitanim_history,2766acf9/ad_debug.sh,0,word_replace,1,1,58,88,0.667,0,0,"@@ -127,7 +127,7 @@ head -30 ""$RAW"" | cat -n"
gitanim_history,2766acf9/ad_debug.sh,1,word_replace,1,1,59,82,0.667,0,0,"@@ -137,7 +137,7 @@ head -30 ""$POST"" | cat -n"
gitanim_history,2766acf9/ad_debug.sh,2,word_replace,1,1,90,117,0.786,0,0,"@@ -147,7 +147,7 @@ head -30 ""$TIMED"" | cat -n"
gitanim_history,2766acf9/ad_record.sh,0,block_modify,2,2,102,108,0.733,0,0,"@@ -18,8 +18,8 @@ DESCRIPTION"
gitanim_history,2766acf9/ad_record.sh,1,block_modify,3,3,200,212,0.75,0,0,"@@ -50,8 +50,8 @@ fi"
gitanim_history,2766acf9/ad_replay.sh,0,typo_fix,1,1,60,59,0.8,0,0,"@@ -15,7 +15,7 @@ DESCRIPTION"
gitanim_history,2766acf9/ad_replay.sh,1,word_replace,1,1,31,30,0.5,0,0,"@@ -29,7 +29,7 @@ OPTIONS"
gitanim_history,2766acf9/ad_replay.sh,2,block_modify,2,2,151,149,0.882,0,0,"@@ -46,5 +46,5 @@ if [[ ""${1:-}"" == ""-h"" || ""${1:-}"" == ""--help"" ]]; then"
gitanim_history,2766acf9/fix_c_memory.py,0,block_insert,0,96,0,3178,0.0,0,0,"@@ -0,0 +1,96 @@"
gitanim_history,f11d7755/CODE_ANALYSIS.md,0,block_insert,0,383,0,14531,0.0,0,0,"@@ -0,0 +1,383 @@"
gitanim_history,f11d7755/ad_debug_bundle.sh,0,line_delete,1,0,22,0,0.0,0,0,"@@ -134,7 +134,6 @@ cp ""$OLD"" ""$BUNDLE_DIR/old.txt"""
gitanim_history,f11d7755/ad_demo.sh,0,block_modify,3,3,435,435,0.833,0,0,"@@ -45,15 +45,15 @@ if [[ ""${1:-}"" == ""-h"" || ""${1:-}"" == ""--help"" ]]; then"
gitanim_history,f11d7755/ad_package.sh,0,word_replace,1,1,33,37,0.714,0,0,"@@ -49,7 +49,7 @@ VERSION=""${1:-2.0}"""
gitanim_history,f11d7755/ad_tune.sh,0,word_replace,1,1,74,75,0.714,0,0,"@@ -201,7 +201,7 @@ generate_debug_bundle() {"
gitanim_history,f11d7755/ad_tune.sh,1,literal_replace,1,1,77,73,0.8,0,0,"@@ -252,7 +252,7 @@ while true; do"
gitanim_history,f11d7755/ad_tune.sh,2,block_replace,4,2,117,57,0.444,0,0,"@@ -267,16 +267,14 @@ while true; do"
gitanim_history,3c357192/ad_vim.pl,0,word_replace,1,1,26,42,0.75,0,0,"@@ -55,7 +55,7 @@ use Fcntl qw(:flock O_RDWR O_NONBLOCK);"
gitanim_history,3c357192/ad_vim.pl,1,block_replace,11,53,515,2065,0.184,0,0,"@@ -64,22 +64,64 @@ binmode(STDERR, ':utf8');"
gitanim_history,3c357192/ad_vim.pl,2,block_modify,2,2,95,95,1.0,0,0,"@@ -87,12 +129,12 @@ my %config = ("
gitanim_history,3c357192/ad_vim.pl,3,block_replace,4,33,259,1258,0.204,0,0,"@@ -103,20 +145,49 @@ my $sign_column    = 0;"
gitanim_history,3c357192/ad_vim.pl,4,block_replace,25,117,1841,6269,0.193,0,0,"@@ -149,35 +220,127 @@ GetOptions("
gitanim_history,3c357192/engine.vim,0,block_replace,88,231,7994,9578,0.355,0,0,"@@ -26,96 +26,239 @@ if !&modifiable"
gitanim_history,3c357192/compute.cpp,0,block_replace,10,6,549,224,0.25,0,0,"@@ -684,16 +684,12 @@ string normalize_indent(const string& line) {"
gitanim_history,3c357192/compute.cpp,1,block_replace,6,3,312,165,0.051,0,0,"@@ -725,12 +721,9 @@ int main(int argc, char** argv) {"
gitanim_history,3c357192/compute.pl,0,block_replace,3,4,182,150,0.37,0,0,"@@ -94,10 +94,11 @@ print $out ""# word_diff 0\n"";"
gitanim_history,3c357192/configuration.md,0,line_replace,1,1,166,158,0.231,0,0,"@@ -1,6 +1,6 @@"
gitanim_history,3c357192/configuration.md,1,block_replace,76,94,3526,4887,0.279,0,0,"@@ -16,117 +16,135 @@ If `XDG_CONFIG_HOME` is unset, it defaults to `~/.config/`. So the default confi"
gitanim_history,3c357192/configuration.md,2,block_insert,0,2,0,58,0.0,0,0,"@@ -164,3 +182,5 @@ Or source it from their personal config:"
gitanim_history,3c357192/ad_layer_common.h,0,word_replace,1,1,67,64,0.444,0,0,"@@ -5,7 +5,7 @@"
gitanim_history,3c357192/ad_layer_common.h,1,block_replace,16,8,643,505,0.38,0,0,"@@ -59,26 +59,18 @@ typedef struct {"
gitanim_history,3c357192/ad_layer_common.h,2,line_expand,1,2,93,158,0.727,0,0,"@@ -287,7 +279,8 @@ __attribute__((unused)) static void ad_layer_dump_changes_to_file(FILE *f,"
gitanim_history,3c357192/ad_layer_common.h,3,block_replace,5,12,284,702,0.222,0,0,"@@ -299,13 +292,20 @@ __attribute__((unused)) static int ad_layer_run_layer(int (*layer_func)(Op *in,"
gitanim_history,3c357192/ad_layer_common.h,4,block_replace,3,8,141,277,0.233,0,0,"@@ -319,9 +319,14 @@ __attribute__((unused)) static int ad_layer_run_layer(int (*layer_func)(Op *in,"
gitanim_history,3c357192/ad_layer_indent_last.pl,0,literal_replace,1,1,76,66,0.875,0,0,"@@ -18,7 +18,7 @@"
gitanim_history,3c357192/ad_layer_indent_last.pl,1,line_expand,1,2,50,71,0.3,0,0,"@@ -31,7 +31,8 @@ binmode(STDERR, ':utf8');"
gitanim_history,3c357192/ad_layer_line_delete_in_place.pl,0,line_expand,1,2,50,71,0.3,0,0,"@@ -30,7 +30,8 @@ binmode(STDOUT, ':utf8');"
gitanim_history,3c357192/ad_layer_noop.pl,0,block_modify,2,2,112,101,0.733,0,0,"@@ -12,10 +12,10 @@"
gitanim_history,3c357192/ad_layer_noop.pl,1,line_expand,1,2,50,71,0.3,0,0,"@@ -30,7 +30,8 @@ binmode(STDERR, ':utf8');"
gitanim_history,3c357192/ad_layer_overwrite.pl,0,line_expand,1,2,50,71,0.3,0,0,"@@ -27,7 +27,8 @@ binmode(STDOUT, ':utf8');"
gitanim_history,3c357192/ad_layer_reorder.pl,0,line_expand,1,2,50,71,0.3,0,0,"@@ -39,7 +39,8 @@ binmode(STDOUT, ':utf8');"
gitanim_history,3c357192/test_indent_last.pl,0,literal_replace,1,1,93,74,0.909,0,0,"@@ -23,7 +23,7 @@ open(my $fh, '>', $old) or die; print $fh ""def foo():\n    print(\""hello\"")\n"
gitanim_history,3c357192/test_line_delete_in_place.pl,0,literal_replace,1,1,107,88,0.909,0,0,"@@ -101,7 +101,7 @@ for my $old_path (@examples) {"
gitanim_history,3c357192/test_overwrite.pl,0,literal_replace,1,1,105,86,0.909,0,0,"@@ -89,7 +89,7 @@ for my $old_path (@examples) {"
gitanim_history,3c357192/test_reorder.pl,0,literal_replace,1,1,108,89,0.909,0,0,"@@ -119,7 +119,7 @@ for my $old_path (@examples) {"
gitanim_history,3c357192/ad_write_vimconfig.sh,0,block_insert,0,138,0,6709,0.0,0,0,"@@ -0,0 +1,138 @@"
gitanim_history,3c357192/ad_debug_bundle.sh,0,line_replace,1,1,25,22,0.2,0,0,"@@ -134,7 +134,7 @@ cp ""$OLD"" ""$BUNDLE_DIR/old.txt"""
gitanim_history,3c357192/ad_snapshot.sh,0,line_replace,1,1,48,0,0.0,0,0,"@@ -87,7 +87,7 @@ OUTPUT"
gitanim_history,3c357192/ad_snapshot.sh,1,block_modify,2,2,153,172,0.625,0,0,"@@ -138,8 +138,8 @@ while [[ $# -gt 0 ]]; do"
gitanim_history,3c357192/ad_tune.sh,0,line_expand,1,3,59,181,0.571,0,0,"@@ -138,7 +138,9 @@ run_pipeline() {"
gitanim_history,3c357192/ad_tune.sh,1,word_replace,1,1,117,71,0.615,0,0,"@@ -152,7 +154,7 @@ run_pipeline() {"
gitanim_history,3c357192/test_layers_discovery.pl,0,literal_replace,1,1,88,69,0.909,0,0,"@@ -34,7 +34,7 @@ my $old = ""/tmp/ld_old.txt"";"
gitanim_history,3c357192/test_new_features.sh,0,block_modify,2,2,203,165,0.929,0,0,"@@ -25,10 +25,10 @@ printf 'X\nb\nc\nd\ne\nf\ng\nh\ni\nY\n' > /tmp/mh_new.txt"
gitanim_history,3c357192/test_no_backward_ops.pl,0,literal_replace,1,1,83,64,0.889,0,0,"@@ -47,7 +47,7 @@ for my $ex (@examples) {"
gitanim_history,3c357192/test_overwrite_layer.sh,0,literal_replace,1,1,101,82,0.909,0,0,"@@ -25,7 +25,7 @@ echo """""
gitanim_history,3c357192/test_overwrite_layer.sh,1,literal_replace,1,1,89,79,0.8,0,0,"@@ -72,7 +72,7 @@ fi"
gitanim_history,3c357192/test_overwrite_layer.sh,2,literal_replace,1,1,104,85,0.909,0,0,"@@ -91,7 +91,7 @@ echo ""Test 8: Non-adjacent delete+insert NOT merged"""
gitanim_history,3c357192/test_overwrite_layer.sh,3,literal_replace,1,1,104,85,0.909,0,0,"@@ -104,7 +104,7 @@ echo ""Test 9: Multiple adjacent pairs merged"""
gitanim_history,3c357192/test_postprocess_layers.sh,0,literal_replace,1,1,101,82,0.909,0,0,"@@ -31,7 +31,7 @@ echo """""
gitanim_history,3c357192/test_postprocess_layers.sh,1,literal_replace,1,1,84,74,0.8,0,0,"@@ -73,7 +73,7 @@ cmp4 /tmp/pl_piped.txt /tmp/pl_perl.txt >/dev/null 2>&1 && ok ""C and Perl pipeli"
gitanim_history,3c357192/test_postprocess_layers.sh,2,word_replace,1,1,43,24,0.75,0,0,"@@ -97,7 +97,7 @@ diff /tmp/pl_new.txt /tmp/pl_out.txt >/dev/null 2>&1 && ok ""Animation output mat"
gitanim_history,3c357192/test_vimscript_animator.sh,0,block_replace,3,8,73,280,0.034,0,0,"@@ -158,13 +158,18 @@ for d in ""${examples[@]}""; do"
gitanim_history,87281696/ENV_VAR_ANALYSIS.md,0,block_replace,10,33,632,1927,0.207,0,0,"@@ -2,28 +2,51 @@"
gitanim_history,87281696/ENV_VAR_ANALYSIS.md,1,block_replace,36,49,1832,2860,0.452,0,0,"@@ -176,74 +199,87 @@ AD_TICK_MS                       ← test variant"
gitanim_history,87281696/ENV_VAR_ANALYSIS.md,2,block_replace,6,8,471,834,0.48,0,0,"@@ -251,22 +287,24 @@ AD_LOG_FILE             ← file path"
gitanim_history,4a013a68/README.md,0,block_move,15,0,643,0,0.0,0,0,"@@ -4,21 +4,6 @@"
gitanim_history,4a013a68/README.md,1,block_modify,2,2,60,75,0.818,0,0,"@@ -31,14 +16,14 @@ make"
gitanim_history,4a013a68/README.md,2,block_replace,16,155,886,7156,0.164,0,0,"@@ -46,22 +31,161 @@ make test"
gitanim_history,4a013a68/README.md,3,line_insert,0,1,0,98,0.0,0,0,"@@ -72,6 +196,7 @@ make test"
gitanim_history,4a013a68/README.md,4,block_insert,0,8,0,243,0.0,0,0,"@@ -89,6 +214,14 @@ Binaries are gitignored. After `git pull`:"
gitanim_history,872057fb/ENV_VAR_ANALYSIS.md,0,block_insert,0,410,0,13582,0.0,0,0,"@@ -0,0 +1,410 @@"
gitanim_history,7b9e449f/README.md,0,literal_replace,1,1,108,104,0.917,0,0,"@@ -13,7 +13,7 @@"
gitanim_history,7b9e449f/README.md,1,block_modify,4,4,190,176,0.812,0,0,"@@ -29,16 +29,16 @@ make"
gitanim_history,7b9e449f/README.md,2,block_modify,2,2,168,162,0.846,0,0,"@@ -52,9 +52,9 @@ make test"
gitanim_history,7b9e449f/README.md,0,block_replace,84,16,3250,796,0.193,0,0,"@@ -1,94 +1,26 @@"
gitanim_history,7b9e449f/README.md,0,block_insert,0,22,0,760,0.0,0,0,"@@ -0,0 +1,22 @@"
gitanim_history,7b9e449f/README.md,0,block_replace,22,11,867,434,0.094,0,0,"@@ -1,30 +1,19 @@"
gitanim_history,7b9e449f/README.md,0,block_replace,51,14,1521,686,0.263,0,0,"@@ -1,61 +1,24 @@"
gitanim_history,7b9e449f/test_l2r.sh,0,block_modify,2,2,249,241,0.933,0,0,"@@ -62,13 +62,13 @@ _run_pipeline() {"
gitanim_history,7b9e449f/README.md,0,block_replace,60,19,2255,899,0.077,0,0,"@@ -1,70 +1,29 @@"
gitanim_history,7b9e449f/contributing.md,0,block_modify,2,2,135,129,0.818,0,0,"@@ -22,9 +22,9 @@ ad/"
gitanim_history,7b9e449f/README.md,0,block_insert,0,32,0,1205,0.0,0,0,"@@ -0,0 +1,32 @@"
gitanim_history,7b9e449f/ad_layer_common.h,0,block_modify,4,4,153,187,0.579,0,0,"@@ -17,16 +17,16 @@"
gitanim_history,7b9e449f/ad_layer_common.h,1,block_modify,3,3,196,214,0.765,0,0,"@@ -36,13 +36,13 @@"
gitanim_history,7b9e449f/ad_layer_common.h,2,block_modify,22,22,984,1116,0.733,0,0,"@@ -66,56 +66,56 @@ typedef struct {"
gitanim_history,7b9e449f/ad_layer_common.h,3,word_replace,1,1,43,49,0.714,0,0,"@@ -131,7 +131,7 @@ static void pp_dump_ops(const char *layer_id, const char *suffix,"
gitanim_history,7b9e449f/ad_layer_common.h,4,block_modify,3,3,135,159,0.714,0,0,"@@ -152,13 +152,13 @@ static const char *pp_char_repr(int code) {"
gitanim_history,7b9e449f/ad_layer_common.h,5,block_replace,4,4,154,178,0.467,0,0,"@@ -172,19 +172,19 @@ static int pp_parse_op(const char *line, Op *op) {"
gitanim_history,7b9e449f/ad_layer_common.h,6,block_modify,5,5,386,416,0.688,0,0,"@@ -199,23 +199,23 @@ static void pp_write_hunk_end(void) {"
gitanim_history,7b9e449f/ad_layer_common.h,7,word_replace,1,1,68,74,0.714,0,0,"@@ -223,7 +223,7 @@ __attribute__((unused)) static void pp_dump_ops_to_file(FILE *f, Op *ops, int co"
gitanim_history,7b9e449f/ad_layer_common.h,8,block_modify,5,5,222,252,0.636,0,0,"@@ -279,18 +279,18 @@ __attribute__((unused)) static void pp_dump_changes_to_file(FILE *f,"
gitanim_history,7b9e449f/ad_layer_common.h,9,block_modify,9,9,620,674,0.562,0,0,"@@ -354,20 +354,20 @@ __attribute__((unused)) static int pp_run_layer(int (*layer_func)(Op *in, int in"
gitanim_history,7b9e449f/ad_layer_common.h,10,block_modify,9,9,620,674,0.562,0,0,"@@ -400,20 +400,20 @@ __attribute__((unused)) static int pp_run_layer(int (*layer_func)(Op *in, int in"
gitanim_history,7b9e449f/ad_layer_common.h,11,word_replace,1,1,53,59,0.6,0,0,"@@ -439,7 +439,7 @@ __attribute__((unused)) static int pp_run_layer(int (*layer_func)(Op *in, int in"
gitanim_history,7b9e449f/ad_layer_common.h,12,word_replace,1,1,55,61,0.667,0,0,"@@ -452,7 +452,7 @@ __attribute__((unused)) static int pp_run_layer(int (*layer_func)(Op *in, int in"
gitanim_history,7b9e449f/ad_layer_common.h,13,block_modify,11,11,607,673,0.579,0,0,"@@ -467,28 +467,28 @@ __attribute__((unused)) static int pp_run_layer(int (*layer_func)(Op *in, int in"
gitanim_history,7b9e449f/ad_layer_indent_last.c,0,word_replace,1,1,27,33,0.5,0,0,"@@ -8,7 +8,7 @@"
gitanim_history,7b9e449f/ad_layer_indent_last.c,1,block_modify,3,3,493,523,0.905,0,0,"@@ -19,18 +19,18 @@ int main(void) {"
gitanim_history,7b9e449f/ad_layer_indent_last.c,2,block_modify,3,3,136,154,0.5,0,0,"@@ -51,9 +51,9 @@ int main(void) {"
gitanim_history,7b9e449f/ad_layer_indent_last.c,3,block_modify,10,10,2034,2136,0.756,0,0,"@@ -64,24 +64,24 @@ int main(void) {"
gitanim_history,7b9e449f/ad_layer_line_delete_in_place.c,0,word_replace,1,1,27,33,0.5,0,0,"@@ -10,7 +10,7 @@"
gitanim_history,7b9e449f/ad_layer_line_delete_in_place.c,1,block_modify,3,3,146,164,0.538,0,0,"@@ -39,9 +39,9 @@ int main(void) {"
gitanim_history,7b9e449f/ad_layer_line_delete_in_place.c,2,block_modify,4,4,279,303,0.667,0,0,"@@ -64,13 +64,13 @@ int main(void) {"
gitanim_history,7b9e449f/ad_layer_line_delete_in_place.c,3,block_modify,3,3,122,140,0.538,0,0,"@@ -89,9 +89,9 @@ int main(void) {"
gitanim_history,7b9e449f/ad_layer_overwrite.c,0,word_replace,1,1,27,33,0.5,0,0,"@@ -1,7 +1,7 @@"
gitanim_history,7b9e449f/ad_layer_overwrite.c,1,block_modify,2,2,458,482,0.714,0,0,"@@ -20,9 +20,9 @@ int main(void) {"
gitanim_history,7b9e449f/ad_layer_overwrite.c,2,block_modify,5,5,1034,1088,0.73,0,0,"@@ -30,18 +30,18 @@ int main(void) {"
gitanim_history,7b9e449f/ad_layer_reorder.c,0,word_replace,1,1,27,33,0.5,0,0,"@@ -2,7 +2,7 @@"
gitanim_history,7b9e449f/ad_layer_reorder.c,1,block_modify,2,2,181,193,0.833,0,0,"@@ -28,14 +28,14 @@ int main(void) {"
gitanim_history,7b9e449f/ad_layer_reorder.c,2,word_replace,1,1,60,66,0.667,0,0,"@@ -43,7 +43,7 @@ int main(void) {"
gitanim_history,7b9e449f/ad_layer_reorder.c,3,block_modify,3,3,138,156,0.5,0,0,"@@ -51,9 +51,9 @@ int main(void) {"
gitanim_history,7b9e449f/ad_layer_reorder.c,4,block_modify,7,7,434,476,0.565,0,0,"@@ -66,37 +66,37 @@ int main(void) {"
gitanim_history,7b9e449f/ad_layer_reorder.c,5,block_modify,6,6,333,369,0.6,0,0,"@@ -105,29 +105,29 @@ int main(void) {"
gitanim_history,7b9e449f/postprocess.pl,0,block_delete,551,0,18909,0,0.0,0,0,"@@ -1,551 +0,0 @@"
gitanim_history,7b9e449f/test_indent_last.pl,0,block_modify,2,2,293,285,0.933,0,0,"@@ -26,10 +26,10 @@ open($fh, '>', $new) or die; print $fh ""def foo():\n\ndef bar():\n    pass\n""; c"
gitanim_history,7b9e449f/test_indent_last.pl,1,literal_replace,1,1,168,164,0.929,0,0,"@@ -126,7 +126,7 @@ if (system(""diff -q /tmp/il_test_c.txt /tmp/il_test_perl.txt >/dev/null 2>&1"") ="
gitanim_history,7b9e449f/README.md,0,block_replace,23,10,569,547,0.128,0,0,"@@ -1,30 +1,17 @@"
gitanim_history,7b9e449f/README.md,0,block_replace,9,6,233,201,0.243,0,0,"@@ -1,15 +1,12 @@"
gitanim_history,7b9e449f/README.md,0,block_insert,0,7,0,310,0.0,0,0,"@@ -0,0 +1,7 @@"
gitanim_history,7b9e449f/README.md,0,block_insert,0,18,0,726,0.0,0,0,"@@ -0,0 +1,18 @@"
gitanim_history,7b9e449f/README.md,0,block_insert,0,24,0,882,0.0,0,0,"@@ -0,0 +1,24 @@"
gitanim_history,7b9e449f/ad_debug.sh,0,block_insert,0,176,0,5931,0.0,0,0,"@@ -0,0 +1,176 @@"
gitanim_history,7b9e449f/ad_debug_bundle.sh,0,block_insert,0,227,0,8850,0.0,0,0,"@@ -0,0 +1,227 @@"
gitanim_history,7b9e449f/ad_demo.sh,0,block_insert,0,59,0,1840,0.0,0,0,"@@ -0,0 +1,59 @@"
gitanim_history,7b9e449f/ad_package.sh,0,block_insert,0,74,0,2025,0.0,0,0,"@@ -0,0 +1,74 @@"
gitanim_history,7b9e449f/ad_record.sh,0,block_insert,0,57,0,2054,0.0,0,0,"@@ -0,0 +1,57 @@"
gitanim_history,7b9e449f/ad_replay.sh,0,block_insert,0,50,0,1628,0.0,0,0,"@@ -0,0 +1,50 @@"
gitanim_history,7b9e449f/ad_snapshot.sh,0,block_insert,0,610,0,31366,0.0,0,0,"@@ -0,0 +1,610 @@"
gitanim_history,7b9e449f/ad_suggest.sh,0,block_insert,0,62,0,2439,0.0,0,0,"@@ -0,0 +1,62 @@"
gitanim_history,7b9e449f/ad_tune.sh,0,block_insert,0,366,0,11979,0.0,0,0,"@@ -0,0 +1,366 @@"
gitanim_history,7b9e449f/README.md,0,block_replace,60,29,2103,1227,0.213,0,0,"@@ -1,62 +1,31 @@"
gitanim_history,7b9e449f/README.md,0,block_replace,50,13,1613,695,0.211,0,0,"@@ -1,59 +1,22 @@"
gitanim_history,7b9e449f/README.md,0,block_replace,69,9,2855,503,0.199,0,0,"@@ -1,74 +1,14 @@"
gitanim_history,7b9e449f/run_all_examples.sh,0,literal_replace,1,1,98,94,0.909,0,0,"@@ -34,7 +34,7 @@ for d in ""$ROOT""/tests/examples/*/; do"
gitanim_history,7b9e449f/run_minimal_tests.sh,0,literal_replace,1,1,98,94,0.909,0,0,"@@ -31,7 +31,7 @@ for d in ""${cases[@]}""; do"
gitanim_history,7b9e449f/test_all_animators.pl,0,line_replace,1,1,63,83,0.25,0,0,"@@ -9,7 +9,7 @@ use File::Temp qw(tempdir);"
gitanim_history,7b9e449f/test_cross_language.pl,0,line_replace,1,1,52,72,0.2,0,0,"@@ -13,7 +13,7 @@ my $compute = ""$root/bin/ad_compute"";"
gitanim_history,7b9e449f/test_layers_discovery.pl,0,literal_replace,1,1,73,69,0.889,0,0,"@@ -38,7 +38,7 @@ system(""AD_LEFT_TO_RIGHT=1 ./bin/ad_compute '$old' '$new' /tmp/ld_raw.txt 2>/dev"
gitanim_history,7b9e449f/test_layers_discovery.pl,1,block_modify,2,2,233,225,0.933,0,0,"@@ -49,8 +49,8 @@ if ($list_out =~ /Layer search path:/ && $list_out =~ /bin/) {"
gitanim_history,7b9e449f/test_layers_discovery.pl,2,block_modify,2,2,247,239,0.929,0,0,"@@ -70,9 +70,9 @@ cat"
gitanim_history,7b9e449f/test_layers_discovery.pl,3,block_modify,2,2,209,201,0.933,0,0,"@@ -82,8 +82,8 @@ if ($once_count == 1 && $twice_count == 2) {"
gitanim_history,7b9e449f/test_layers_discovery.pl,4,literal_replace,1,1,132,128,0.933,0,0,"@@ -103,7 +103,7 @@ open($fh, '>', $custom_layer) or die;"
gitanim_history,7b9e449f/test_layers_discovery.pl,5,literal_replace,1,1,110,106,0.923,0,0,"@@ -113,7 +113,7 @@ unlink $custom_layer;"
gitanim_history,7b9e449f/test_layers_discovery.pl,6,block_modify,2,2,280,272,0.938,0,0,"@@ -122,8 +122,8 @@ if ($err_out =~ /not found/i && $err_out =~ /nonexistent_layer/) {"
gitanim_history,7b9e449f/test_layers_discovery.pl,7,literal_replace,1,1,98,94,0.923,0,0,"@@ -139,7 +139,7 @@ open($fh, '>', $abs_layer) or die;"
gitanim_history,7b9e449f/test_newline_fix.pl,0,word_replace,1,1,175,175,0.591,0,0,"@@ -45,7 +45,7 @@ my $tmpdir = tempdir(CLEANUP => 1);"
gitanim_history,7b9e449f/test_newline_fix.pl,1,word_replace,1,1,175,175,0.591,0,0,"@@ -66,7 +66,7 @@ my $tmpdir = tempdir(CLEANUP => 1);"
gitanim_history,7b9e449f/test_newline_fix.pl,2,word_replace,1,1,175,175,0.591,0,0,"@@ -86,7 +86,7 @@ my $tmpdir = tempdir(CLEANUP => 1);"
gitanim_history,7b9e449f/test_newline_fix.pl,3,word_replace,1,1,175,175,0.591,0,0,"@@ -109,7 +109,7 @@ my $tmpdir = tempdir(CLEANUP => 1);"
gitanim_history,7b9e449f/test_newline_fix.pl,4,word_replace,1,1,175,175,0.591,0,0,"@@ -139,7 +139,7 @@ my $tmpdir = tempdir(CLEANUP => 1);"
gitanim_history,7b9e449f/test_perl_animator.pl,0,word_replace,1,1,95,115,0.471,0,0,"@@ -22,7 +22,7 @@ for my $dir (sort @dirs) {"
gitanim_history,7b9e449f/test_property.pl,0,literal_replace,1,1,110,106,0.929,0,0,"@@ -72,7 +72,7 @@ for my $i (1..50) {"
gitanim_history,7b9e449f/test_roundtrip.pl,0,word_replace,1,1,53,50,0.375,0,0,"@@ -14,7 +14,7 @@ use lib ""$Bin/../perl"";"
gitanim_history,7b9e449f/test_roundtrip_verify.pl,0,line_replace,1,1,58,78,0.273,0,0,"@@ -18,7 +18,7 @@ use File::Temp qw(tempdir);"
gitanim_history,7b9e449f/verify_md5.sh,0,line_replace,1,1,91,86,0.273,0,0,"@@ -3,7 +3,7 @@"
gitanim_history,7b9e449f/verify_md5.sh,1,word_replace,1,1,66,81,0.625,0,0,"@@ -33,7 +33,7 @@ DESCRIPTION"
gitanim_history,7b9e449f/verify_md5.sh,2,line_replace,1,1,63,58,0.111,0,0,"@@ -98,7 +98,7 @@ run_pipe() {"
gitanim_history,7b9e449f/verify_md5.sh,3,word_replace,1,1,80,100,0.308,0,0,"@@ -108,7 +108,7 @@ run_perl_pipe() {"
gitanim_history,7b9e449f/README.md,0,block_delete,76,0,2356,0,0.0,0,0,"@@ -1,76 +0,0 @@"
gitanim_history,d3a1f3fb/test_property.pl,0,literal_replace,1,1,106,110,0.8,0,0,"@@ -72,7 +72,7 @@ for my $i (1..50) {"
gitanim_history,a6b6c48d/run_all_examples.sh,0,block_insert,0,60,0,1822,0.0,0,0,"@@ -0,0 +1,60 @@"
gitanim_history,12700a40/README.md,0,block_replace,35,53,1932,2613,0.277,0,0,"@@ -1,76 +1,94 @@"
gitanim_history,12700a40/DOCS_AUDIT.md,0,block_insert,0,288,0,9654,0.0,0,0,"@@ -0,0 +1,288 @@"
gitanim_history,12700a40/100_IMPROVEMENTS.md,0,block_insert,0,956,0,68544,0.0,0,0,"@@ -0,0 +1,956 @@"
gitanim_history,12700a40/ADOPTION_GUIDE.md,0,block_insert,0,471,0,14777,0.0,0,0,"@@ -0,0 +1,471 @@"
gitanim_history,12700a40/AI_CODE_DIFFING.md,0,block_insert,0,355,0,17029,0.0,0,0,"@@ -0,0 +1,355 @@"
gitanim_history,12700a40/ANIMATOR_REQUIREMENTS.md,0,block_insert,0,832,0,30856,0.0,0,0,"@@ -0,0 +1,832 @@"
gitanim_history,12700a40/API_REFERENCE.md,0,block_insert,0,133,0,4627,0.0,0,0,"@@ -0,0 +1,133 @@"
gitanim_history,12700a40/ARCHITECTURE.md,0,block_insert,0,368,0,13622,0.0,0,0,"@@ -0,0 +1,368 @@"
gitanim_history,12700a40/ARCHITECTURE_ANALYSIS.md,0,block_insert,0,443,0,23100,0.0,0,0,"@@ -0,0 +1,443 @@"
gitanim_history,12700a40/ARCHITECTURE_DIAGRAMS.md,0,block_insert,0,87,0,2998,0.0,0,0,"@@ -0,0 +1,87 @@"
gitanim_history,12700a40/BINARY_FORMAT_ANALYSIS.md,0,block_insert,0,175,0,5608,0.0,0,0,"@@ -0,0 +1,175 @@"
gitanim_history,12700a40/COMPLETE_OPTIONS_REFERENCE.md,0,block_insert,0,573,0,14157,0.0,0,0,"@@ -0,0 +1,573 @@"
gitanim_history,12700a40/CONFIGURATION.md,0,block_insert,0,391,0,12013,0.0,0,0,"@@ -0,0 +1,391 @@"
gitanim_history,12700a40/CONTROLS.md,0,block_insert,0,284,0,9727,0.0,0,0,"@@ -0,0 +1,284 @@"
gitanim_history,12700a40/DEBUGGING.md,0,block_insert,0,390,0,12082,0.0,0,0,"@@ -0,0 +1,390 @@"
gitanim_history,12700a40/DEBUGGING_LAYERS.md,0,block_insert,0,166,0,4473,0.0,0,0,"@@ -0,0 +1,166 @@"
gitanim_history,12700a40/DESIGN_smooth_cursor_and_distance_speed.md,0,block_insert,0,194,0,7185,0.0,0,0,"@@ -0,0 +1,194 @@"
gitanim_history,12700a40/DEVELOPER_GUIDE.md,0,block_insert,0,635,0,20372,0.0,0,0,"@@ -0,0 +1,635 @@"
gitanim_history,12700a40/DIFF_STUDY.md,0,block_insert,0,226,0,8598,0.0,0,0,"@@ -0,0 +1,226 @@"
gitanim_history,12700a40/DIFF_TOOL_REPLACEMENT.md,0,block_insert,0,117,0,4481,0.0,0,0,"@@ -0,0 +1,117 @@"
gitanim_history,12700a40/FAQ.md,0,block_insert,0,48,0,1484,0.0,0,0,"@@ -0,0 +1,48 @@"
gitanim_history,12700a40/FOLLOW_IMPROVEMENTS.md,0,block_insert,0,231,0,9982,0.0,0,0,"@@ -0,0 +1,231 @@"
gitanim_history,12700a40/FORMATS.md,0,block_insert,0,143,0,4496,0.0,0,0,"@@ -0,0 +1,143 @@"
gitanim_history,12700a40/GITLOGUE_ANALYSIS.md,0,block_insert,0,180,0,5291,0.0,0,0,"@@ -0,0 +1,180 @@"
gitanim_history,12700a40/GITLOGUE_COMPARISON.md,0,block_insert,0,147,0,6379,0.0,0,0,"@@ -0,0 +1,147 @@"
gitanim_history,12700a40/KEEP_OPS_ANALYSIS.md,0,block_insert,0,185,0,6720,0.0,0,0,"@@ -0,0 +1,185 @@"
gitanim_history,12700a40/LEFT_TO_RIGHT_ANALYSIS.md,0,block_insert,0,152,0,5970,0.0,0,0,"@@ -0,0 +1,152 @@"
gitanim_history,12700a40/LEFT_TO_RIGHT_PROPOSED.md,0,block_insert,0,190,0,6148,0.0,0,0,"@@ -0,0 +1,190 @@"
gitanim_history,12700a40/MULTI_FILE.md,0,block_insert,0,158,0,3981,0.0,0,0,"@@ -0,0 +1,158 @@"
gitanim_history,12700a40/NEW_FEATURES.md,0,block_insert,0,173,0,5874,0.0,0,0,"@@ -0,0 +1,173 @@"
gitanim_history,12700a40/NEXT_SESSION.md,0,block_insert,0,101,0,3991,0.0,0,0,"@@ -0,0 +1,101 @@"
gitanim_history,12700a40/NON_CHAR_OPTIONS.md,0,block_insert,0,281,0,11161,0.0,0,0,"@@ -0,0 +1,281 @@"
gitanim_history,12700a40/OPTIONS_ANALYSIS.md,0,block_insert,0,268,0,10660,0.0,0,0,"@@ -0,0 +1,268 @@"
gitanim_history,12700a40/OPTIONS_OVERVIEW.md,0,block_insert,0,299,0,14365,0.0,0,0,"@@ -0,0 +1,299 @@"
gitanim_history,12700a40/OPTION_ANALYSIS.md,0,block_insert,0,646,0,25970,0.0,0,0,"@@ -0,0 +1,646 @@"
gitanim_history,12700a40/OPTION_AUDIT.md,0,block_insert,0,130,0,5910,0.0,0,0,"@@ -0,0 +1,130 @@"
gitanim_history,12700a40/OPTION_COMBINATIONS.md,0,block_insert,0,161,0,4180,0.0,0,0,"@@ -0,0 +1,161 @@"
gitanim_history,12700a40/OP_LIST_PARALLELISM.md,0,block_insert,0,161,0,5276,0.0,0,0,"@@ -0,0 +1,161 @@"
gitanim_history,12700a40/PARALLEL_COMPUTE.md,0,block_insert,0,182,0,6419,0.0,0,0,"@@ -0,0 +1,182 @@"
gitanim_history,12700a40/PARSERS.md,0,block_insert,0,264,0,8573,0.0,0,0,"@@ -0,0 +1,264 @@"
gitanim_history,12700a40/PER_LAYER_ADJUSTMENT_REQUIREMENTS.md,0,block_insert,0,536,0,20598,0.0,0,0,"@@ -0,0 +1,536 @@"
gitanim_history,12700a40/PICKER.md,0,block_insert,0,111,0,2989,0.0,0,0,"@@ -0,0 +1,111 @@"
gitanim_history,12700a40/PIPELINE.md,0,block_insert,0,241,0,9368,0.0,0,0,"@@ -0,0 +1,241 @@"
gitanim_history,12700a40/PIPELINE_DECORATE_ANALYSIS.md,0,block_insert,0,205,0,5634,0.0,0,0,"@@ -0,0 +1,205 @@"
gitanim_history,12700a40/POSTPROCESS_LAYERS.md,0,block_insert,0,150,0,5297,0.0,0,0,"@@ -0,0 +1,150 @@"
gitanim_history,12700a40/POSTPROCESS_OPERATIONS.md,0,block_insert,0,698,0,29178,0.0,0,0,"@@ -0,0 +1,698 @@"
gitanim_history,12700a40/POSTPROCESS_OPTIONS.md,0,block_insert,0,98,0,3471,0.0,0,0,"@@ -0,0 +1,98 @@"
gitanim_history,12700a40/POSTPROCESS_PIPELINE.md,0,block_insert,0,119,0,4389,0.0,0,0,"@@ -0,0 +1,119 @@"
gitanim_history,12700a40/POSTPROCESS_QUICK_REFERENCE.md,0,block_insert,0,143,0,6240,0.0,0,0,"@@ -0,0 +1,143 @@"
gitanim_history,12700a40/POSTPROCESS_REDESIGN.md,0,block_insert,0,472,0,16879,0.0,0,0,"@@ -0,0 +1,472 @@"
gitanim_history,12700a40/POSTPROCESS_TRANSFORMS.md,0,block_insert,0,348,0,11893,0.0,0,0,"@@ -0,0 +1,348 @@"
gitanim_history,12700a40/POST_PROCESSING.md,0,block_insert,0,109,0,4040,0.0,0,0,"@@ -0,0 +1,109 @@"
gitanim_history,12700a40/PP_LAYER_DELETE_LINE_FIRST.md,0,block_insert,0,83,0,2245,0.0,0,0,"@@ -0,0 +1,83 @@"
gitanim_history,12700a40/PP_LAYER_OVERWRITE.md,0,block_insert,0,104,0,3402,0.0,0,0,"@@ -0,0 +1,104 @@"
gitanim_history,12700a40/REQUIREMENTS.md,0,block_insert,0,1234,0,47673,0.0,0,0,"@@ -0,0 +1,1234 @@"
gitanim_history,12700a40/RESTORING_OLD_FEATURES.md,0,block_insert,0,360,0,13425,0.0,0,0,"@@ -0,0 +1,360 @@"
gitanim_history,12700a40/TESTING.md,0,block_insert,0,290,0,7241,0.0,0,0,"@@ -0,0 +1,290 @@"
gitanim_history,12700a40/TUNE_INTERFACE_ANALYSIS.md,0,block_insert,0,163,0,5723,0.0,0,0,"@@ -0,0 +1,163 @@"
gitanim_history,12700a40/USER_REQUESTS.md,0,block_insert,0,337,0,15738,0.0,0,0,"@@ -0,0 +1,337 @@"
gitanim_history,12700a40/VISUAL_GUIDE.md,0,block_insert,0,650,0,30718,0.0,0,0,"@@ -0,0 +1,650 @@"
gitanim_history,12700a40/VOCABULARY.md,0,block_insert,0,154,0,6430,0.0,0,0,"@@ -0,0 +1,154 @@"
gitanim_history,12700a40/SUMMARY.md,0,block_modify,2,2,74,81,0.857,0,0,"@@ -6,13 +6,13 @@"
gitanim_history,12700a40/SUMMARY.md,1,block_replace,27,8,962,347,0.088,0,0,"@@ -20,40 +20,21 @@"
gitanim_history,12700a40/configuration.md,0,word_replace,1,1,78,85,0.786,0,0,"@@ -16,7 +16,7 @@ If `XDG_CONFIG_HOME` is unset, it defaults to `~/.config/`. So the default confi"
gitanim_history,c13a3839/configuration.md,0,block_replace,72,137,3156,5239,0.16,0,0,"@@ -1,101 +1,166 @@"
gitanim_history,84755738/contributing.md,0,block_insert,0,158,0,4830,0.0,0,0,"@@ -0,0 +1,158 @@"
gitanim_history,9e4e3cd8/test_l2r.sh,0,line_replace,1,1,31,31,0.1,0,0,"@@ -12,7 +12,7 @@"
gitanim_history,9e4e3cd8/test_l2r.sh,1,block_modify,2,2,175,249,0.733,0,0,"@@ -62,13 +62,13 @@ _run_pipeline() {"
gitanim_history,9e4e3cd8/test_l2r.sh,2,block_modify,2,2,113,101,1.0,0,0,"@@ -415,8 +415,8 @@ impl Point3D {"
gitanim_history,9e4e3cd8/test_l2r.sh,3,block_modify,2,2,113,101,1.0,0,0,"@@ -465,8 +465,8 @@ run_test ""long_line_many_changes"" \"
gitanim_history,9e4e3cd8/test_highlight.pl,0,block_insert,0,91,0,3003,0.0,0,0,"@@ -0,0 +1,91 @@"
gitanim_history,9e4e3cd8/test_indent_last.pl,0,block_insert,0,149,0,5798,0.0,0,0,"@@ -0,0 +1,149 @@"
gitanim_history,9e4e3cd8/test_line_delete_in_place.pl,0,block_insert,0,122,0,4380,0.0,0,0,"@@ -0,0 +1,122 @@"
gitanim_history,9e4e3cd8/test_overwrite.pl,0,block_insert,0,111,0,3810,0.0,0,0,"@@ -0,0 +1,111 @@"
gitanim_history,9e4e3cd8/test_pace.pl,0,block_insert,0,99,0,3329,0.0,0,0,"@@ -0,0 +1,99 @@"
gitanim_history,9e4e3cd8/test_reorder.pl,0,block_insert,0,141,0,4819,0.0,0,0,"@@ -0,0 +1,141 @@"
gitanim_history,9e4e3cd8/run_minimal_tests.sh,0,word_replace,1,1,61,98,0.636,0,0,"@@ -31,7 +31,7 @@ for d in ""${cases[@]}""; do"
gitanim_history,9e4e3cd8/run_vim_correctness_fast.pl,0,block_modify,3,3,204,186,1.0,0,0,"@@ -101,16 +101,16 @@ extract_engine();"
gitanim_history,9e4e3cd8/test_async_vimscript.sh,0,block_modify,3,3,241,223,1.0,0,0,"@@ -31,13 +31,13 @@ DESCRIPTION"
gitanim_history,9e4e3cd8/test_awd_correctness.pl,0,block_modify,2,2,191,179,1.0,0,0,"@@ -190,8 +190,8 @@ my @test_cases = ("
gitanim_history,9e4e3cd8/test_benchmark.pl,0,block_modify,2,2,96,84,1.0,0,0,"@@ -94,14 +94,14 @@ printf ""%-40s  %6s  %6s  %5s  %6s  %6s  %8s  %10s  %10s\n"","
gitanim_history,9e4e3cd8/test_colormap.pl,0,block_modify,2,2,125,113,1.0,0,0,"@@ -7,8 +7,8 @@ my $root = ""/home/z/my-project/gitanim"";"
gitanim_history,9e4e3cd8/test_colormap.pl,1,block_modify,2,2,123,111,1.0,0,0,"@@ -33,8 +33,8 @@ $fail++ unless $snap_md5 eq $new_md5;"
gitanim_history,9e4e3cd8/test_compositions.pl,0,block_modify,2,2,113,101,1.0,0,0,"@@ -36,8 +36,8 @@ sub run_with_timeout {"
gitanim_history,9e4e3cd8/test_compositions.pl,1,block_modify,2,2,169,157,1.0,0,0,"@@ -223,8 +223,8 @@ runs_ok(""--delete-threshold 10 + --delete-pacing word"","
gitanim_history,9e4e3cd8/test_comprehensive.pl,0,block_modify,20,20,2282,2042,1.0,0,0,"@@ -108,26 +108,26 @@ ensure_engine();"
gitanim_history,9e4e3cd8/test_comprehensive.pl,1,block_modify,4,4,610,562,1.0,0,0,"@@ -142,19 +142,19 @@ print ""\n=== Tests 11-15: Feature tests ===\n"";"
gitanim_history,9e4e3cd8/test_comprehensive.pl,2,block_modify,3,3,469,433,1.0,0,0,"@@ -166,14 +166,14 @@ print ""\n=== Tests 16-20: Edge cases ===\n"";"
gitanim_history,9e4e3cd8/test_comprehensive.pl,3,block_modify,3,3,495,459,1.0,0,0,"@@ -184,12 +184,12 @@ ok(""Test 18: binary file detection works"", $bin_out =~ /binary/i);"
gitanim_history,9e4e3cd8/test_correctness.pl,0,literal_replace,1,1,47,41,1.0,0,0,"@@ -101,7 +101,7 @@ sub apply_diff_to_file {"
gitanim_history,9e4e3cd8/test_correctness.pl,1,literal_replace,1,1,40,34,1.0,0,0,"@@ -126,7 +126,7 @@ for my $pair (@pairs) {"
gitanim_history,9e4e3cd8/test_debug_bundle.sh,0,block_modify,2,2,111,99,1.0,0,0,"@@ -63,8 +63,8 @@ fi"
gitanim_history,9e4e3cd8/test_debug_bundle.sh,1,block_modify,2,2,111,99,1.0,0,0,"@@ -141,8 +141,8 @@ fi"
gitanim_history,9e4e3cd8/test_delete_pacing.pl,0,block_modify,15,15,2096,1928,1.0,0,0,"@@ -32,65 +32,65 @@ ok('--help shows --delete-threshold', $help =~ /--delete-threshold/);"
gitanim_history,9e4e3cd8/test_delete_pacing_modes.pl,0,block_modify,2,2,133,121,1.0,0,0,"@@ -10,8 +10,8 @@ my $fail = 0;"
gitanim_history,9e4e3cd8/test_diff_input.pl,0,literal_replace,1,1,129,117,1.0,0,0,"@@ -16,7 +16,7 @@ sub ok {"
gitanim_history,9e4e3cd8/test_diff_input.pl,1,literal_replace,1,1,233,209,1.0,0,0,"@@ -33,7 +33,7 @@ ok('--diff - (stdin) produces output', $out =~ /Dry run/);"
gitanim_history,9e4e3cd8/test_fold_theme_debug.pl,0,block_modify,3,3,433,397,1.0,0,0,"@@ -23,20 +23,20 @@ ok('--help shows --debug', $help =~ /--debug/);"
gitanim_history,9e4e3cd8/test_highlight.pl,0,block_modify,14,14,1921,1765,1.0,0,0,"@@ -27,56 +27,56 @@ ok('--help lists all 4 modes', $help =~ /none.*inline.*word.*hunk/s);"
gitanim_history,9e4e3cd8/test_highlight_hunk.pl,0,literal_replace,1,1,225,213,1.0,0,0,"@@ -34,7 +34,7 @@ ok('diffvim --help shows --highlight-min-chars',    $help =~ /--highlight-min-ch"
gitanim_history,9e4e3cd8/test_highlight_hunk.pl,1,literal_replace,1,1,171,159,1.0,0,0,"@@ -64,7 +64,7 @@ ok('default min-chars is 10', `perl diffvim.pl --help 2>&1` =~ /10/);"
gitanim_history,9e4e3cd8/test_input_source.pl,0,block_modify,10,10,1384,1288,1.0,0,0,"@@ -43,43 +43,43 @@ ok('--help does NOT show --auto-precompute', $help !~ /--auto-precompute/);"
gitanim_history,9e4e3cd8/test_insert_pacing.pl,0,block_modify,15,15,2137,1969,1.0,0,0,"@@ -29,65 +29,65 @@ ok('--help shows --insert-speed', $help =~ /--insert-speed/);"
gitanim_history,9e4e3cd8/test_integration.pl,0,literal_replace,1,1,52,46,1.0,0,0,"@@ -28,7 +28,7 @@ sub ok {"
gitanim_history,9e4e3cd8/test_integration.pl,1,literal_replace,1,1,39,33,1.0,0,0,"@@ -41,7 +41,7 @@ for my $old_file (@examples) {"
gitanim_history,9e4e3cd8/test_integration.pl,2,block_modify,2,2,285,261,1.0,0,0,"@@ -112,8 +112,8 @@ ok('identical files produce 0 hunks', $ident_out =~ /Hunks: 0/ || $ident_out =~"
gitanim_history,9e4e3cd8/test_no_backward_ops.pl,0,literal_replace,1,1,82,76,1.0,0,0,"@@ -21,7 +21,7 @@ chdir $ROOT or die ""Cannot chdir to $ROOT: $!\n"";"
gitanim_history,9e4e3cd8/test_no_backward_ops.pl,1,block_modify,2,2,195,171,1.0,0,0,"@@ -36,10 +36,10 @@ print ""The cursor never goes back to a line that was already operated on.\n\n"";"
gitanim_history,9e4e3cd8/test_op_order.pl,0,block_modify,12,12,1735,1591,1.0,0,0,"@@ -36,53 +36,53 @@ ok('--help lists all 6 modes', $help =~ /natural.*optimize.*left-to-right.*end-f"
gitanim_history,9e4e3cd8/test_pacing.pl,0,block_modify,12,12,1661,1529,1.0,0,0,"@@ -27,50 +27,50 @@ ok('--help lists all 4 modes', $help =~ /uniform.*adaptive.*gaussian.*review/s);"
gitanim_history,9e4e3cd8/test_parser_compare.pl,0,block_modify,2,2,274,250,1.0,0,0,"@@ -18,14 +18,14 @@ sub ok {"
gitanim_history,9e4e3cd8/test_parser_compare.pl,1,literal_replace,1,1,147,135,1.0,0,0,"@@ -35,7 +35,7 @@ ok('--help shows --parser-compare', $out =~ /--parser-compare/);"
gitanim_history,9e4e3cd8/test_perf.pl,0,block_modify,3,3,203,185,1.0,0,0,"@@ -9,15 +9,15 @@ my $threshold = 5.0;  # seconds — alert if any example takes longer"
gitanim_history,9e4e3cd8/test_perl_animator.pl,0,block_modify,3,3,203,185,1.0,0,0,"@@ -8,12 +8,12 @@ my $pass = 0;"
gitanim_history,9e4e3cd8/test_postprocess_layers.sh,0,block_modify,3,3,393,369,1.0,0,0,"@@ -98,15 +98,15 @@ diff /tmp/pl_new.txt /tmp/pl_out.txt >/dev/null 2>&1 && ok ""Animation output mat"
gitanim_history,9e4e3cd8/test_precomputed.pl,0,literal_replace,1,1,47,41,1.0,0,0,"@@ -136,7 +136,7 @@ sub read_file {"
gitanim_history,9e4e3cd8/test_precomputed.pl,1,literal_replace,1,1,40,34,1.0,0,0,"@@ -159,7 +159,7 @@ mkdir $tmp unless -d $tmp;"
gitanim_history,9e4e3cd8/test_semantic_cleanup.pl,0,block_modify,2,2,165,147,1.0,0,0,"@@ -22,13 +22,13 @@ print ""=== Test: canceling ops are merged ===\n"";"
gitanim_history,9e4e3cd8/test_semantic_cleanup.pl,1,literal_replace,1,1,39,33,1.0,0,0,"@@ -39,7 +39,7 @@ for my $dir (glob(""tests/tests/examples/*/"")) {"
gitanim_history,9e4e3cd8/test_streaming.pl,0,block_modify,2,2,129,117,1.0,0,0,"@@ -8,8 +8,8 @@ my $pass = 0;"
gitanim_history,9e4e3cd8/test_timer_engine.pl,0,block_modify,7,7,804,720,1.0,0,0,"@@ -167,38 +167,38 @@ print ""Engine extracted to $engine_file\n\n"";"
gitanim_history,9e4e3cd8/test_timer_engine.pl,1,block_modify,3,3,334,298,1.0,0,0,"@@ -206,17 +206,17 @@ ok(""Test 7: AD_STEP_MODE empty when not passed"","
gitanim_history,9e4e3cd8/test_viewport.pl,0,block_modify,11,11,1516,1396,1.0,0,0,"@@ -25,50 +25,50 @@ ok('--help does NOT show --fold-unchanged', $help !~ /--fold-unchanged/);"
gitanim_history,9e4e3cd8/test_vim_correctness.pl,0,block_modify,2,2,100,88,1.0,0,0,"@@ -179,14 +179,14 @@ print ""Engine extracted to $engine_test\n\n"";"
gitanim_history,9e4e3cd8/test_vim_engine.pl,0,block_modify,15,15,1709,1619,1.0,0,0,"@@ -147,21 +147,21 @@ close $out;"
gitanim_history,9e4e3cd8/test_vimscript_animator.sh,0,block_modify,3,3,208,190,1.0,0,0,"@@ -35,18 +35,18 @@ OPTIONS"
gitanim_history,9e4e3cd8/test_vimscript_animator.sh,1,block_modify,4,4,212,188,1.0,0,0,"@@ -131,11 +131,11 @@ else"
gitanim_history,9e4e3cd8/verify_md5.pl,0,literal_replace,1,1,69,63,1.0,0,0,"@@ -1,6 +1,6 @@"
gitanim_history,9e4e3cd8/verify_md5.pl,1,literal_replace,1,1,84,78,1.0,0,0,"@@ -222,7 +222,7 @@ sub run_cmd {"
gitanim_history,9e4e3cd8/verify_md5.pl,2,block_modify,3,3,193,175,1.0,0,0,"@@ -235,16 +235,16 @@ my $env = ""AD_TICK_MS=16 AD_TYPE_DELAY_MS=50 AD_DELETE_DELAY_MS=40 "" ."
gitanim_history,9e4e3cd8/verify_md5.sh,0,literal_replace,1,1,80,74,1.0,0,0,"@@ -28,7 +28,7 @@ SYNOPSIS"
gitanim_history,9e4e3cd8/verify_md5.sh,1,literal_replace,1,1,71,65,1.0,0,0,"@@ -53,7 +53,7 @@ DESCRIPTION"
gitanim_history,9e4e3cd8/verify_md5.sh,2,block_modify,2,2,101,89,1.0,0,0,"@@ -129,8 +129,8 @@ export ROOT OUTDIR"
gitanim_history,9e4e3cd8/verify_md5.sh,3,literal_replace,1,1,50,44,1.0,0,0,"@@ -165,7 +165,7 @@ printf '%s\n' ""$(printf '%.0s-' {1..120})"""
gitanim_history,9e4e3cd8/verify_md5_cont.pl,0,literal_replace,1,1,84,78,1.0,0,0,"@@ -37,7 +37,7 @@ sub run_cmd {"
gitanim_history,9e4e3cd8/verify_md5_cont.pl,1,block_modify,2,2,139,127,1.0,0,0,"@@ -52,13 +52,13 @@ for my $d (@dirs) {"
gitanim_history,9e4e3cd8/verify_md5_parallel.pl,0,block_modify,3,3,204,186,1.0,0,0,"@@ -272,17 +272,17 @@ extract_engine_roundtrip();"
gitanim_history,15e3652f/ad_layer_line_delete_in_place.pl,0,block_insert,0,197,0,5434,0.0,0,0,"@@ -0,0 +1,197 @@"
gitanim_history,15e3652f/ad_layer_overwrite.pl,0,block_insert,0,220,0,6018,0.0,0,0,"@@ -0,0 +1,220 @@"
gitanim_history,15e3652f/ad_layer_reorder.pl,0,block_insert,0,264,0,7737,0.0,0,0,"@@ -0,0 +1,264 @@"
gitanim_history,f67d8182/test_layers_discovery.pl,0,block_replace,13,11,846,631,0.261,0,0,"@@ -1,20 +1,18 @@"
gitanim_history,f67d8182/test_layers_discovery.pl,1,block_move,66,1,2263,76,0.025,0,0,"@@ -31,72 +29,7 @@ my @errors;"
gitanim_history,f67d8182/test_layers_discovery.pl,2,block_replace,79,90,4594,4829,0.273,0,0,"@@ -104,104 +37,115 @@ open($fh, '>', $new) or die; print $fh ""def foo():\n\ndef bar():\n    pass\n""; c"
gitanim_history,4625efa4/CHANGELOG.md,0,word_replace,1,1,74,69,0.667,0,0,"@@ -86,7 +86,7 @@ animator parses both formats (typed and untyped) for backward compat."
gitanim_history,4625efa4/CHANGELOG.md,1,word_replace,1,1,75,70,0.75,0,0,"@@ -98,7 +98,7 @@ New `animator/perl/colorize.pl` tool with 3 backends:"
gitanim_history,4625efa4/CHANGELOG.md,2,block_modify,8,8,511,383,0.69,0,0,"@@ -141,24 +141,24 @@ outweighed the benefit. The Go animator components had a similar story."
gitanim_history,4625efa4/CHANGELOG.md,3,block_modify,7,7,444,377,0.762,0,0,"@@ -169,33 +169,33 @@ gone."
gitanim_history,4625efa4/CHANGELOG.md,4,word_replace,1,1,32,33,0.4,0,0,"@@ -215,7 +215,7 @@ New format:"
gitanim_history,4625efa4/CHANGELOG.md,5,word_replace,1,1,67,62,0.6,0,0,"@@ -268,7 +268,7 @@ animator. The Go versions no longer exist."
gitanim_history,4625efa4/CHANGELOG.md,6,word_replace,1,1,73,68,0.75,0,0,"@@ -277,7 +277,7 @@ animator. The Go versions no longer exist."
gitanim_history,4625efa4/CHANGELOG.md,7,line_replace,1,1,63,58,0.25,0,0,"@@ -324,7 +324,7 @@ current line has content). The only exception is when the line is empty"
gitanim_history,4625efa4/CHANGELOG.md,8,word_replace,1,1,55,50,0.625,0,0,"@@ -349,7 +349,7 @@ Fix: track `line_offset` (cumulative `newline_inserts -"
gitanim_history,4625efa4/CHANGELOG.md,9,word_replace,1,1,64,59,0.75,0,0,"@@ -363,7 +363,7 @@ Fix: when `cursorL >= len(lines)`, set `cursorC` to"
gitanim_history,4625efa4/CHANGELOG.md,10,word_replace,1,1,61,44,0.636,0,0,"@@ -534,7 +534,7 @@ removed. Users should now use the compute tools directly:"
gitanim_history,4625efa4/CHANGELOG.md,11,word_replace,1,1,57,48,0.556,0,0,"@@ -545,7 +545,7 @@ full usage message, options, environment variables, examples, and"
gitanim_history,4625efa4/CHANGELOG.md,12,word_replace,1,1,67,62,0.7,0,0,"@@ -555,7 +555,7 @@ New `man/` directory with six manpages:"
gitanim_history,4625efa4/CHANGELOG.md,13,word_replace,1,1,73,68,0.778,0,0,"@@ -894,7 +894,7 @@ and diff presentation. Each item is framed from the viewer's perspective."
gitanim_history,4625efa4/README.md,0,block_modify,4,4,351,287,0.767,0,0,"@@ -14,10 +14,10 @@ were typing the changes."
gitanim_history,4625efa4/README.md,1,word_replace,1,1,41,36,0.571,0,0,"@@ -29,7 +29,7 @@ Each stage also has a Perl implementation (in `animator/perl/` and"
gitanim_history,4625efa4/README.md,2,literal_replace,1,1,51,63,0.875,0,0,"@@ -50,7 +50,7 @@ perl animator/tests/test_all_animators.pl   # animator unit tests"
gitanim_history,4625efa4/README.md,0,word_replace,1,1,149,163,0.538,0,0,"@@ -18,7 +18,7 @@ the op."
gitanim_history,4625efa4/README.md,1,word_replace,1,1,63,58,0.778,0,0,"@@ -26,7 +26,7 @@ the op."
gitanim_history,4625efa4/README.md,2,block_modify,6,6,303,312,0.686,0,0,"@@ -41,20 +41,20 @@ the op."
gitanim_history,4625efa4/README.md,0,block_modify,4,4,271,291,0.771,0,0,"@@ -18,15 +18,15 @@ animator)."
gitanim_history,4625efa4/README.md,1,block_replace,14,14,679,631,0.484,0,0,"@@ -34,31 +34,31 @@ animator)."
gitanim_history,4625efa4/ad.c,0,word_replace,1,1,64,50,0.571,0,0,"@@ -1,5 +1,5 @@"
gitanim_history,4625efa4/ad.c,1,block_modify,2,2,94,66,0.818,0,0,"@@ -8,8 +8,8 @@"
gitanim_history,4625efa4/ad.c,2,word_replace,1,1,65,51,0.571,0,0,"@@ -151,7 +151,7 @@ void handle_key(int c) {"
gitanim_history,4625efa4/ad.c,3,word_replace,1,1,108,92,0.75,0,0,"@@ -215,7 +215,7 @@ static void ensure_lines_capacity(int needed) {"
gitanim_history,4625efa4/ad.c,4,block_modify,2,2,178,148,0.778,0,0,"@@ -609,9 +609,9 @@ int main(int argc, char **argv) {"
gitanim_history,4625efa4/ad.c,5,block_modify,3,3,305,263,0.885,0,0,"@@ -625,16 +625,16 @@ int main(int argc, char **argv) {"
gitanim_history,4625efa4/ad.c,6,word_replace,1,1,105,89,0.75,0,0,"@@ -659,7 +659,7 @@ int main(int argc, char **argv) {"
gitanim_history,4625efa4/ad.c,7,block_modify,3,3,336,288,0.789,0,0,"@@ -667,21 +667,21 @@ int main(int argc, char **argv) {"
gitanim_history,4625efa4/ad.c,8,word_replace,1,1,111,95,0.765,0,0,"@@ -692,7 +692,7 @@ int main(int argc, char **argv) {"
gitanim_history,4625efa4/ad.c,9,word_replace,1,1,78,62,0.667,0,0,"@@ -930,7 +930,7 @@ int main(int argc, char **argv) {"
gitanim_history,4625efa4/COMPARISON.md,0,word_replace,1,1,69,53,0.667,0,0,"@@ -1,4 +1,4 @@"
gitanim_history,4625efa4/COMPARISON.md,1,block_modify,4,4,212,188,0.565,0,0,"@@ -33,22 +33,22 @@ Everything in one process, one language, one 4,500-line script."
gitanim_history,4625efa4/COMPARISON.md,2,block_modify,4,4,142,118,0.5,0,0,"@@ -256,10 +256,10 @@ are available alongside it:"
gitanim_history,4625efa4/README.md,0,block_modify,2,2,92,60,0.692,0,0,"@@ -1,8 +1,8 @@"
gitanim_history,4625efa4/README.md,1,word_replace,1,1,53,37,0.556,0,0,"@@ -28,7 +28,7 @@ simpler, faster, more correct architecture."
gitanim_history,4625efa4/README.md,2,word_replace,1,1,72,55,0.667,0,0,"@@ -55,7 +55,7 @@ This separation means:"
gitanim_history,4625efa4/README.md,3,block_modify,3,3,185,143,0.583,0,0,"@@ -66,9 +66,9 @@ This separation means:"
gitanim_history,4625efa4/README.md,4,block_modify,2,2,133,111,0.722,0,0,"@@ -80,12 +80,12 @@ make -C compute"
gitanim_history,4625efa4/README.md,5,block_modify,4,4,136,116,0.667,0,0,"@@ -96,20 +96,20 @@ sudo cp animator/diffvim-pipeline /usr/local/bin/"
gitanim_history,4625efa4/README.md,6,block_modify,4,4,312,275,0.719,0,0,"@@ -119,16 +119,16 @@ animator/diffvim-pipeline \"
gitanim_history,4625efa4/README.md,7,word_replace,1,1,44,39,0.571,0,0,"@@ -154,7 +154,7 @@ animator/bin/diffvim-animator-c-c --syntax 'bat --color=always' old.py < /tmp/ti"
gitanim_history,4625efa4/README.md,8,line_replace,1,1,23,18,0.0,0,0,"@@ -172,7 +172,7 @@ animator/bin/diffvim-animator-c-c --syntax 'bat --color=always' old.py < /tmp/ti"
gitanim_history,4625efa4/README.md,9,line_replace,1,1,11,17,0.0,0,0,"@@ -190,7 +190,7 @@ and emits a `(line, col)` for every op so the animator is scroll-safe."
gitanim_history,4625efa4/README.md,10,line_replace,1,1,22,6,0.0,0,0,"@@ -217,7 +217,7 @@ Phase 4: Delete remaining chars instantly (rapid shot)"
gitanim_history,4625efa4/README.md,11,block_modify,2,2,67,57,0.5,0,0,"@@ -234,14 +234,14 @@ sets the cursor before applying each op. No `glide` handler."
gitanim_history,4625efa4/README.md,12,word_replace,1,1,62,68,0.75,0,0,"@@ -254,7 +254,7 @@ introduced in the Phase C refactor):"
gitanim_history,4625efa4/README.md,13,block_modify,3,3,173,158,0.786,0,0,"@@ -332,13 +332,13 @@ The animator supports syntax coloring via external highlighters:"
gitanim_history,4625efa4/README.md,14,line_replace,1,1,28,23,0.25,0,0,"@@ -350,7 +350,7 @@ plain rendering."
gitanim_history,4625efa4/README.md,15,word_replace,1,1,88,83,0.778,0,0,"@@ -390,7 +390,7 @@ tools. The compute stage is C++ with a Perl fallback."
gitanim_history,4625efa4/README.md,16,literal_replace,1,1,72,84,0.875,0,0,"@@ -398,7 +398,7 @@ All implementations produce **byte-for-byte identical output**:"
gitanim_history,4625efa4/README.md,17,word_replace,1,1,30,25,0.5,0,0,"@@ -474,7 +474,7 @@ testing without a terminal."
gitanim_history,4625efa4/README.md,0,block_modify,5,5,316,304,0.75,0,0,"@@ -12,23 +12,23 @@ implementation in `../c/`. Produces byte-identical output."
gitanim_history,4625efa4/ad.pl,0,word_replace,1,1,70,56,0.625,0,0,"@@ -1,5 +1,5 @@"
gitanim_history,4625efa4/ad.pl,1,word_replace,1,1,40,26,0.4,0,0,"@@ -10,7 +10,7 @@"
gitanim_history,4625efa4/ad.pl,2,word_replace,1,1,65,51,0.667,0,0,"@@ -53,7 +53,7 @@ for (my $i = 0; $i < @ARGV; $i++) {"
gitanim_history,4625efa4/ad_vim.pl,0,block_replace,8,8,523,483,0.333,0,0,"@@ -71,14 +71,14 @@ sub _env_or {"
gitanim_history,4625efa4/ad_vim.pl,1,block_modify,2,2,105,95,0.5,0,0,"@@ -87,12 +87,12 @@ my %config = ("
gitanim_history,4625efa4/ad_vim.pl,2,block_replace,4,4,279,259,0.429,0,0,"@@ -103,16 +103,16 @@ my $sign_column    = 0;"
gitanim_history,4625efa4/ad_vim.pl,3,block_replace,25,25,1966,1841,0.412,0,0,"@@ -149,31 +149,31 @@ GetOptions("
gitanim_history,4625efa4/ad_vim.pl,4,block_replace,4,4,222,172,0.0,0,0,"@@ -272,10 +272,10 @@ Controls (during animation, in vim normal mode):"
gitanim_history,4625efa4/ad_vim.pl,5,block_modify,2,2,128,113,0.75,0,0,"@@ -1108,8 +1108,8 @@ sub compute_diff {"
gitanim_history,4625efa4/engine.vim,0,block_replace,83,83,8406,7711,0.354,0,0,"@@ -28,94 +28,94 @@ endif"
gitanim_history,4625efa4/engine.vim,1,word_replace,1,1,36,31,0.5,0,0,"@@ -1374,7 +1374,7 @@ function! s:MoveStep() abort"
gitanim_history,4625efa4/engine.vim,2,word_replace,1,1,34,29,0.6,0,0,"@@ -2944,7 +2944,7 @@ endfunction"
gitanim_history,4625efa4/PARALLELISM.md,0,word_replace,1,1,53,48,0.625,0,0,"@@ -101,7 +101,7 @@ CXXFLAGS += -fopenmp"
gitanim_history,4625efa4/PARALLELISM.md,1,block_modify,2,2,231,261,0.643,0,0,"@@ -140,12 +140,12 @@ cd compute"
gitanim_history,4625efa4/README.md,0,block_modify,3,3,173,150,0.857,0,0,"@@ -11,15 +11,15 @@ COMPUTE → postprocess → pace → animator"
gitanim_history,4625efa4/README.md,1,word_replace,1,1,59,42,0.6,0,0,"@@ -32,7 +32,7 @@ is stale (the v2 format has been the default since the refactor)."
gitanim_history,4625efa4/compute.cpp,0,block_modify,3,3,212,193,0.833,0,0,"@@ -1,14 +1,14 @@"
gitanim_history,4625efa4/compute.cpp,1,block_replace,5,5,294,269,0.444,0,0,"@@ -684,15 +684,15 @@ string normalize_indent(const string& line) {"
gitanim_history,4625efa4/compute.cpp,2,block_modify,5,5,327,282,0.842,0,0,"@@ -705,13 +705,13 @@ int main(int argc, char** argv) {"
gitanim_history,4625efa4/compute.cpp,3,block_modify,5,5,321,296,0.63,0,0,"@@ -726,11 +726,11 @@ int main(int argc, char** argv) {"
gitanim_history,4625efa4/compute.cpp,4,word_replace,1,1,39,34,0.5,0,0,"@@ -741,7 +741,7 @@ int main(int argc, char** argv) {"
gitanim_history,4625efa4/compute.pl,0,block_modify,3,3,224,193,0.821,0,0,"@@ -1,9 +1,9 @@"
gitanim_history,4625efa4/compute.pl,1,word_replace,1,1,116,101,0.667,0,0,"@@ -96,7 +96,7 @@ print $out ""# optimize_sequence 1\n"";"
gitanim_history,4625efa4/test_l2r.sh,0,block_modify,7,7,770,669,0.645,0,0,"@@ -61,16 +61,16 @@ _run_pipeline() {"
gitanim_history,4625efa4/test_l2r.sh,1,block_modify,2,2,89,113,0.833,0,0,"@@ -415,8 +415,8 @@ impl Point3D {"
gitanim_history,4625efa4/test_l2r.sh,2,block_modify,2,2,89,113,0.833,0,0,"@@ -465,8 +465,8 @@ run_test ""long_line_many_changes"" \"
gitanim_history,4625efa4/100_IMPROVEMENTS.md,0,literal_replace,1,1,86,81,0.818,0,0,"@@ -325,7 +325,7 @@ Pace-layer improvements controlling WHEN ops fire and at what speed."
gitanim_history,4625efa4/100_IMPROVEMENTS.md,1,word_replace,1,1,172,188,0.727,0,0,"@@ -950,7 +950,7 @@ These improvements draw on:"
gitanim_history,4625efa4/ADOPTION_GUIDE.md,0,word_replace,1,1,54,49,0.714,0,0,"@@ -56,7 +56,7 @@ diffvim --preset ai-code old.py new.py"
gitanim_history,4625efa4/ADOPTION_GUIDE.md,1,block_modify,2,2,141,107,0.769,0,0,"@@ -68,11 +68,11 @@ each option does."
gitanim_history,4625efa4/ADOPTION_GUIDE.md,2,block_modify,2,2,137,111,0.833,0,0,"@@ -92,11 +92,11 @@ stop using it within a week."
gitanim_history,4625efa4/ADOPTION_GUIDE.md,3,word_replace,1,1,89,72,0.429,0,0,"@@ -127,7 +127,7 @@ animate a diff. This is the **single biggest stickiness factor**."
gitanim_history,4625efa4/ADOPTION_GUIDE.md,4,word_replace,1,1,60,43,0.556,0,0,"@@ -139,7 +139,7 @@ to `src/main.py`."
gitanim_history,4625efa4/ADOPTION_GUIDE.md,5,word_replace,1,1,42,37,0.6,0,0,"@@ -233,7 +233,7 @@ help each other. Standardize via a checked-in config."
gitanim_history,4625efa4/ADOPTION_GUIDE.md,6,block_modify,2,2,121,111,0.846,0,0,"@@ -313,12 +313,12 @@ echo 'source ~/diffvim/plugin/diffvim.vim' >> ~/.vimrc"
gitanim_history,4625efa4/ADOPTION_GUIDE.md,7,word_replace,1,1,68,51,0.7,0,0,"@@ -360,7 +360,7 @@ animates, and `:q` quits. It's a viewer, not an editor."
gitanim_history,4625efa4/ADOPTION_GUIDE.md,8,block_modify,2,2,131,109,0.667,0,0,"@@ -400,12 +400,12 @@ Week 1 — Install and first runs"
gitanim_history,4625efa4/ADOPTION_GUIDE.md,9,word_replace,1,1,38,33,0.667,0,0,"@@ -425,7 +425,7 @@ When every box is checked, diffvim is part of your team's DNA."
gitanim_history,4625efa4/ADOPTION_GUIDE.md,10,word_replace,1,1,73,56,0.667,0,0,"@@ -440,7 +440,7 @@ When every box is checked, diffvim is part of your team's DNA."
gitanim_history,4625efa4/AI_CODE_DIFFING.md,0,literal_replace,1,1,322,309,0.821,0,0,"@@ -352,4 +352,4 @@ keep 32"
gitanim_history,4625efa4/ANIMATOR_REQUIREMENTS.md,0,word_replace,1,1,54,38,0.429,0,0,"@@ -1,4 +1,4 @@"
gitanim_history,4625efa4/ANIMATOR_REQUIREMENTS.md,1,word_replace,1,1,66,50,0.556,0,0,"@@ -42,7 +42,7 @@ fundamental limitations that cannot be fixed within the vim buffer model:"
gitanim_history,4625efa4/ANIMATOR_REQUIREMENTS.md,2,word_replace,1,1,57,52,0.625,0,0,"@@ -111,7 +111,7 @@ old.py + new.py"
gitanim_history,4625efa4/ANIMATOR_REQUIREMENTS.md,3,word_replace,1,1,39,34,0.5,0,0,"@@ -120,7 +120,7 @@ old.py + new.py"
gitanim_history,4625efa4/ANIMATOR_REQUIREMENTS.md,4,word_replace,1,1,38,39,0.5,0,0,"@@ -139,7 +139,7 @@ old.py + new.py"
gitanim_history,4625efa4/ANIMATOR_REQUIREMENTS.md,5,word_replace,1,1,40,24,0.429,0,0,"@@ -170,7 +170,7 @@ old.py + new.py"
gitanim_history,4625efa4/ANIMATOR_REQUIREMENTS.md,6,block_modify,5,5,206,172,0.522,0,0,"@@ -219,11 +219,11 @@ beforehand and produces a timed op stream. This means:"
gitanim_history,4625efa4/ANIMATOR_REQUIREMENTS.md,7,block_replace,4,4,170,145,0.375,0,0,"@@ -326,10 +326,10 @@ three are fast enough."
gitanim_history,4625efa4/ANIMATOR_REQUIREMENTS.md,8,word_replace,1,1,67,68,0.667,0,0,"@@ -388,7 +388,7 @@ and pacing instructions."
gitanim_history,4625efa4/ANIMATOR_REQUIREMENTS.md,9,word_replace,1,1,44,28,0.429,0,0,"@@ -431,7 +431,7 @@ round-trip testing: snapshot after all ops should match the new file."
gitanim_history,4625efa4/ANIMATOR_REQUIREMENTS.md,10,word_replace,1,1,57,52,0.625,0,0,"@@ -486,7 +486,7 @@ buffer at startup."
gitanim_history,4625efa4/ANIMATOR_REQUIREMENTS.md,11,block_modify,3,3,120,101,0.571,0,0,"@@ -500,9 +500,9 @@ write transformed ops to stdout."
gitanim_history,4625efa4/ANIMATOR_REQUIREMENTS.md,12,word_replace,1,1,41,42,0.571,0,0,"@@ -514,7 +514,7 @@ removed in the refactor.)"
gitanim_history,4625efa4/ANIMATOR_REQUIREMENTS.md,13,block_modify,8,8,452,381,0.714,0,0,"@@ -604,22 +604,22 @@ op stream."
gitanim_history,4625efa4/ANIMATOR_REQUIREMENTS.md,14,word_replace,1,1,55,50,0.5,0,0,"@@ -652,7 +652,7 @@ Other:"
gitanim_history,4625efa4/ANIMATOR_REQUIREMENTS.md,15,word_replace,1,1,50,51,0.5,0,0,"@@ -663,7 +663,7 @@ diffvim-postprocess [options]  < raw_ops  > ordered_ops"
gitanim_history,4625efa4/ANIMATOR_REQUIREMENTS.md,16,line_replace,1,1,19,3,0.0,0,0,"@@ -717,7 +717,7 @@ Each tool is tested independently:"
gitanim_history,4625efa4/ANIMATOR_REQUIREMENTS.md,17,block_replace,6,6,173,105,0.2,0,0,"@@ -747,14 +747,14 @@ diffvim-animator-c/"
gitanim_history,4625efa4/ANIMATOR_REQUIREMENTS.md,18,block_modify,2,2,110,106,0.545,0,0,"@@ -781,8 +781,8 @@ diffvim-animator-c/"
gitanim_history,4625efa4/API_REFERENCE.md,0,block_modify,2,2,86,68,0.5,0,0,"@@ -23,9 +23,9 @@ done"
gitanim_history,4625efa4/API_REFERENCE.md,1,block_modify,2,2,80,70,0.5,0,0,"@@ -36,9 +36,9 @@ diffvim-compute-cpp <oldfile> <newfile> <outputfile> [options]"
gitanim_history,4625efa4/API_REFERENCE.md,2,block_modify,2,2,68,70,0.5,0,0,"@@ -51,9 +51,9 @@ diffvim-postprocess [options] < raw_ops > positioned_ops"
gitanim_history,4625efa4/API_REFERENCE.md,3,block_replace,2,2,73,41,0.429,0,0,"@@ -64,9 +64,9 @@ diffvim-pace [options] < positioned_ops > timed_ops"
gitanim_history,4625efa4/API_REFERENCE.md,4,block_modify,7,7,333,278,0.526,0,0,"@@ -81,14 +81,14 @@ diffvim-animator-c [options] <oldfile> < timed_ops"
gitanim_history,4625efa4/API_REFERENCE.md,5,block_modify,2,2,118,108,0.636,0,0,"@@ -104,8 +104,8 @@ diffvim-colorize [--backend vim|pygmentize|none] [--lang LANG] FILE OUTPUT"
gitanim_history,4625efa4/ARCHITECTURE_ANALYSIS.md,0,block_modify,4,4,720,698,0.904,0,0,"@@ -14,11 +14,11 @@ The `diffvim` bash launcher embeds a 3,064-line vimscript engine (`autoload/diff"
gitanim_history,4625efa4/ARCHITECTURE_ANALYSIS.md,1,literal_replace,1,1,200,212,0.966,0,0,"@@ -29,7 +29,7 @@ Add a `--precomputed-pipeline FILE` mode to `diffvim` that:"
gitanim_history,4625efa4/ARCHITECTURE_ANALYSIS.md,2,word_replace,1,1,42,37,0.5,0,0,"@@ -79,7 +79,7 @@ But once we do item #1 above (move postprocess+pace out of vim), the vimscript e"
gitanim_history,4625efa4/ARCHITECTURE_ANALYSIS.md,3,word_replace,1,1,42,37,0.571,0,0,"@@ -106,7 +106,7 @@ Each is a transformation pass over the op stream. They run sequentially inside o"
gitanim_history,4625efa4/ARCHITECTURE_ANALYSIS.md,4,literal_replace,1,1,60,55,0.8,0,0,"@@ -175,7 +175,7 @@ void read_input(void) {"
gitanim_history,4625efa4/ARCHITECTURE_DIAGRAMS.md,0,block_replace,3,3,142,129,0.2,0,0,"@@ -22,17 +22,17 @@"
gitanim_history,4625efa4/ARCHITECTURE_DIAGRAMS.md,1,word_replace,1,1,48,32,0.4,0,0,"@@ -40,7 +40,7 @@ new.py ──┘                              │"
gitanim_history,4625efa4/ARCHITECTURE_DIAGRAMS.md,2,block_replace,2,2,79,58,0.0,0,0,"@@ -60,13 +60,13 @@ old.py ──────────────────────┼─"
gitanim_history,4625efa4/COMPLETE_OPTIONS_REFERENCE.md,0,block_modify,2,2,109,77,0.636,0,0,"@@ -381,13 +381,13 @@ diffvim --bell old.py new.py"
gitanim_history,4625efa4/COMPLETE_OPTIONS_REFERENCE.md,1,word_replace,1,1,97,81,0.6,0,0,"@@ -404,7 +404,7 @@ perl animator/perl/colorize.pl old.py > old.colormap"
gitanim_history,4625efa4/COMPLETE_OPTIONS_REFERENCE.md,2,word_replace,1,1,97,81,0.6,0,0,"@@ -412,7 +412,7 @@ Load ANSI-colored lines for the new file. Modified lines (lines"
gitanim_history,4625efa4/COMPLETE_OPTIONS_REFERENCE.md,3,block_modify,2,2,105,95,0.667,0,0,"@@ -435,9 +435,9 @@ bat --color=always --plain --paging=never old.py > old.colormap"
gitanim_history,4625efa4/COMPLETE_OPTIONS_REFERENCE.md,4,word_replace,1,1,55,50,0.5,0,0,"@@ -552,7 +552,7 @@ diffvim --delete-pacing flash --flash-pause-ms 500 --flash-highlight-ms 400 old."
gitanim_history,4625efa4/CONFIGURATION.md,0,block_modify,8,8,679,639,0.61,0,0,"@@ -14,14 +14,14 @@ variables. These control the animation speed and feel."
gitanim_history,4625efa4/CONFIGURATION.md,1,word_replace,1,1,36,31,0.333,0,0,"@@ -31,7 +31,7 @@ variables. These control the animation speed and feel."
gitanim_history,4625efa4/CONFIGURATION.md,2,word_replace,1,1,42,37,0.333,0,0,"@@ -43,7 +43,7 @@ Only used by `diffvim-tmux` and `diffvim.pl`. The `diffvim`"
gitanim_history,4625efa4/CONFIGURATION.md,3,block_replace,4,4,174,154,0.111,0,0,"@@ -51,24 +51,24 @@ characters appear when typing."
gitanim_history,4625efa4/CONFIGURATION.md,4,word_replace,1,1,43,38,0.333,0,0,"@@ -85,7 +85,7 @@ feels like a larger visual jump."
gitanim_history,4625efa4/CONFIGURATION.md,5,literal_replace,1,1,70,65,0.8,0,0,"@@ -96,7 +96,7 @@ cursor starts moving to the next location."
gitanim_history,4625efa4/CONFIGURATION.md,6,block_replace,21,21,760,635,0.125,0,0,"@@ -162,42 +162,42 @@ override these values if set."
gitanim_history,4625efa4/CONFIGURATION.md,7,block_modify,4,4,145,125,0.538,0,0,"@@ -367,12 +367,12 @@ This is the known race condition in `diffvim-tmux` and `diffvim.pl`."
gitanim_history,4625efa4/CONFIGURATION.md,8,literal_replace,1,1,322,309,0.821,0,0,"@@ -388,4 +388,4 @@ rm /path/to/.filename.swp"
gitanim_history,4625efa4/CONTROLS.md,0,literal_replace,1,1,322,309,0.821,0,0,"@@ -281,4 +281,4 @@ script and change the `nnoremap` lines."
gitanim_history,4625efa4/DEBUGGING.md,0,block_modify,5,5,317,317,0.935,0,0,"@@ -14,13 +14,13 @@ bash scripts/dv_debug.sh <oldfile> <newfile>"
gitanim_history,4625efa4/DEBUGGING.md,1,line_replace,1,1,91,62,0.0,0,0,"@@ -29,7 +29,7 @@ stage files to `/tmp/dv_debug/` so you can inspect them:"
gitanim_history,4625efa4/DEBUGGING.md,2,block_modify,3,3,162,119,0.75,0,0,"@@ -43,15 +43,15 @@ for details on what the postprocess does."
gitanim_history,4625efa4/DEBUGGING.md,3,block_modify,3,3,192,159,0.769,0,0,"@@ -76,15 +76,15 @@ HUNK_END"
gitanim_history,4625efa4/DEBUGGING.md,4,block_modify,3,3,176,161,0.786,0,0,"@@ -107,16 +107,16 @@ HUNK_END"
gitanim_history,4625efa4/DEBUGGING.md,5,block_modify,3,3,195,129,0.786,0,0,"@@ -144,16 +144,16 @@ HUNK    ..."
gitanim_history,4625efa4/DEBUGGING.md,6,block_modify,3,3,140,140,0.8,0,0,"@@ -187,15 +187,15 @@ OLD: old"
gitanim_history,4625efa4/DEBUGGING.md,7,block_modify,9,9,382,382,0.939,0,0,"@@ -211,36 +211,36 @@ Actual (animator output):"
gitanim_history,4625efa4/DEBUGGING.md,8,block_modify,3,3,226,225,0.789,0,0,"@@ -252,9 +252,9 @@ or in the format spec; if they differ, the bug is in one of them."
gitanim_history,4625efa4/DEBUGGING.md,9,literal_replace,1,1,62,74,1.0,0,0,"@@ -264,7 +264,7 @@ The `./diffvim old new` launcher uses the vimscript animator. To"
gitanim_history,4625efa4/DEBUGGING.md,10,block_modify,2,2,61,61,0.75,0,0,"@@ -326,8 +326,8 @@ The key sanity checks:"
gitanim_history,4625efa4/DEBUGGING.md,11,literal_replace,1,1,53,65,1.0,0,0,"@@ -349,7 +349,7 @@ what each transformation should look like."
gitanim_history,4625efa4/DEBUGGING.md,12,block_modify,2,2,140,164,0.9,0,0,"@@ -359,8 +359,8 @@ launcher's pipeline setup, not the animator."
gitanim_history,4625efa4/DEBUGGING.md,13,block_modify,3,3,185,132,0.667,0,0,"@@ -381,9 +381,9 @@ a `git pull`, you must rebuild:"
gitanim_history,4625efa4/DEBUGGING_LAYERS.md,0,block_modify,7,7,445,453,0.708,0,0,"@@ -8,22 +8,22 @@ standalone layer binaries and the bash orchestrator."
gitanim_history,4625efa4/DEBUGGING_LAYERS.md,1,block_modify,5,5,347,318,0.552,0,0,"@@ -32,28 +32,28 @@ The bash orchestrator (`animator/bin/diffvim-postprocess`) chains them."
gitanim_history,4625efa4/DEBUGGING_LAYERS.md,2,block_modify,3,3,150,139,0.579,0,0,"@@ -61,9 +61,9 @@ diff <(cat input.txt | grep -v '^#') <(pp_layer1 < input.txt | grep -v '^#')"
gitanim_history,4625efa4/DEBUGGING_LAYERS.md,3,word_replace,1,1,64,48,0.636,0,0,"@@ -84,7 +84,7 @@ awk '/^(keep|delete|insert|overwrite_insert)\t/ {"
gitanim_history,4625efa4/DEBUGGING_LAYERS.md,4,block_modify,3,3,148,142,0.7,0,0,"@@ -95,11 +95,11 @@ done"
gitanim_history,4625efa4/DEBUGGING_LAYERS.md,5,word_replace,1,1,21,25,0.5,0,0,"@@ -109,7 +109,7 @@ If only one hunk is broken, extract it:"
gitanim_history,4625efa4/DEBUGGING_LAYERS.md,6,block_modify,8,8,461,428,0.559,0,0,"@@ -120,19 +120,19 @@ content ops' columns may be wrong."
gitanim_history,4625efa4/DEBUGGING_LAYERS.md,7,word_replace,1,1,37,43,0.6,0,0,"@@ -146,7 +146,7 @@ op has wrong positions."
gitanim_history,4625efa4/DEBUGGING_LAYERS.md,8,block_modify,2,2,127,135,0.895,0,0,"@@ -154,9 +154,9 @@ diff <(grep -v '^#' raw.txt) <(grep -v '^#' after_ow.txt)"
gitanim_history,4625efa4/DESIGN_smooth_cursor_and_distance_speed.md,0,block_modify,3,3,188,170,0.947,0,0,"@@ -68,9 +68,9 @@ line. If so, insert glide frames before processing the next op."
gitanim_history,4625efa4/DESIGN_smooth_cursor_and_distance_speed.md,1,literal_replace,1,1,60,54,0.889,0,0,"@@ -139,7 +139,7 @@ them."
gitanim_history,4625efa4/DEVELOPER_GUIDE.md,0,word_replace,1,1,86,76,0.625,0,0,"@@ -15,7 +15,7 @@ layout, development workflow, and how to extend the project."
gitanim_history,4625efa4/DEVELOPER_GUIDE.md,1,word_replace,1,1,59,54,0.714,0,0,"@@ -39,7 +39,7 @@ The project has two modes:"
gitanim_history,4625efa4/DEVELOPER_GUIDE.md,2,block_modify,3,3,201,178,0.875,0,0,"@@ -93,10 +93,10 @@ gitanim/"
gitanim_history,4625efa4/DEVELOPER_GUIDE.md,3,word_replace,1,1,67,62,0.625,0,0,"@@ -109,7 +109,7 @@ gitanim/"
gitanim_history,4625efa4/DEVELOPER_GUIDE.md,4,literal_replace,1,1,67,79,0.857,0,0,"@@ -125,7 +125,7 @@ gitanim/"
gitanim_history,4625efa4/DEVELOPER_GUIDE.md,5,block_modify,6,6,334,345,0.741,0,0,"@@ -146,15 +146,15 @@ make -C compute"
gitanim_history,4625efa4/DEVELOPER_GUIDE.md,6,word_replace,1,1,44,35,0.333,0,0,"@@ -174,7 +174,7 @@ bash tests/verify_md5.sh"
gitanim_history,4625efa4/DEVELOPER_GUIDE.md,7,word_replace,1,1,45,36,0.556,0,0,"@@ -183,7 +183,7 @@ Uses the **Patience diff algorithm**: anchors on unique common lines,"
gitanim_history,4625efa4/DEVELOPER_GUIDE.md,8,word_replace,1,1,48,43,0.4,0,0,"@@ -197,7 +197,7 @@ delete <char_code>"
gitanim_history,4625efa4/DEVELOPER_GUIDE.md,9,block_modify,2,2,148,138,0.727,0,0,"@@ -213,9 +213,9 @@ Applies transformations:"
gitanim_history,4625efa4/DEVELOPER_GUIDE.md,10,word_replace,1,1,34,35,0.4,0,0,"@@ -226,7 +226,7 @@ newline_delete\t<line>"
gitanim_history,4625efa4/DEVELOPER_GUIDE.md,11,block_modify,2,2,148,133,0.706,0,0,"@@ -235,14 +235,14 @@ Adds timing and batching. Does NOT modify any op — only adds delays and"
gitanim_history,4625efa4/DEVELOPER_GUIDE.md,12,block_modify,2,2,81,71,0.667,0,0,"@@ -319,9 +319,9 @@ The vimscript animator avoids flashing by:"
gitanim_history,4625efa4/DEVELOPER_GUIDE.md,13,block_replace,6,6,257,207,0.471,0,0,"@@ -329,14 +329,14 @@ The `diffvim-pipeline` bash script:"
gitanim_history,4625efa4/DEVELOPER_GUIDE.md,14,word_replace,1,1,30,25,0.4,0,0,"@@ -368,7 +368,7 @@ diffvim-colorize [--backend vim|pygmentize|none] [--lang LANG] FILE OUTPUT"
gitanim_history,4625efa4/DEVELOPER_GUIDE.md,15,block_modify,3,3,199,230,0.765,0,0,"@@ -401,9 +401,9 @@ with the new file."
gitanim_history,4625efa4/DEVELOPER_GUIDE.md,16,block_modify,4,4,264,307,0.8,0,0,"@@ -427,13 +427,13 @@ perl tests/test_delete_pacing.pl"
gitanim_history,4625efa4/DEVELOPER_GUIDE.md,17,block_modify,2,2,161,168,0.85,0,0,"@@ -443,11 +443,11 @@ perl tests/test_delete_pacing.pl"
gitanim_history,4625efa4/DEVELOPER_GUIDE.md,18,typo_fix,1,1,83,81,0.867,0,0,"@@ -458,7 +458,7 @@ diffvim auto-detects language from file extension. To add a new one:"
gitanim_history,4625efa4/DEVELOPER_GUIDE.md,19,word_replace,1,1,73,68,0.625,0,0,"@@ -466,7 +466,7 @@ diffvim auto-detects language from file extension. To add a new one:"
gitanim_history,4625efa4/DEVELOPER_GUIDE.md,20,word_replace,1,1,28,35,0.333,0,0,"@@ -475,7 +475,7 @@ diffvim auto-detects language from file extension. To add a new one:"
gitanim_history,4625efa4/DEVELOPER_GUIDE.md,21,word_replace,1,1,78,79,0.667,0,0,"@@ -485,7 +485,7 @@ diffvim auto-detects language from file extension. To add a new one:"
gitanim_history,4625efa4/DEVELOPER_GUIDE.md,22,block_modify,11,11,684,597,0.773,0,0,"@@ -500,43 +500,43 @@ diffvim --debug old.py new.py"
gitanim_history,4625efa4/DEVELOPER_GUIDE.md,23,block_modify,3,3,208,192,0.783,0,0,"@@ -620,13 +620,13 @@ ignore this value — they process hunks as they arrive."
gitanim_history,4625efa4/DIFF_STUDY.md,0,literal_replace,1,1,91,115,0.857,0,0,"@@ -92,7 +92,7 @@ The `diffvim-compare` tool generates all combinations and prints a"
gitanim_history,4625efa4/DIFF_TOOL_REPLACEMENT.md,0,block_modify,2,2,101,83,0.733,0,0,"@@ -2,13 +2,13 @@"
gitanim_history,4625efa4/DIFF_TOOL_REPLACEMENT.md,1,word_replace,1,1,39,30,0.333,0,0,"@@ -28,7 +28,7 @@ insert <char_code>"
gitanim_history,4625efa4/DIFF_TOOL_REPLACEMENT.md,2,word_replace,1,1,39,30,0.333,0,0,"@@ -45,7 +45,7 @@ insert <char_code>"
gitanim_history,4625efa4/DIFF_TOOL_REPLACEMENT.md,3,block_modify,3,3,158,131,0.778,0,0,"@@ -62,17 +62,17 @@ insert <char_code>"
gitanim_history,4625efa4/DIFF_TOOL_REPLACEMENT.md,4,word_replace,1,1,37,28,0.429,0,0,"@@ -102,7 +102,7 @@ insert <char_code>"
gitanim_history,4625efa4/DIFF_TOOL_REPLACEMENT.md,5,word_replace,1,1,73,64,0.667,0,0,"@@ -111,7 +111,7 @@ insert <char_code>"
gitanim_history,4625efa4/FAQ.md,0,block_modify,2,2,102,92,0.833,0,0,"@@ -34,9 +34,9 @@ Or use `:DiffvimPick` in vim to interactively select a commit."
gitanim_history,4625efa4/FOLLOW_IMPROVEMENTS.md,0,literal_replace,1,1,322,309,0.821,0,0,"@@ -228,4 +228,4 @@ If we had to pick the top 10 to implement next, in order:"
gitanim_history,4625efa4/FORMATS.md,0,word_replace,1,1,79,70,0.692,0,0,"@@ -4,7 +4,7 @@ All intermediary files in the diffvim pipeline use **TSV (tab-separated values)*"
gitanim_history,4625efa4/FORMATS.md,1,literal_replace,1,1,116,111,0.824,0,0,"@@ -58,7 +58,7 @@ HUNK_END"
gitanim_history,4625efa4/FORMATS.md,2,typo_fix,1,1,171,172,0.893,0,0,"@@ -82,7 +82,7 @@ HUNK_END"
gitanim_history,4625efa4/GITLOGUE_COMPARISON.md,0,word_replace,1,1,83,74,0.667,0,0,"@@ -21,7 +21,7 @@"
gitanim_history,4625efa4/GITLOGUE_COMPARISON.md,1,block_replace,2,2,140,111,0.353,0,0,"@@ -85,8 +85,8 @@"
gitanim_history,4625efa4/LEFT_TO_RIGHT_ANALYSIS.md,0,word_replace,1,1,51,46,0.5,0,0,"@@ -23,7 +23,7 @@ NEW: abcdefXYZ"
gitanim_history,4625efa4/LEFT_TO_RIGHT_ANALYSIS.md,1,word_replace,1,1,71,66,0.714,0,0,"@@ -57,7 +57,7 @@ HUNK_END"
gitanim_history,4625efa4/LEFT_TO_RIGHT_ANALYSIS.md,2,block_modify,8,8,771,633,0.536,0,0,"@@ -120,17 +120,17 @@ printf 'abcXYZ\n' > /tmp/old.txt"
gitanim_history,4625efa4/LEFT_TO_RIGHT_ANALYSIS.md,3,block_modify,2,2,338,328,0.952,0,0,"@@ -138,9 +138,9 @@ echo ""Expected:""; cat /tmp/new.txt"
gitanim_history,4625efa4/LEFT_TO_RIGHT_ANALYSIS.md,4,literal_replace,1,1,105,100,0.833,0,0,"@@ -149,4 +149,4 @@ The `dv_debug.sh` script and `verify_md5.sh` set `DIFFVIM_LEFT_TO_RIGHT` to 0 (o"
gitanim_history,4625efa4/MULTI_FILE.md,0,word_replace,1,1,55,38,0.5,0,0,"@@ -82,7 +82,7 @@ for pair in ""${PAIRS[@]}""; do"
gitanim_history,4625efa4/MULTI_FILE.md,1,word_replace,1,1,57,40,0.5,0,0,"@@ -114,7 +114,7 @@ for pair in ""${PAIRS[@]}""; do"
gitanim_history,4625efa4/NEW_FEATURES.md,0,word_replace,1,1,87,82,0.727,0,0,"@@ -23,7 +23,7 @@ updated (no full re-render — faster for large distances)."
gitanim_history,4625efa4/NEW_FEATURES.md,1,block_modify,2,2,93,83,0.615,0,0,"@@ -71,10 +71,10 @@ on the line, the transform is a no-op."
gitanim_history,4625efa4/NEW_FEATURES.md,2,block_modify,2,2,174,164,0.867,0,0,"@@ -147,14 +147,14 @@ colors as the animation progresses."
gitanim_history,4625efa4/NEXT_SESSION.md,0,block_modify,4,4,290,261,0.706,0,0,"@@ -18,13 +18,13 @@ handles the animate stage."
gitanim_history,4625efa4/NEXT_SESSION.md,1,block_modify,3,3,199,230,0.765,0,0,"@@ -60,9 +60,9 @@ compute (C++ Patience diff) → postprocess (C/Perl) → pace (C/Perl) → anima"
gitanim_history,4625efa4/NEXT_SESSION.md,2,block_modify,8,8,554,437,0.727,0,0,"@@ -72,18 +72,18 @@ perl animator/tests/test_roundtrip.pl"
gitanim_history,4625efa4/NON_CHAR_OPTIONS.md,0,word_replace,1,1,54,49,0.714,0,0,"@@ -232,7 +232,7 @@ boring the viewer with uniform deletion."
gitanim_history,4625efa4/OPTIONS_ANALYSIS.md,0,word_replace,1,1,71,54,0.636,0,0,"@@ -154,7 +154,7 @@ delays."
gitanim_history,4625efa4/OPTIONS_OVERVIEW.md,0,word_replace,1,1,65,60,0.714,0,0,"@@ -241,7 +241,7 @@ op count as Patience.)"
gitanim_history,4625efa4/OPTION_ANALYSIS.md,0,word_replace,1,1,49,40,0.625,0,0,"@@ -4,7 +4,7 @@"
gitanim_history,4625efa4/OPTION_AUDIT.md,0,word_replace,1,1,61,56,0.714,0,0,"@@ -25,7 +25,7 @@ NOT compute, postprocess, or pace — those are done externally."
gitanim_history,4625efa4/OPTION_COMBINATIONS.md,0,block_modify,2,2,167,157,0.786,0,0,"@@ -111,8 +111,8 @@ diffvim --indent-aware --indent-last --overwrite old.py new.py"
gitanim_history,4625efa4/PARALLEL_COMPUTE.md,0,word_replace,1,1,61,44,0.6,0,0,"@@ -27,7 +27,7 @@ compute tool to finish before loading the precomputed file?**"
gitanim_history,4625efa4/PARALLEL_COMPUTE.md,1,word_replace,1,1,62,45,0.6,0,0,"@@ -59,7 +59,7 @@ hangs until timeout."
gitanim_history,4625efa4/PARALLEL_COMPUTE.md,2,word_replace,1,1,100,83,0.6,0,0,"@@ -82,7 +82,7 @@ in vimscript."
gitanim_history,4625efa4/PARALLEL_COMPUTE.md,3,word_replace,1,1,65,48,0.6,0,0,"@@ -115,7 +115,7 @@ WORKDIR=$(mktemp -d); trap 'rm -rf ""$WORKDIR""' EXIT"
gitanim_history,4625efa4/PER_LAYER_ADJUSTMENT_REQUIREMENTS.md,0,block_modify,2,2,377,345,0.932,0,0,"@@ -38,12 +38,12 @@ These layers need their own adjustment. The principle: the layer knows what it m"
gitanim_history,4625efa4/PER_LAYER_ADJUSTMENT_REQUIREMENTS.md,1,word_replace,1,1,85,69,0.667,0,0,"@@ -137,7 +137,7 @@ Apply the output ops to the old file → write the resulting buffer to FILE. Thi"
gitanim_history,4625efa4/PER_LAYER_ADJUSTMENT_REQUIREMENTS.md,2,block_modify,4,4,224,246,0.5,0,0,"@@ -316,10 +316,10 @@ cat > ""$OPS_FILE"""
gitanim_history,4625efa4/PER_LAYER_ADJUSTMENT_REQUIREMENTS.md,3,line_replace,1,1,70,92,0.111,0,0,"@@ -382,7 +382,7 @@ A test script that runs all possible combinations of layers and verifies the inv"
gitanim_history,4625efa4/PER_LAYER_ADJUSTMENT_REQUIREMENTS.md,4,block_modify,3,3,162,178,0.571,0,0,"@@ -419,12 +419,12 @@ $ pp-debug old.py new.py raw_ops.txt"
gitanim_history,4625efa4/PER_LAYER_ADJUSTMENT_REQUIREMENTS.md,5,block_replace,2,2,30,40,0.2,0,0,"@@ -445,10 +445,10 @@ pp-debug --script /tmp/debug_session.txt old.py new.py raw_ops.txt"
gitanim_history,4625efa4/PER_LAYER_ADJUSTMENT_REQUIREMENTS.md,6,literal_replace,1,1,175,159,0.889,0,0,"@@ -488,7 +488,7 @@ No C code needed — it orchestrates existing tools (layer binaries, animator, d"
gitanim_history,4625efa4/PER_LAYER_ADJUSTMENT_REQUIREMENTS.md,7,block_modify,2,2,140,152,0.692,0,0,"@@ -508,8 +508,8 @@ Debug flags are set per-layer (when running standalone) and at the orchestrator"
gitanim_history,4625efa4/PICKER.md,0,word_replace,1,1,41,36,0.4,0,0,"@@ -79,7 +79,7 @@ the range that touched the file, then animates each transition"
gitanim_history,4625efa4/PICKER.md,1,word_replace,1,1,36,31,0.571,0,0,"@@ -89,7 +89,7 @@ To animate a git commit diff:"
gitanim_history,4625efa4/PICKER.md,2,word_replace,1,1,44,39,0.5,0,0,"@@ -98,7 +98,7 @@ Or as a shell function:"
gitanim_history,4625efa4/PIPELINE.md,0,block_modify,3,3,184,157,0.8,0,0,"@@ -13,9 +13,9 @@ the data closer to what the viewer sees on screen."
gitanim_history,4625efa4/PIPELINE.md,1,word_replace,1,1,55,41,0.5,0,0,"@@ -62,7 +62,7 @@ Char codes are Unicode code points (10 = newline)."
gitanim_history,4625efa4/PIPELINE.md,2,word_replace,1,1,48,40,0.5,0,0,"@@ -96,7 +96,7 @@ refactor, also owns cursor positioning so the animator is scroll-safe."
gitanim_history,4625efa4/PIPELINE.md,3,word_replace,1,1,32,33,0.4,0,0,"@@ -133,7 +133,7 @@ pace passes positions through untouched."
gitanim_history,4625efa4/PIPELINE.md,4,block_modify,2,2,122,91,0.75,0,0,"@@ -161,11 +161,11 @@ cursor to the position carried by the next op before applying it."
gitanim_history,4625efa4/PIPELINE.md,5,block_modify,3,3,167,165,0.65,0,0,"@@ -227,14 +227,14 @@ gitanim/"
gitanim_history,4625efa4/PIPELINE_DECORATE_ANALYSIS.md,0,block_modify,2,2,100,104,0.727,0,0,"@@ -143,10 +143,10 @@ Both renderers share the same op stream, same semantics."
gitanim_history,4625efa4/PIPELINE_DECORATE_ANALYSIS.md,1,word_replace,1,1,56,58,0.571,0,0,"@@ -188,7 +188,7 @@ The bash launcher runs decorate between pace and the renderer."
gitanim_history,4625efa4/POSTPROCESS_LAYERS.md,0,block_modify,2,2,78,86,0.556,0,0,"@@ -11,10 +11,10 @@ fixes `(line, col)` based on `\n` deletes."
gitanim_history,4625efa4/POSTPROCESS_LAYERS.md,1,block_modify,5,5,340,362,0.692,0,0,"@@ -34,15 +34,15 @@ postprocess output (V2 TSV)"
gitanim_history,4625efa4/POSTPROCESS_LAYERS.md,2,block_modify,16,16,867,879,0.617,0,0,"@@ -51,49 +51,49 @@ postprocess output (V2 TSV)"
gitanim_history,4625efa4/POSTPROCESS_OPERATIONS.md,0,literal_replace,1,1,75,70,0.833,0,0,"@@ -2,7 +2,7 @@"
gitanim_history,4625efa4/POSTPROCESS_OPTIONS.md,0,word_replace,1,1,70,65,0.75,0,0,"@@ -1,6 +1,6 @@"
gitanim_history,4625efa4/POSTPROCESS_OPTIONS.md,1,word_replace,1,1,63,58,0.714,0,0,"@@ -53,7 +53,7 @@ line) as keeps instead of delete+insert."
gitanim_history,4625efa4/POSTPROCESS_OPTIONS.md,2,literal_replace,1,1,90,85,0.8,0,0,"@@ -85,7 +85,7 @@ in order. Available transforms:"
gitanim_history,4625efa4/POSTPROCESS_PIPELINE.md,0,word_replace,1,1,29,33,0.5,0,0,"@@ -40,7 +40,7 @@ compute output (raw V2 TSV, read directly from stdin)"
gitanim_history,4625efa4/POSTPROCESS_PIPELINE.md,1,block_modify,8,8,396,418,0.659,0,0,"@@ -85,30 +85,30 @@ postprocess output (V2 TSV to stdout)"
gitanim_history,4625efa4/POSTPROCESS_REDESIGN.md,0,word_replace,1,1,75,83,0.556,0,0,"@@ -1,7 +1,7 @@"
gitanim_history,4625efa4/POSTPROCESS_REDESIGN.md,1,word_replace,1,1,44,39,0.667,0,0,"@@ -57,7 +57,7 @@ wrong, you have to add `fprintf(stderr, ...)` calls and recompile."
gitanim_history,4625efa4/POSTPROCESS_REDESIGN.md,2,literal_replace,1,1,72,76,0.818,0,0,"@@ -127,7 +127,7 @@ compute output (raw ops)"
gitanim_history,4625efa4/POSTPROCESS_REDESIGN.md,3,block_modify,2,2,119,114,0.75,0,0,"@@ -140,8 +140,8 @@ postprocess output (V2 TSV)"
gitanim_history,4625efa4/POSTPROCESS_REDESIGN.md,4,block_modify,2,2,80,75,0.692,0,0,"@@ -269,11 +269,11 @@ is applied to the next hunk's ops before `adjust_positions` runs."
gitanim_history,4625efa4/POSTPROCESS_REDESIGN.md,5,word_replace,1,1,43,38,0.6,0,0,"@@ -379,7 +379,7 @@ adjacent same-position pairs."
gitanim_history,4625efa4/POSTPROCESS_REDESIGN.md,6,block_modify,5,5,297,319,0.739,0,0,"@@ -399,19 +399,19 @@ ordering, don't re-add a patch."
gitanim_history,4625efa4/POSTPROCESS_REDESIGN.md,7,line_replace,1,1,72,92,0.222,0,0,"@@ -425,7 +425,7 @@ postprocess.c:"
gitanim_history,4625efa4/POSTPROCESS_TRANSFORMS.md,0,word_replace,1,1,64,59,0.778,0,0,"@@ -1,6 +1,6 @@"
gitanim_history,4625efa4/POSTPROCESS_TRANSFORMS.md,1,typo_fix,1,1,63,63,0.818,0,0,"@@ -299,7 +299,7 @@ bash scripts/dv_debug.sh tests/minimal/15_join_two_lines/old \"
gitanim_history,4625efa4/PP_LAYER_DELETE_LINE_FIRST.md,0,word_replace,1,1,51,55,0.333,0,0,"@@ -1,6 +1,6 @@"
gitanim_history,4625efa4/PP_LAYER_DELETE_LINE_FIRST.md,1,block_modify,3,3,130,124,0.538,0,0,"@@ -67,10 +67,10 @@ Works for any number of consecutive line deletions."
gitanim_history,4625efa4/PP_LAYER_OVERWRITE.md,0,block_replace,2,2,83,84,0.4,0,0,"@@ -1,7 +1,7 @@"
gitanim_history,4625efa4/PP_LAYER_OVERWRITE.md,1,block_modify,8,8,509,497,0.761,0,0,"@@ -51,23 +51,23 @@ Debug ops are ignored by all other layers and the animator."
gitanim_history,4625efa4/PP_LAYER_OVERWRITE.md,2,word_replace,1,1,40,44,0.714,0,0,"@@ -99,6 +99,6 @@ bash tests/test_overwrite_layer.sh"
gitanim_history,4625efa4/REQUIREMENTS.md,0,block_modify,2,2,155,133,0.762,0,0,"@@ -70,8 +70,8 @@ the only one that supports all unified option selectors."
gitanim_history,4625efa4/REQUIREMENTS.md,1,word_replace,1,1,64,47,0.5,0,0,"@@ -167,7 +167,7 @@ diffvim [options] <oldfile> <newfile>"
gitanim_history,4625efa4/REQUIREMENTS.md,2,block_modify,2,2,143,137,0.81,0,0,"@@ -181,8 +181,8 @@ diffvim --precomputed FILE <oldfile> <newfile>"
gitanim_history,4625efa4/REQUIREMENTS.md,3,word_replace,1,1,66,61,0.778,0,0,"@@ -500,7 +500,7 @@ The application SHALL support four named presets:"
gitanim_history,4625efa4/REQUIREMENTS.md,4,block_replace,3,3,189,154,0.222,0,0,"@@ -641,9 +641,9 @@ before exporting them to vim."
gitanim_history,4625efa4/REQUIREMENTS.md,5,block_replace,7,7,414,379,0.364,0,0,"@@ -867,13 +867,13 @@ HUNK 2 (del=1 ins=1)"
gitanim_history,4625efa4/REQUIREMENTS.md,6,word_replace,1,1,71,66,0.714,0,0,"@@ -1040,7 +1040,7 @@ gitanim/"
gitanim_history,4625efa4/REQUIREMENTS.md,7,word_replace,1,1,59,54,0.5,0,0,"@@ -1051,7 +1051,7 @@ gitanim/"
gitanim_history,4625efa4/REQUIREMENTS.md,8,literal_replace,1,1,75,87,0.833,0,0,"@@ -1090,7 +1090,7 @@ gitanim/"
gitanim_history,4625efa4/TUNE_INTERFACE_ANALYSIS.md,0,block_modify,3,3,240,201,0.609,0,0,"@@ -14,9 +14,9 @@ Currently this workflow is:"
gitanim_history,4625efa4/USER_REQUESTS.md,0,word_replace,1,1,71,66,0.778,0,0,"@@ -273,7 +273,7 @@ extensive documentation."
gitanim_history,4625efa4/USER_REQUESTS.md,1,word_replace,1,1,53,44,0.5,0,0,"@@ -304,7 +304,7 @@ extensive documentation."
gitanim_history,4625efa4/VISUAL_GUIDE.md,0,word_replace,1,1,69,56,0.667,0,0,"@@ -308,7 +308,7 @@ Patience becomes slow."
gitanim_history,4625efa4/VISUAL_GUIDE.md,1,line_replace,1,1,67,58,0.25,0,0,"@@ -318,7 +318,7 @@ Patience becomes slow."
gitanim_history,4625efa4/VISUAL_GUIDE.md,2,block_modify,2,2,148,126,0.75,0,0,"@@ -329,9 +329,9 @@ Patience becomes slow."
gitanim_history,4625efa4/VISUAL_GUIDE.md,3,block_modify,3,3,154,139,0.5,0,0,"@@ -361,9 +361,9 @@ cubic acceleration:"
gitanim_history,4625efa4/VISUAL_GUIDE.md,4,word_replace,1,1,69,64,0.778,0,0,"@@ -470,7 +470,7 @@ for common use cases."
gitanim_history,4625efa4/VISUAL_GUIDE.md,5,word_replace,1,1,86,81,0.714,0,0,"@@ -638,7 +638,7 @@ Shorthand: `diffvim --git-rev HEAD~5..HEAD main.py`."
gitanim_history,4625efa4/architecture.md,0,literal_replace,1,1,322,309,0.821,0,0,"@@ -92,4 +92,4 @@ Same architecture as diffvim-tmux but written in Perl with:"
gitanim_history,4625efa4/compute.md,0,word_replace,1,1,67,62,0.75,0,0,"@@ -12,7 +12,7 @@ vimscript engine, but compiled to native code. It is 10-100x faster."
gitanim_history,4625efa4/compute.md,1,block_modify,4,4,264,228,0.8,0,0,"@@ -22,16 +22,16 @@ vimscript engine, but compiled to native code. It is 10-100x faster."
gitanim_history,4625efa4/compute.md,2,block_modify,5,5,365,275,0.889,0,0,"@@ -39,20 +39,20 @@ is present they pre-compute before launching vim, so the manual"
gitanim_history,4625efa4/compute.md,3,block_modify,2,2,169,159,0.733,0,0,"@@ -83,8 +83,8 @@ produces the same op count as patience."
gitanim_history,4625efa4/compute.md,4,block_modify,3,3,193,154,0.8,0,0,"@@ -130,17 +130,17 @@ compute: 12.3 ms (total)"
gitanim_history,4625efa4/compute.md,5,block_modify,2,2,118,99,0.667,0,0,"@@ -155,14 +155,14 @@ On a 1000-line Python file with ~200 changed lines:"
gitanim_history,4625efa4/configuration.md,0,block_modify,8,8,567,527,0.61,0,0,"@@ -7,14 +7,14 @@ options override environment variables, which override built-in defaults."
gitanim_history,4625efa4/configuration.md,1,block_replace,18,18,589,499,0.077,0,0,"@@ -29,34 +29,34 @@ options override environment variables, which override built-in defaults."
gitanim_history,4625efa4/configuration.md,2,literal_replace,1,1,322,309,0.821,0,0,"@@ -98,4 +98,4 @@ tmux set-option -g escape-time 50"
gitanim_history,4625efa4/controls.md,0,literal_replace,1,1,322,309,0.821,0,0,"@@ -61,4 +61,4 @@ This shows:"
gitanim_history,4625efa4/examples.md,0,literal_replace,1,1,71,83,0.917,0,0,"@@ -1,6 +1,6 @@"
gitanim_history,4625efa4/examples.md,1,literal_replace,1,1,71,95,0.833,0,0,"@@ -8,7 +8,7 @@ directory:"
gitanim_history,4625efa4/examples.md,2,literal_replace,1,1,71,95,0.833,0,0,"@@ -17,7 +17,7 @@ A data processor module refactored with type hints, dataclasses, and"
gitanim_history,4625efa4/examples.md,3,literal_replace,1,1,73,97,0.833,0,0,"@@ -25,7 +25,7 @@ diffvim examples/02_large_python/old.py examples/02_large_python/new.py"
gitanim_history,4625efa4/examples.md,4,literal_replace,1,1,71,95,0.833,0,0,"@@ -34,7 +34,7 @@ An init.d-style script improved with proper error handling, logging, and"
gitanim_history,4625efa4/examples.md,5,literal_replace,1,1,61,85,0.833,0,0,"@@ -43,7 +43,7 @@ A simple HTTP handler expanded with graceful shutdown, health checks,"
gitanim_history,4625efa4/examples.md,6,literal_replace,1,1,67,91,0.833,0,0,"@@ -52,7 +52,7 @@ A UserService class expanded with Map-based storage, update/delete methods,"
gitanim_history,4625efa4/examples.md,7,literal_replace,1,1,69,93,0.833,0,0,"@@ -60,7 +60,7 @@ diffvim examples/06_typescript/old.ts examples/06_typescript/new.ts"
gitanim_history,4625efa4/examples.md,8,block_modify,2,2,137,185,0.833,0,0,"@@ -69,8 +69,8 @@ Animate multiple file pairs in sequence:"
gitanim_history,4625efa4/examples.md,9,literal_replace,1,1,89,113,0.9,0,0,"@@ -96,7 +96,7 @@ diffvim --replay src/main.py src/utils.py"
gitanim_history,4625efa4/examples.md,10,literal_replace,1,1,322,309,0.821,0,0,"@@ -109,4 +109,4 @@ Inside an existing vim session:"
gitanim_history,4625efa4/git-integration.md,0,literal_replace,1,1,322,309,0.821,0,0,"@@ -76,4 +76,4 @@ diffvim --replay src/main.py src/utils.py src/config.py"
gitanim_history,4625efa4/installation.md,0,literal_replace,1,1,322,309,0.821,0,0,"@@ -86,4 +86,4 @@ diffvim-tmux --help"
gitanim_history,4625efa4/introduction.md,0,word_replace,1,1,59,42,0.636,0,0,"@@ -52,7 +52,7 @@ re-typed — surrounding text is never touched."
gitanim_history,4625efa4/manpages.md,0,word_replace,1,1,47,42,0.667,0,0,"@@ -3,7 +3,7 @@"
gitanim_history,4625efa4/manpages.md,1,word_replace,1,1,126,107,0.7,0,0,"@@ -13,7 +13,7 @@ from `man diffvim`, `man diffvim-compute`, etc."
gitanim_history,4625efa4/manpages.md,2,line_replace,1,1,19,14,0.25,0,0,"@@ -29,7 +29,7 @@ mandb --user-path"
gitanim_history,4625efa4/manpages.md,3,word_replace,1,1,28,23,0.4,0,0,"@@ -41,7 +41,7 @@ You can read the manpages directly from the source tree:"
gitanim_history,4625efa4/options.md,0,block_modify,2,2,138,124,0.889,0,0,"@@ -61,8 +61,8 @@ Use pre-computed diff from FILE (see `compute/` directory)."
gitanim_history,4625efa4/options.md,1,word_replace,1,1,53,48,0.667,0,0,"@@ -71,7 +71,7 @@ warning on stderr. (The `--tool` flag that used to select between"
gitanim_history,4625efa4/options.md,2,block_modify,6,6,473,443,0.571,0,0,"@@ -213,12 +213,12 @@ Core timing env vars:"
gitanim_history,4625efa4/options.md,3,word_replace,1,1,89,84,0.667,0,0,"@@ -236,7 +236,7 @@ Core timing env vars:"
gitanim_history,4625efa4/plugin-layers.md,0,literal_replace,1,1,73,68,0.8,0,0,"@@ -2,7 +2,7 @@"
gitanim_history,4625efa4/plugin-layers.md,1,block_modify,8,8,510,536,0.571,0,0,"@@ -12,20 +12,20 @@ how to add a layer in any language."
gitanim_history,4625efa4/plugin-layers.md,2,block_modify,2,2,107,88,0.6,0,0,"@@ -117,8 +117,8 @@ Fields (whitespace-separated):"
gitanim_history,4625efa4/plugin-layers.md,3,word_replace,1,1,67,53,0.6,0,0,"@@ -139,7 +139,7 @@ Change the `flag` column. (Users now invoke it with the new flag name.)"
gitanim_history,4625efa4/plugin-layers.md,4,block_modify,7,7,397,362,0.812,0,0,"@@ -156,25 +156,25 @@ Examples:"
gitanim_history,4625efa4/plugin-layers.md,5,word_replace,1,1,70,65,0.75,0,0,"@@ -197,7 +197,7 @@ diffvim --pp-foo old.py new.py"
gitanim_history,4625efa4/plugin-layers.md,6,block_replace,6,6,528,585,0.462,0,0,"@@ -206,12 +206,12 @@ Some layers have both a C implementation (preferred) and a Perl fallback:"
gitanim_history,4625efa4/plugin-layers.md,7,typo_fix,1,1,69,69,0.846,0,0,"@@ -220,7 +220,7 @@ implementations of the same layer must produce byte-identical output"
gitanim_history,4625efa4/plugin-layers.md,8,word_replace,1,1,65,60,0.667,0,0,"@@ -231,7 +231,7 @@ If a layer isn't declared in the manifest but the binary exists on disk"
gitanim_history,4625efa4/plugin-layers.md,9,block_replace,2,2,139,120,0.4,0,0,"@@ -264,14 +264,14 @@ will show up in the test results."
gitanim_history,4625efa4/plugin-layers.md,10,block_modify,2,2,119,120,0.688,0,0,"@@ -287,12 +287,12 @@ will show up in the test results."
gitanim_history,4625efa4/plugin.md,0,literal_replace,1,1,322,309,0.821,0,0,"@@ -62,4 +62,4 @@ let g:diffvim = {"
gitanim_history,4625efa4/presets.md,0,block_modify,2,2,117,107,0.857,0,0,"@@ -10,12 +10,12 @@ learn every individual option."
gitanim_history,4625efa4/presets.md,1,block_modify,2,2,129,119,0.875,0,0,"@@ -108,13 +108,13 @@ diffvim --preset presentation --output result.py old.py new.py"
gitanim_history,4625efa4/quick-start.md,0,block_modify,8,8,556,736,0.944,0,0,"@@ -31,29 +31,29 @@ The buffer is a normal vim buffer — you can `:w`, `:wq`, edit further, etc."
gitanim_history,4625efa4/quick-start.md,1,literal_replace,1,1,322,309,0.821,0,0,"@@ -75,4 +75,4 @@ The repo includes example file pairs in `examples/`:"
gitanim_history,4625efa4/testing.md,0,block_modify,3,3,486,521,0.833,0,0,"@@ -57,13 +57,13 @@ perl tests/test_integration.pl"
gitanim_history,4625efa4/ad_layer_common.h,0,block_modify,2,2,135,136,0.733,0,0,"@@ -1,11 +1,11 @@"
gitanim_history,4625efa4/ad_layer_common.h,1,block_modify,2,2,143,133,0.733,0,0,"@@ -60,10 +60,10 @@ typedef struct {"
gitanim_history,4625efa4/ad_layer_common.h,2,block_modify,2,2,93,88,0.6,0,0,"@@ -71,12 +71,12 @@ static FILE *pp_log_file = NULL;"
gitanim_history,4625efa4/ad_layer_common.h,3,block_modify,4,4,238,238,0.529,0,0,"@@ -300,10 +300,10 @@ __attribute__((unused)) static int pp_run_layer(int (*layer_func)(Op *in, int in"
gitanim_history,4625efa4/ad_layer_common.h,4,word_replace,1,1,49,49,0.667,0,0,"@@ -320,7 +320,7 @@ __attribute__((unused)) static int pp_run_layer(int (*layer_func)(Op *in, int in"
gitanim_history,4625efa4/ad_layer_highlight.c,0,word_replace,1,1,69,71,0.727,0,0,"@@ -1,4 +1,4 @@"
gitanim_history,4625efa4/ad_layer_highlight.c,1,word_replace,1,1,36,38,0.4,0,0,"@@ -25,7 +25,7 @@"
gitanim_history,4625efa4/ad_layer_highlight.c,2,word_replace,1,1,47,49,0.75,0,0,"@@ -37,7 +37,7 @@"
gitanim_history,4625efa4/ad_layer_highlight.c,3,word_replace,1,1,67,69,0.625,0,0,"@@ -95,7 +95,7 @@ void parse_args(int argc, char **argv) {"
gitanim_history,4625efa4/ad_layer_indent_last.c,0,block_modify,3,3,162,180,0.714,0,0,"@@ -1,12 +1,12 @@"
gitanim_history,4625efa4/ad_layer_line_delete_in_place.c,0,block_modify,3,3,151,169,0.714,0,0,"@@ -1,13 +1,13 @@"
gitanim_history,4625efa4/ad_layer_overwrite.c,0,block_modify,2,2,95,107,0.692,0,0,"@@ -1,5 +1,5 @@"
gitanim_history,4625efa4/ad_layer_pace.c,0,word_replace,1,1,44,45,0.571,0,0,"@@ -1,4 +1,4 @@"
gitanim_history,4625efa4/ad_layer_pace.c,1,block_modify,2,2,107,109,0.846,0,0,"@@ -25,12 +25,12 @@"
gitanim_history,4625efa4/ad_layer_pace.c,2,word_replace,1,1,63,64,0.625,0,0,"@@ -204,7 +204,7 @@ void parse_args(int argc, char **argv) {"
gitanim_history,4625efa4/ad_layer_pace.c,3,block_modify,5,5,512,511,0.839,0,0,"@@ -384,25 +384,25 @@ int main(int argc, char **argv) {"
gitanim_history,4625efa4/ad_layer_pace.c,4,word_replace,1,1,90,91,0.75,0,0,"@@ -411,7 +411,7 @@ int main(int argc, char **argv) {"
gitanim_history,4625efa4/ad_layer_pace.c,5,word_replace,1,1,75,76,0.75,0,0,"@@ -419,7 +419,7 @@ int main(int argc, char **argv) {"
gitanim_history,4625efa4/ad_layer_reorder.c,0,block_modify,2,2,95,107,0.692,0,0,"@@ -1,5 +1,5 @@"
gitanim_history,4625efa4/ad_layer_highlight.pl,0,literal_replace,1,1,64,70,0.8,0,0,"@@ -1,5 +1,5 @@"
gitanim_history,4625efa4/ad_layer_highlight.pl,1,word_replace,1,1,31,37,0.5,0,0,"@@ -8,7 +8,7 @@"
gitanim_history,4625efa4/ad_layer_highlight.pl,2,word_replace,1,1,51,57,0.714,0,0,"@@ -51,7 +51,7 @@ GetOptions("
gitanim_history,4625efa4/ad_layer_indent_last.pl,0,block_modify,2,2,136,148,0.882,0,0,"@@ -1,12 +1,12 @@"
gitanim_history,4625efa4/ad_layer_indent_last.pl,1,block_modify,2,2,128,135,0.667,0,0,"@@ -17,8 +17,8 @@"
gitanim_history,4625efa4/ad_layer_indent_last.pl,2,block_modify,3,3,164,165,0.684,0,0,"@@ -30,15 +30,15 @@ binmode(STDERR, ':utf8');"
gitanim_history,4625efa4/ad_layer_indent_last.pl,3,word_replace,1,1,59,59,0.778,0,0,"@@ -46,7 +46,7 @@ sub debug_log {"
gitanim_history,4625efa4/ad_layer_indent_last.pl,4,word_replace,1,1,41,47,0.667,0,0,"@@ -95,7 +95,7 @@ sub is_debug_op {"
gitanim_history,4625efa4/ad_layer_indent_last.pl,5,word_replace,1,1,52,52,0.667,0,0,"@@ -191,7 +191,7 @@ sub transform_hunk {"
gitanim_history,4625efa4/ad_layer_noop.pl,0,block_modify,7,7,392,382,0.8,0,0,"@@ -1,23 +1,23 @@"
gitanim_history,4625efa4/ad_layer_noop.pl,1,block_modify,2,2,122,117,0.733,0,0,"@@ -30,14 +30,14 @@ binmode(STDERR, ':utf8');"
gitanim_history,4625efa4/ad_layer_noop.pl,2,word_replace,1,1,59,59,0.778,0,0,"@@ -45,7 +45,7 @@ sub debug_log {"
gitanim_history,4625efa4/ad_layer_noop.pl,3,word_replace,1,1,52,52,0.667,0,0,"@@ -89,7 +89,7 @@ debug_log(""Starting"");"
gitanim_history,4625efa4/ad_layer_pace.pl,0,word_replace,1,1,38,44,0.667,0,0,"@@ -1,5 +1,5 @@"
gitanim_history,4625efa4/ad_layer_pace.pl,1,word_replace,1,1,58,64,0.667,0,0,"@@ -9,7 +9,7 @@"
gitanim_history,4625efa4/ad_layer_pace.pl,2,word_replace,1,1,46,52,0.714,0,0,"@@ -62,7 +62,7 @@ GetOptions("
gitanim_history,4625efa4/postprocess.pl,0,word_replace,1,1,73,63,0.545,0,0,"@@ -1,5 +1,5 @@"
gitanim_history,4625efa4/postprocess.pl,1,word_replace,1,1,57,52,0.5,0,0,"@@ -16,7 +16,7 @@"
gitanim_history,4625efa4/postprocess.pl,2,block_modify,2,2,108,98,0.75,0,0,"@@ -84,9 +84,9 @@ for my $spec (@transforms) {"
gitanim_history,4625efa4/postprocess.pl,3,block_modify,2,2,197,172,0.706,0,0,"@@ -97,8 +97,8 @@ Options:"
gitanim_history,4625efa4/README.md,0,word_replace,1,1,58,44,0.429,0,0,"@@ -5,7 +5,7 @@ Man pages for the diffvim commands."
gitanim_history,4625efa4/README.md,1,line_replace,1,1,19,14,0.25,0,0,"@@ -20,7 +20,7 @@ sudo mandb"
gitanim_history,4625efa4/README.md,0,word_replace,1,1,91,86,0.625,0,0,"@@ -10,7 +10,7 @@ in a subdirectory named `NN_description/`."
gitanim_history,4625efa4/run_minimal_tests.sh,0,block_modify,4,4,342,278,0.56,0,0,"@@ -30,10 +30,10 @@ for d in ""${cases[@]}""; do"
gitanim_history,4625efa4/run_vim_correctness_fast.pl,0,block_modify,3,3,168,204,0.933,0,0,"@@ -101,16 +101,16 @@ extract_engine();"
gitanim_history,4625efa4/test_all_animators.pl,0,block_modify,5,5,290,247,0.6,0,0,"@@ -8,11 +8,11 @@ use warnings;"
gitanim_history,4625efa4/test_async_vimscript.sh,0,block_modify,4,4,277,308,0.864,0,0,"@@ -25,19 +25,19 @@ DESCRIPTION"
gitanim_history,4625efa4/test_async_vimscript.sh,1,block_replace,6,6,288,234,0.4,0,0,"@@ -89,15 +89,15 @@ RAW=""$TMPDIR/raw.txt"""
gitanim_history,4625efa4/test_awd_correctness.pl,0,block_modify,15,15,1248,1142,0.706,0,0,"@@ -172,26 +172,26 @@ close $out;"
gitanim_history,4625efa4/test_benchmark.pl,0,block_modify,2,2,72,96,0.889,0,0,"@@ -94,14 +94,14 @@ printf ""%-40s  %6s  %6s  %5s  %6s  %6s  %8s  %10s  %10s\n"","
gitanim_history,4625efa4/test_category_abc.sh,0,block_modify,16,16,2211,2068,0.871,0,0,"@@ -25,58 +25,58 @@ printf 'bb\n' > ""$TMPDIR/new4.txt"""
gitanim_history,4625efa4/test_category_abc.sh,1,block_modify,7,7,800,724,0.791,0,0,"@@ -85,24 +85,24 @@ OW_COUNT=$(grep ""overwrite_insert"" ""$TMPDIR/post.txt"" | wc -l)"
gitanim_history,4625efa4/test_category_abc.sh,2,block_modify,19,19,2133,2042,0.841,0,0,"@@ -110,74 +110,74 @@ echo ""=== Category B: Decorate features ==="""
gitanim_history,4625efa4/test_colormap.pl,0,block_modify,6,6,531,496,0.647,0,0,"@@ -7,17 +7,17 @@ my $root = ""/home/z/my-project/gitanim"";"
gitanim_history,4625efa4/test_colormap.pl,1,block_modify,7,7,670,610,0.647,0,0,"@@ -26,20 +26,20 @@ $fail++ unless $snap_md5 eq $new_md5;"
gitanim_history,4625efa4/test_compositions.pl,0,block_modify,2,2,89,113,0.875,0,0,"@@ -36,8 +36,8 @@ sub run_with_timeout {"
gitanim_history,4625efa4/test_compositions.pl,1,block_modify,2,2,145,169,0.909,0,0,"@@ -223,8 +223,8 @@ runs_ok(""--delete-threshold 10 + --delete-pacing word"","
gitanim_history,4625efa4/test_comprehensive.pl,0,block_modify,20,20,1802,2282,0.976,0,0,"@@ -108,26 +108,26 @@ ensure_engine();"
gitanim_history,4625efa4/test_comprehensive.pl,1,block_modify,4,4,514,610,0.944,0,0,"@@ -142,19 +142,19 @@ print ""\n=== Tests 11-15: Feature tests ===\n"";"
gitanim_history,4625efa4/test_comprehensive.pl,2,block_modify,3,3,397,469,0.957,0,0,"@@ -166,14 +166,14 @@ print ""\n=== Tests 16-20: Edge cases ===\n"";"
gitanim_history,4625efa4/test_comprehensive.pl,3,block_modify,3,3,423,495,0.957,0,0,"@@ -184,12 +184,12 @@ ok(""Test 18: binary file detection works"", $bin_out =~ /binary/i);"
gitanim_history,4625efa4/test_correctness.pl,0,literal_replace,1,1,35,47,0.833,0,0,"@@ -101,7 +101,7 @@ sub apply_diff_to_file {"
gitanim_history,4625efa4/test_correctness.pl,1,word_replace,1,1,28,40,0.75,0,0,"@@ -126,7 +126,7 @@ for my $pair (@pairs) {"
gitanim_history,4625efa4/test_cross_language.pl,0,block_replace,5,5,253,224,0.471,0,0,"@@ -9,17 +9,17 @@ use warnings;"
gitanim_history,4625efa4/test_debug_bundle.sh,0,block_modify,2,2,87,111,0.875,0,0,"@@ -63,8 +63,8 @@ fi"
gitanim_history,4625efa4/test_debug_bundle.sh,1,block_modify,2,2,87,111,0.875,0,0,"@@ -141,8 +141,8 @@ fi"
gitanim_history,4625efa4/test_delete_line_first.pl,0,block_modify,4,4,356,297,0.577,0,0,"@@ -32,10 +32,10 @@ sub run_test {"
gitanim_history,4625efa4/test_delete_pacing.pl,0,block_modify,21,21,2032,2338,0.911,0,0,"@@ -32,65 +32,65 @@ ok('--help shows --delete-threshold', $help =~ /--delete-threshold/);"
gitanim_history,4625efa4/test_delete_pacing_modes.pl,0,block_modify,6,6,547,512,0.657,0,0,"@@ -10,13 +10,13 @@ my $fail = 0;"
gitanim_history,4625efa4/test_diff_input.pl,0,literal_replace,1,1,105,129,0.909,0,0,"@@ -16,7 +16,7 @@ sub ok {"
gitanim_history,4625efa4/test_diff_input.pl,1,literal_replace,1,1,185,233,0.929,0,0,"@@ -33,7 +33,7 @@ ok('--diff - (stdin) produces output', $out =~ /Dry run/);"
gitanim_history,4625efa4/test_e2e_perl.pl,0,block_replace,6,6,215,185,0.077,0,0,"@@ -21,12 +21,12 @@ for my $parser ('perl') {"
gitanim_history,4625efa4/test_engine_features.pl,0,block_modify,3,3,217,202,0.5,0,0,"@@ -110,9 +110,9 @@ VIM"
gitanim_history,4625efa4/test_features.pl,0,word_replace,1,1,79,74,0.778,0,0,"@@ -57,7 +57,7 @@ open my $fh, '>', '/tmp/dv_test_old.txt'; print $fh ""hello\n""; close $fh;"
gitanim_history,4625efa4/test_fold_theme_debug.pl,0,block_modify,3,3,361,433,0.938,0,0,"@@ -23,20 +23,20 @@ ok('--help shows --debug', $help =~ /--debug/);"
gitanim_history,4625efa4/test_highlight.pl,0,block_modify,17,17,1733,2030,0.945,0,0,"@@ -27,56 +27,56 @@ ok('--help lists all 4 modes', $help =~ /none.*inline.*word.*hunk/s);"
gitanim_history,4625efa4/test_highlight_hunk.pl,0,literal_replace,1,1,201,225,0.95,0,0,"@@ -34,7 +34,7 @@ ok('diffvim --help shows --highlight-min-chars',    $help =~ /--highlight-min-ch"
gitanim_history,4625efa4/test_highlight_hunk.pl,1,block_modify,2,2,216,230,0.857,0,0,"@@ -64,8 +64,8 @@ ok('default min-chars is 10', `perl diffvim.pl --help 2>&1` =~ /10/);"
gitanim_history,4625efa4/test_highlight_resolution.pl,0,literal_replace,1,1,71,66,0.8,0,0,"@@ -3,7 +3,7 @@"
gitanim_history,4625efa4/test_highlight_resolution.pl,1,block_replace,3,3,178,163,0.4,0,0,"@@ -34,13 +34,13 @@ for my $i (0 .. $#lines) {"
gitanim_history,4625efa4/test_highlight_word.pl,0,block_replace,2,2,107,97,0.429,0,0,"@@ -125,8 +125,8 @@ VIM"
gitanim_history,4625efa4/test_indent_last.pl,0,block_modify,3,3,345,295,0.591,0,0,"@@ -23,13 +23,13 @@ open(my $fh, '>', $old) or die; print $fh ""def foo():\n    print(\""hello\"")\n"
gitanim_history,4625efa4/test_indent_last.pl,1,block_modify,4,4,507,451,0.739,0,0,"@@ -92,10 +92,10 @@ if ($found_space_after_content) {"
gitanim_history,4625efa4/test_indent_last.pl,2,block_modify,3,3,306,306,0.765,0,0,"@@ -114,9 +114,9 @@ if (system(""diff -q '$new' /tmp/il_test_out_il.txt >/dev/null 2>&1"") == 0) {"
gitanim_history,4625efa4/test_indent_last.pl,3,word_replace,1,1,124,110,0.733,0,0,"@@ -126,7 +126,7 @@ if (system(""diff -q /tmp/il_test_c.txt /tmp/il_test_perl.txt >/dev/null 2>&1"") ="
gitanim_history,4625efa4/test_input_source.pl,0,block_modify,10,10,1192,1384,0.974,0,0,"@@ -43,43 +43,43 @@ ok('--help does NOT show --auto-precompute', $help !~ /--auto-precompute/);"
gitanim_history,4625efa4/test_insert_pacing.pl,0,block_modify,21,21,2073,2379,0.907,0,0,"@@ -29,65 +29,65 @@ ok('--help shows --insert-speed', $help =~ /--insert-speed/);"
gitanim_history,4625efa4/test_integration.pl,0,literal_replace,1,1,40,52,0.8,0,0,"@@ -28,7 +28,7 @@ sub ok {"
gitanim_history,4625efa4/test_integration.pl,1,word_replace,1,1,27,39,0.75,0,0,"@@ -41,7 +41,7 @@ for my $old_file (@examples) {"
gitanim_history,4625efa4/test_integration.pl,2,block_modify,2,2,237,285,0.933,0,0,"@@ -112,8 +112,8 @@ ok('identical files produce 0 hunks', $ident_out =~ /Hunks: 0/ || $ident_out =~"
gitanim_history,4625efa4/test_layers_discovery.pl,0,word_replace,1,1,110,88,0.6,0,0,"@@ -101,7 +101,7 @@ my $old = ""/tmp/ld_old.txt"";"
gitanim_history,4625efa4/test_layers_discovery.pl,1,word_replace,1,1,78,64,0.636,0,0,"@@ -117,7 +117,7 @@ for my $l (@layers) {"
gitanim_history,4625efa4/test_layers_discovery.pl,2,block_modify,2,2,237,217,0.6,0,0,"@@ -128,8 +128,8 @@ for my $l (@layers) {"
gitanim_history,4625efa4/test_layers_discovery.pl,3,block_modify,3,3,387,345,0.8,0,0,"@@ -140,9 +140,9 @@ if ($explicit_out eq $direct_out) {"
gitanim_history,4625efa4/test_layers_discovery.pl,4,block_modify,2,2,252,224,0.789,0,0,"@@ -153,8 +153,8 @@ if ($enabled_layers == $default_layers + 1 && $enabled_mentions >= 1) {"
gitanim_history,4625efa4/test_layers_discovery.pl,5,word_replace,1,1,124,110,0.765,0,0,"@@ -190,7 +190,7 @@ unless (-f $dummy_bin) {"
gitanim_history,4625efa4/test_new_features.pl,0,block_replace,11,11,680,590,0.0,0,0,"@@ -142,36 +142,36 @@ VIM"
gitanim_history,4625efa4/test_new_features.sh,0,block_modify,5,5,534,454,0.621,0,0,"@@ -25,15 +25,15 @@ printf 'X\nb\nc\nd\ne\nf\ng\nh\ni\nY\n' > /tmp/mh_new.txt"
gitanim_history,4625efa4/test_new_features.sh,1,word_replace,1,1,140,115,0.765,0,0,"@@ -43,7 +43,7 @@ fi"
gitanim_history,4625efa4/test_new_features.sh,2,word_replace,1,1,134,126,0.75,0,0,"@@ -52,7 +52,7 @@ fi"
gitanim_history,4625efa4/test_new_features.sh,3,block_modify,3,3,331,284,0.68,0,0,"@@ -61,9 +61,9 @@ fi"
gitanim_history,4625efa4/test_new_features.sh,4,word_replace,1,1,109,101,0.733,0,0,"@@ -72,7 +72,7 @@ fi"
gitanim_history,4625efa4/test_new_features.sh,5,word_replace,1,1,146,121,0.765,0,0,"@@ -82,7 +82,7 @@ fi"
gitanim_history,4625efa4/test_new_features.sh,6,block_modify,2,2,246,213,0.739,0,0,"@@ -91,8 +91,8 @@ fi"
gitanim_history,4625efa4/test_new_features.sh,7,word_replace,1,1,156,131,0.789,0,0,"@@ -101,7 +101,7 @@ fi"
gitanim_history,4625efa4/test_new_features.sh,8,block_modify,2,2,298,265,0.769,0,0,"@@ -110,8 +110,8 @@ fi"
gitanim_history,4625efa4/test_new_features.sh,9,literal_replace,1,1,160,155,0.85,0,0,"@@ -120,7 +120,7 @@ fi"
gitanim_history,4625efa4/test_new_features.sh,10,literal_replace,1,1,156,151,0.842,0,0,"@@ -129,7 +129,7 @@ fi"
gitanim_history,4625efa4/test_new_features.sh,11,literal_replace,1,1,167,162,0.85,0,0,"@@ -138,7 +138,7 @@ fi"
gitanim_history,4625efa4/test_newline_fix.pl,0,block_modify,3,3,363,326,0.688,0,0,"@@ -44,9 +44,9 @@ my $tmpdir = tempdir(CLEANUP => 1);"
gitanim_history,4625efa4/test_newline_fix.pl,1,block_modify,3,3,363,326,0.688,0,0,"@@ -65,9 +65,9 @@ my $tmpdir = tempdir(CLEANUP => 1);"
gitanim_history,4625efa4/test_newline_fix.pl,2,block_modify,2,2,253,241,0.692,0,0,"@@ -85,8 +85,8 @@ my $tmpdir = tempdir(CLEANUP => 1);"
gitanim_history,4625efa4/test_newline_fix.pl,3,block_modify,4,4,367,324,0.7,0,0,"@@ -108,14 +108,14 @@ my $tmpdir = tempdir(CLEANUP => 1);"
gitanim_history,4625efa4/test_newline_fix.pl,4,block_modify,3,3,363,326,0.688,0,0,"@@ -138,9 +138,9 @@ my $tmpdir = tempdir(CLEANUP => 1);"
gitanim_history,4625efa4/test_no_backward_ops.pl,0,literal_replace,1,1,70,82,0.857,0,0,"@@ -21,7 +21,7 @@ chdir $ROOT or die ""Cannot chdir to $ROOT: $!\n"";"
gitanim_history,4625efa4/test_no_backward_ops.pl,1,block_modify,2,2,147,195,0.889,0,0,"@@ -36,10 +36,10 @@ print ""The cursor never goes back to a line that was already operated on.\n\n"";"
gitanim_history,4625efa4/test_no_backward_ops.pl,2,block_replace,3,3,262,218,0.45,0,0,"@@ -47,9 +47,9 @@ for my $ex (@examples) {"
gitanim_history,4625efa4/test_op_order.pl,0,block_modify,16,16,1612,1880,0.936,0,0,"@@ -36,53 +36,53 @@ ok('--help lists all 6 modes', $help =~ /natural.*optimize.*left-to-right.*end-f"
gitanim_history,4625efa4/test_overwrite_deletefirst.pl,0,block_replace,7,7,309,269,0.0,0,0,"@@ -139,26 +139,26 @@ VIM"
gitanim_history,4625efa4/test_overwrite_layer.sh,0,block_replace,2,2,249,219,0.476,0,0,"@@ -25,10 +25,10 @@ echo """""
gitanim_history,4625efa4/test_overwrite_layer.sh,1,word_replace,1,1,77,72,0.727,0,0,"@@ -37,7 +37,7 @@ else"
gitanim_history,4625efa4/test_overwrite_layer.sh,2,block_modify,11,11,854,767,0.621,0,0,"@@ -46,23 +46,23 @@ else"
gitanim_history,4625efa4/test_overwrite_layer.sh,3,block_modify,4,4,233,225,0.708,0,0,"@@ -71,16 +71,16 @@ else"
gitanim_history,4625efa4/test_overwrite_layer.sh,4,block_replace,2,2,254,224,0.476,0,0,"@@ -91,8 +91,8 @@ echo ""Test 8: Non-adjacent delete+insert NOT merged"""
gitanim_history,4625efa4/test_overwrite_layer.sh,5,block_replace,2,2,254,224,0.476,0,0,"@@ -104,8 +104,8 @@ echo ""Test 9: Multiple adjacent pairs merged"""
gitanim_history,4625efa4/test_overwrite_layer.sh,6,block_modify,5,5,368,327,0.56,0,0,"@@ -114,11 +114,11 @@ else"
gitanim_history,4625efa4/test_pacing.pl,0,block_modify,15,15,1516,1765,0.942,0,0,"@@ -27,50 +27,50 @@ ok('--help lists all 4 modes', $help =~ /uniform.*adaptive.*gaussian.*review/s);"
gitanim_history,4625efa4/test_parser_compare.pl,0,block_modify,2,2,226,274,0.917,0,0,"@@ -18,14 +18,14 @@ sub ok {"
gitanim_history,4625efa4/test_parser_compare.pl,1,literal_replace,1,1,123,147,0.923,0,0,"@@ -35,7 +35,7 @@ ok('--help shows --parser-compare', $out =~ /--parser-compare/);"
gitanim_history,4625efa4/test_perf.pl,0,block_modify,4,4,304,335,0.862,0,0,"@@ -9,19 +9,19 @@ my $threshold = 5.0;  # seconds — alert if any example takes longer"
gitanim_history,4625efa4/test_perl_animator.pl,0,block_modify,3,3,167,203,0.933,0,0,"@@ -8,12 +8,12 @@ my $pass = 0;"
gitanim_history,4625efa4/test_perl_animator.pl,1,block_modify,4,4,412,394,0.714,0,0,"@@ -21,10 +21,10 @@ for my $dir (sort @dirs) {"
gitanim_history,4625efa4/test_pipeline_options.sh,0,word_replace,1,1,54,49,0.667,0,0,"@@ -1,7 +1,7 @@"
gitanim_history,4625efa4/test_pipeline_options.sh,1,word_replace,1,1,73,68,0.7,0,0,"@@ -31,7 +31,7 @@ test_option() {"
gitanim_history,4625efa4/test_postprocess_layers.sh,0,block_modify,10,10,746,684,0.6,0,0,"@@ -31,39 +31,39 @@ echo """""
gitanim_history,4625efa4/test_postprocess_layers.sh,1,block_modify,3,3,236,226,0.696,0,0,"@@ -72,9 +72,9 @@ cmp4 /tmp/pl_piped.txt /tmp/pl_perl.txt >/dev/null 2>&1 && ok ""C and Perl pipeli"
gitanim_history,4625efa4/test_postprocess_layers.sh,2,block_modify,2,2,140,140,0.846,0,0,"@@ -82,8 +82,8 @@ fi"
gitanim_history,4625efa4/test_postprocess_layers.sh,3,block_modify,12,12,1046,996,0.66,0,0,"@@ -91,22 +91,22 @@ fi"
gitanim_history,4625efa4/test_precomputed.pl,0,block_modify,2,2,91,81,0.6,0,0,"@@ -108,9 +108,9 @@ VIM"
gitanim_history,4625efa4/test_precomputed.pl,1,literal_replace,1,1,35,47,0.833,0,0,"@@ -136,7 +136,7 @@ sub read_file {"
gitanim_history,4625efa4/test_precomputed.pl,2,word_replace,1,1,80,58,0.4,0,0,"@@ -150,7 +150,7 @@ for my $dir (glob(""examples/*/"")) {"
gitanim_history,4625efa4/test_precomputed.pl,3,word_replace,1,1,28,40,0.75,0,0,"@@ -159,7 +159,7 @@ mkdir $tmp unless -d $tmp;"
gitanim_history,4625efa4/test_property.pl,0,literal_replace,1,1,111,106,0.8,0,0,"@@ -72,7 +72,7 @@ for my $i (1..50) {"
gitanim_history,4625efa4/test_rapid_eol.pl,0,block_modify,2,2,153,143,0.867,0,0,"@@ -117,9 +117,9 @@ VIM"
gitanim_history,4625efa4/test_roundtrip.pl,0,block_modify,4,4,208,171,0.562,0,0,"@@ -13,10 +13,10 @@ use FindBin qw($Bin);"
gitanim_history,4625efa4/test_roundtrip_verify.pl,0,block_modify,3,3,162,150,0.571,0,0,"@@ -17,9 +17,9 @@ use warnings;"
gitanim_history,4625efa4/test_roundtrip_verify.pl,1,block_modify,2,2,116,85,0.7,0,0,"@@ -116,8 +116,8 @@ for my $case (@cases) {"
gitanim_history,4625efa4/test_semantic_cleanup.pl,0,block_modify,2,2,129,165,0.909,0,0,"@@ -22,13 +22,13 @@ print ""=== Test: canceling ops are merged ===\n"";"
gitanim_history,4625efa4/test_semantic_cleanup.pl,1,word_replace,1,1,27,39,0.75,0,0,"@@ -39,7 +39,7 @@ for my $dir (glob(""examples/*/"")) {"
gitanim_history,4625efa4/test_snapshot_each_op.pl,0,block_modify,4,4,478,419,0.621,0,0,"@@ -135,12 +135,12 @@ for my $case (@cases) {"
gitanim_history,4625efa4/test_snapshot_each_op.pl,1,word_replace,1,1,129,104,0.765,0,0,"@@ -179,7 +179,7 @@ for my $case (@cases) {"
gitanim_history,4625efa4/test_streaming.pl,0,block_modify,5,5,403,382,0.667,0,0,"@@ -8,16 +8,16 @@ my $pass = 0;"
gitanim_history,4625efa4/test_timer_engine.pl,0,block_replace,6,6,225,195,0.077,0,0,"@@ -125,12 +125,12 @@ sub test_timer_engine {"
gitanim_history,4625efa4/test_timer_engine.pl,1,block_modify,15,15,1254,1454,0.5,0,0,"@@ -167,56 +167,56 @@ print ""Engine extracted to $engine_file\n\n"";"
gitanim_history,4625efa4/test_viewport.pl,0,block_modify,14,14,1391,1616,0.941,0,0,"@@ -25,50 +25,50 @@ ok('--help does NOT show --fold-unchanged', $help !~ /--fold-unchanged/);"
gitanim_history,4625efa4/test_vim_correctness.pl,0,block_modify,2,2,76,100,0.889,0,0,"@@ -179,14 +179,14 @@ print ""Engine extracted to $engine_test\n\n"";"
gitanim_history,4625efa4/test_vim_engine.pl,0,block_modify,15,15,1669,1709,0.8,0,0,"@@ -147,21 +147,21 @@ close $out;"
gitanim_history,4625efa4/test_vim_roundtrip.pl,0,block_replace,6,6,460,385,0.189,0,0,"@@ -254,12 +254,12 @@ my @cases = ("
gitanim_history,4625efa4/test_vim_roundtrip.pl,1,literal_replace,1,1,82,77,0.846,0,0,"@@ -269,7 +269,7 @@ for my $case (@cases) {"
gitanim_history,4625efa4/test_vimscript_animator.sh,0,block_modify,3,3,172,208,0.923,0,0,"@@ -35,18 +35,18 @@ OPTIONS"
gitanim_history,4625efa4/test_vimscript_animator.sh,1,block_modify,4,4,164,212,0.933,0,0,"@@ -131,11 +131,11 @@ else"
gitanim_history,4625efa4/test_vimscript_animator.sh,2,block_replace,6,6,312,258,0.4,0,0,"@@ -153,14 +153,14 @@ for d in ""${examples[@]}""; do"
gitanim_history,4625efa4/verify_md5.pl,0,block_modify,3,3,193,195,0.87,0,0,"@@ -1,12 +1,12 @@"
gitanim_history,4625efa4/verify_md5.pl,1,block_replace,10,10,691,664,0.404,0,0,"@@ -222,29 +222,29 @@ sub run_cmd {"
gitanim_history,4625efa4/verify_md5.pl,2,literal_replace,1,1,84,79,0.846,0,0,"@@ -252,7 +252,7 @@ for my $d (@dirs) {"
gitanim_history,4625efa4/verify_md5.pl,3,block_modify,2,2,197,187,0.824,0,0,"@@ -260,10 +260,10 @@ for my $d (@dirs) {"
gitanim_history,4625efa4/verify_md5.pl,4,word_replace,1,1,59,54,0.667,0,0,"@@ -296,7 +296,7 @@ my $total = scalar @rows;"
gitanim_history,4625efa4/verify_md5.pl,5,word_replace,1,1,45,40,0.5,0,0,"@@ -308,7 +308,7 @@ if (@dv_bad) {"
gitanim_history,4625efa4/verify_md5.sh,0,block_modify,2,2,187,177,0.769,0,0,"@@ -2,8 +2,8 @@"
gitanim_history,4625efa4/verify_md5.sh,1,block_modify,2,2,145,152,0.75,0,0,"@@ -28,11 +28,11 @@ SYNOPSIS"
gitanim_history,4625efa4/verify_md5.sh,2,literal_replace,1,1,59,71,0.833,0,0,"@@ -53,7 +53,7 @@ DESCRIPTION"
gitanim_history,4625efa4/verify_md5.sh,3,word_replace,1,1,24,24,0.333,0,0,"@@ -61,7 +61,7 @@ EXAMPLES"
gitanim_history,4625efa4/verify_md5.sh,4,word_replace,1,1,25,25,0.5,0,0,"@@ -74,7 +74,7 @@ if [[ ""${1:-}"" == ""-h"" || ""${1:-}"" == ""--help"" ]]; then"
gitanim_history,4625efa4/verify_md5.sh,5,word_replace,1,1,95,90,0.727,0,0,"@@ -86,7 +86,7 @@ run_pipe() {"
gitanim_history,4625efa4/verify_md5.sh,6,block_modify,3,3,240,239,0.778,0,0,"@@ -108,9 +108,9 @@ run_perl_pipe() {"
gitanim_history,4625efa4/verify_md5.sh,7,block_modify,2,2,77,101,0.875,0,0,"@@ -129,8 +129,8 @@ export ROOT OUTDIR"
gitanim_history,4625efa4/verify_md5.sh,8,literal_replace,1,1,38,50,0.833,0,0,"@@ -165,7 +165,7 @@ printf '%s\n' ""$(printf '%.0s-' {1..120})"""
gitanim_history,4625efa4/verify_md5.sh,9,block_modify,2,2,174,164,0.8,0,0,"@@ -181,6 +181,6 @@ done"
gitanim_history,4625efa4/verify_md5_cont.pl,0,block_replace,9,9,649,610,0.392,0,0,"@@ -37,28 +37,28 @@ sub run_cmd {"
gitanim_history,4625efa4/verify_md5_cont.pl,1,literal_replace,1,1,84,79,0.846,0,0,"@@ -66,7 +66,7 @@ for my $d (@dirs) {"
gitanim_history,4625efa4/verify_md5_cont.pl,2,block_modify,2,2,197,187,0.824,0,0,"@@ -74,10 +74,10 @@ for my $d (@dirs) {"
gitanim_history,4625efa4/verify_md5_parallel.pl,0,line_replace,1,1,32,27,0.25,0,0,"@@ -3,7 +3,7 @@"
gitanim_history,4625efa4/verify_md5_parallel.pl,1,block_modify,3,3,168,204,0.933,0,0,"@@ -272,17 +272,17 @@ extract_engine_roundtrip();"
gitanim_history,4625efa4/verify_md5_parallel.pl,2,block_replace,10,10,542,492,0.432,0,0,"@@ -319,22 +319,22 @@ sub spawn {"
gitanim_history,4625efa4/verify_md5_parallel.pl,3,word_replace,1,1,78,73,0.667,0,0,"@@ -389,7 +389,7 @@ print ""Round-trip MD5 verification — all 42 example pairs\n"";"
gitanim_history,4625efa4/verify_md5_parallel.pl,4,word_replace,1,1,89,84,0.75,0,0,"@@ -408,5 +408,5 @@ print ""="" x 130, ""\n"";"
gitanim_history,4625efa4/README.md,0,block_modify,2,2,113,113,0.75,0,0,"@@ -7,13 +7,13 @@ Debugging, testing, and verification scripts for the diffvim pipeline."
gitanim_history,4625efa4/README.md,1,word_replace,1,1,52,52,0.75,0,0,"@@ -48,7 +48,7 @@ bash scripts/dv_debug.sh old.py new.py"
gitanim_history,4625efa4/README.md,2,block_modify,2,2,119,119,0.769,0,0,"@@ -60,13 +60,13 @@ bash ../tests/run_minimal_tests.sh"
gitanim_history,4625efa4/ad_debug.sh,0,block_modify,9,9,564,564,0.977,0,0,"@@ -3,19 +3,19 @@"
gitanim_history,4625efa4/ad_debug.sh,1,block_modify,5,5,343,319,0.618,0,0,"@@ -30,14 +30,14 @@ DESCRIPTION"
gitanim_history,4625efa4/ad_debug.sh,2,block_modify,8,8,532,544,0.958,0,0,"@@ -45,24 +45,24 @@ DESCRIPTION"
gitanim_history,4625efa4/ad_debug.sh,3,word_replace,1,1,20,20,0.5,0,0,"@@ -85,7 +85,7 @@ fi"
gitanim_history,4625efa4/ad_debug.sh,4,word_replace,1,1,65,48,0.556,0,0,"@@ -116,7 +116,7 @@ cat -n ""$NEW"""
gitanim_history,4625efa4/ad_debug.sh,5,word_replace,1,1,72,58,0.556,0,0,"@@ -127,7 +127,7 @@ head -30 ""$RAW"" | cat -n"
gitanim_history,4625efa4/ad_debug.sh,6,word_replace,1,1,62,59,0.625,0,0,"@@ -137,7 +137,7 @@ head -30 ""$POST"" | cat -n"
gitanim_history,4625efa4/ad_debug.sh,7,word_replace,1,1,115,90,0.714,0,0,"@@ -147,7 +147,7 @@ head -30 ""$TIMED"" | cat -n"
gitanim_history,4625efa4/ad_debug_bundle.sh,0,block_modify,2,2,117,129,0.857,0,0,"@@ -69,8 +69,8 @@ EXAMPLES"
gitanim_history,4625efa4/ad_debug_bundle.sh,1,line_replace,1,1,62,37,0.143,0,0,"@@ -82,7 +82,7 @@ EXIT STATUS"
gitanim_history,4625efa4/ad_debug_bundle.sh,2,block_modify,18,18,1472,1310,0.683,0,0,"@@ -134,38 +134,38 @@ cp ""$OLD"" ""$BUNDLE_DIR/old.txt"""
gitanim_history,4625efa4/ad_demo.sh,0,block_modify,4,4,269,282,0.733,0,0,"@@ -10,14 +10,14 @@ SYNOPSIS"
gitanim_history,4625efa4/ad_demo.sh,1,block_modify,3,3,414,435,0.692,0,0,"@@ -45,15 +45,15 @@ if [[ ""${1:-}"" == ""-h"" || ""${1:-}"" == ""--help"" ]]; then"
gitanim_history,4625efa4/ad_package.sh,0,literal_replace,1,1,69,75,0.9,0,0,"@@ -14,7 +14,7 @@ DESCRIPTION"
gitanim_history,4625efa4/ad_package.sh,1,block_replace,9,9,322,255,0.421,0,0,"@@ -51,23 +51,23 @@ TARBALL=""/tmp/diffvim-${VERSION}.tar.gz"""
gitanim_history,4625efa4/ad_record.sh,0,block_modify,3,3,170,188,0.909,0,0,"@@ -28,13 +28,13 @@ OPTIONS"
gitanim_history,4625efa4/ad_record.sh,1,block_modify,3,3,234,200,0.55,0,0,"@@ -50,8 +50,8 @@ fi"
gitanim_history,4625efa4/ad_replay.sh,0,word_replace,1,1,60,44,0.636,0,0,"@@ -13,7 +13,7 @@ SYNOPSIS"
gitanim_history,4625efa4/ad_replay.sh,1,literal_replace,1,1,69,75,0.889,0,0,"@@ -27,7 +27,7 @@ OPTIONS"
gitanim_history,4625efa4/ad_replay.sh,2,word_replace,1,1,121,96,0.733,0,0,"@@ -46,5 +46,5 @@ if [[ ""${1:-}"" == ""-h"" || ""${1:-}"" == ""--help"" ]]; then"
gitanim_history,4625efa4/ad_snapshot.sh,0,block_modify,2,2,101,101,0.8,0,0,"@@ -30,8 +30,8 @@"
gitanim_history,4625efa4/ad_snapshot.sh,1,block_modify,3,3,150,140,0.636,0,0,"@@ -82,12 +82,12 @@ EXAMPLES"
gitanim_history,4625efa4/ad_snapshot.sh,2,block_modify,2,2,163,153,0.75,0,0,"@@ -138,8 +138,8 @@ while [[ $# -gt 0 ]]; do"
gitanim_history,4625efa4/ad_snapshot.sh,3,word_replace,1,1,24,24,0.5,0,0,"@@ -221,7 +221,7 @@ if [[ ! -f ""$NEW"" ]]; then"
gitanim_history,4625efa4/ad_snapshot.sh,4,word_replace,1,1,123,106,0.733,0,0,"@@ -230,7 +230,7 @@ RAW=""$OUTDIR/raw.txt""; POST=""$OUTDIR/post.txt""; DECORATED=""$OUTDIR/decorated.txt"
gitanim_history,4625efa4/ad_snapshot.sh,5,word_replace,1,1,130,116,0.714,0,0,"@@ -239,7 +239,7 @@ raw_ops=$(grep -cv ""^#\|^$"" ""$RAW"" 2>/dev/null || echo 0)"
gitanim_history,4625efa4/ad_snapshot.sh,6,word_replace,1,1,106,103,0.769,0,0,"@@ -248,7 +248,7 @@ post_ops=$(grep -cv ""^#\|^$"" ""$POST"" 2>/dev/null || echo 0)"
gitanim_history,4625efa4/ad_snapshot.sh,7,block_modify,2,2,180,174,0.786,0,0,"@@ -257,8 +257,8 @@ timed_ops=$(grep -cv ""^#\|^$"" ""$TIMED"" 2>/dev/null || echo 0)"
gitanim_history,4625efa4/ad_snapshot.sh,8,word_replace,1,1,89,64,0.6,0,0,"@@ -291,7 +291,7 @@ echo """" >&2"
gitanim_history,4625efa4/ad_suggest.sh,0,word_replace,1,1,72,67,0.778,0,0,"@@ -1,6 +1,6 @@"
gitanim_history,4625efa4/ad_tune.sh,0,word_replace,1,1,57,41,0.5,0,0,"@@ -14,7 +14,7 @@"
gitanim_history,4625efa4/ad_tune.sh,1,word_replace,1,1,47,42,0.6,0,0,"@@ -22,7 +22,7 @@"
gitanim_history,4625efa4/ad_tune.sh,2,block_modify,3,3,285,246,0.577,0,0,"@@ -138,21 +138,21 @@ run_pipeline() {"
gitanim_history,4625efa4/ad_tune.sh,3,word_replace,1,1,81,78,0.7,0,0,"@@ -161,7 +161,7 @@ run_pipeline() {"
gitanim_history,4625efa4/ad_tune.sh,4,block_modify,2,2,193,143,0.733,0,0,"@@ -182,11 +182,11 @@ run_animate() {"
gitanim_history,4625efa4/ad_tune.sh,5,word_replace,1,1,69,69,0.75,0,0,"@@ -251,7 +251,7 @@ while true; do"
gitanim_history,fb14b645/ad.c,0,block_insert,0,945,0,38407,0.0,0,0,"@@ -0,0 +1,945 @@"
gitanim_history,fb14b645/ad.pl,0,block_insert,0,275,0,8539,0.0,0,0,"@@ -0,0 +1,275 @@"
gitanim_history,fb14b645/AUTOLOAD_README.md,0,block_insert,0,18,0,646,0.0,0,0,"@@ -0,0 +1,18 @@"
gitanim_history,fb14b645/PLUGIN_README.md,0,block_insert,0,97,0,2152,0.0,0,0,"@@ -0,0 +1,97 @@"
gitanim_history,fb14b645/ad_vim.pl,0,block_insert,0,1964,0,66059,0.0,0,0,"@@ -0,0 +1,1964 @@"
gitanim_history,fb14b645/engine.vim,0,block_insert,0,3064,0,123864,0.0,0,0,"@@ -0,0 +1,3064 @@"
gitanim_history,fb14b645/plugin.vim,0,block_insert,0,114,0,3450,0.0,0,0,"@@ -0,0 +1,114 @@"
gitanim_history,fb14b645/PARALLELISM.md,0,block_insert,0,166,0,5136,0.0,0,0,"@@ -0,0 +1,166 @@"
gitanim_history,fb14b645/README.md,0,block_insert,0,61,0,1580,0.0,0,0,"@@ -0,0 +1,61 @@"
gitanim_history,fb14b645/compute.cpp,0,block_insert,0,936,0,36365,0.0,0,0,"@@ -0,0 +1,936 @@"
gitanim_history,fb14b645/test_hirschberg.cpp,0,block_insert,0,246,0,8287,0.0,0,0,"@@ -0,0 +1,246 @@"
gitanim_history,fb14b645/compute.pl,0,block_insert,0,173,0,5850,0.0,0,0,"@@ -0,0 +1,173 @@"
gitanim_history,fb14b645/l2r_tool.c,0,block_insert,0,237,0,7364,0.0,0,0,"@@ -0,0 +1,237 @@"
gitanim_history,fb14b645/l2r_tool.sh,0,block_insert,0,82,0,1724,0.0,0,0,"@@ -0,0 +1,82 @@"
gitanim_history,fb14b645/test_l2r.sh,0,block_insert,0,473,0,10938,0.0,0,0,"@@ -0,0 +1,473 @@"
gitanim_history,fb14b645/plugin-layers.md,0,block_insert,0,307,0,13358,0.0,0,0,"@@ -0,0 +1,307 @@"
gitanim_history,fb14b645/ad_layer_common.h,0,block_insert,0,494,0,17887,0.0,0,0,"@@ -0,0 +1,494 @@"
gitanim_history,fb14b645/ad_layer_highlight.c,0,block_insert,0,410,0,14168,0.0,0,0,"@@ -0,0 +1,410 @@"
gitanim_history,fb14b645/ad_layer_indent_last.c,0,block_insert,0,88,0,5791,0.0,0,0,"@@ -0,0 +1,88 @@"
gitanim_history,fb14b645/ad_layer_line_delete_in_place.c,0,block_insert,0,97,0,4772,0.0,0,0,"@@ -0,0 +1,97 @@"
gitanim_history,fb14b645/ad_layer_overwrite.c,0,block_insert,0,47,0,4799,0.0,0,0,"@@ -0,0 +1,47 @@"
gitanim_history,fb14b645/ad_layer_pace.c,0,block_insert,0,789,0,36204,0.0,0,0,"@@ -0,0 +1,789 @@"
gitanim_history,fb14b645/ad_layer_reorder.c,0,block_insert,0,134,0,7871,0.0,0,0,"@@ -0,0 +1,134 @@"
gitanim_history,fb14b645/ad_layer_highlight.pl,0,block_insert,0,220,0,7539,0.0,0,0,"@@ -0,0 +1,220 @@"
gitanim_history,fb14b645/ad_layer_indent_last.pl,0,block_insert,0,273,0,8648,0.0,0,0,"@@ -0,0 +1,273 @@"
gitanim_history,fb14b645/ad_layer_noop.pl,0,block_insert,0,212,0,6211,0.0,0,0,"@@ -0,0 +1,212 @@"
gitanim_history,fb14b645/ad_layer_pace.pl,0,block_insert,0,421,0,15113,0.0,0,0,"@@ -0,0 +1,421 @@"
gitanim_history,fb14b645/postprocess.pl,0,block_insert,0,551,0,18959,0.0,0,0,"@@ -0,0 +1,551 @@"
gitanim_history,fb14b645/ANIMATOR_TESTS_README.md,0,block_insert,0,50,0,1776,0.0,0,0,"@@ -0,0 +1,50 @@"
gitanim_history,fb14b645/old.py,0,block_insert,0,3,0,60,0.0,0,0,"@@ -0,0 +1,3 @@"
gitanim_history,fb14b645/new.py,0,block_insert,0,123,0,3886,0.0,0,0,"@@ -0,0 +1,123 @@"
gitanim_history,fb14b645/old.py,0,block_insert,0,76,0,2393,0.0,0,0,"@@ -0,0 +1,76 @@"
gitanim_history,fb14b645/new.sh,0,block_insert,0,54,0,1318,0.0,0,0,"@@ -0,0 +1,54 @@"
gitanim_history,fb14b645/old.sh,0,block_insert,0,26,0,486,0.0,0,0,"@@ -0,0 +1,26 @@"
gitanim_history,fb14b645/new.c,0,block_insert,0,18,0,352,0.0,0,0,"@@ -0,0 +1,18 @@"
gitanim_history,fb14b645/old.c,0,block_insert,0,11,0,193,0.0,0,0,"@@ -0,0 +1,11 @@"
gitanim_history,fb14b645/new.pl,0,block_insert,0,20,0,316,0.0,0,0,"@@ -0,0 +1,20 @@"
gitanim_history,fb14b645/old.pl,0,block_insert,0,9,0,108,0.0,0,0,"@@ -0,0 +1,9 @@"
gitanim_history,fb14b645/new.md,0,block_insert,0,44,0,667,0.0,0,0,"@@ -0,0 +1,44 @@"
gitanim_history,fb14b645/old.md,0,block_insert,0,11,0,161,0.0,0,0,"@@ -0,0 +1,11 @@"
gitanim_history,fb14b645/new.py,0,block_insert,0,38,0,902,0.0,0,0,"@@ -0,0 +1,38 @@"
gitanim_history,fb14b645/old.py,0,block_insert,0,14,0,267,0.0,0,0,"@@ -0,0 +1,14 @@"
gitanim_history,fb14b645/new.py,0,block_insert,0,393,0,12721,0.0,0,0,"@@ -0,0 +1,393 @@"
gitanim_history,fb14b645/old.py,0,block_insert,0,208,0,5755,0.0,0,0,"@@ -0,0 +1,208 @@"
gitanim_history,fb14b645/new.pl,0,block_insert,0,491,0,14855,0.0,0,0,"@@ -0,0 +1,491 @@"
gitanim_history,fb14b645/old.pl,0,block_insert,0,374,0,9704,0.0,0,0,"@@ -0,0 +1,374 @@"
gitanim_history,fb14b645/new.py,0,block_insert,0,1221,0,47879,0.0,0,0,"@@ -0,0 +1,1221 @@"
gitanim_history,fb14b645/old.py,0,block_insert,0,1016,0,36608,0.0,0,0,"@@ -0,0 +1,1016 @@"
gitanim_history,fb14b645/README.md,0,block_insert,0,59,0,1635,0.0,0,0,"@@ -0,0 +1,59 @@"
gitanim_history,fb14b645/test_all_animators.pl,0,block_insert,0,78,0,3529,0.0,0,0,"@@ -0,0 +1,78 @@"
gitanim_history,fb14b645/test_colormap.pl,0,block_insert,0,51,0,2596,0.0,0,0,"@@ -0,0 +1,51 @@"
gitanim_history,fb14b645/test_cross_language.pl,0,block_insert,0,95,0,3533,0.0,0,0,"@@ -0,0 +1,95 @@"
gitanim_history,fb14b645/test_delete_line_first.pl,0,block_insert,0,143,0,4420,0.0,0,0,"@@ -0,0 +1,143 @@"
gitanim_history,fb14b645/test_delete_pacing_modes.pl,0,block_insert,0,36,0,1249,0.0,0,0,"@@ -0,0 +1,36 @@"
gitanim_history,fb14b645/test_newline_fix.pl,0,block_insert,0,150,0,6117,0.0,0,0,"@@ -0,0 +1,150 @@"
gitanim_history,fb14b645/test_perf.pl,0,block_insert,0,43,0,1210,0.0,0,0,"@@ -0,0 +1,43 @@"
gitanim_history,fb14b645/test_perl_animator.pl,0,block_insert,0,43,0,1380,0.0,0,0,"@@ -0,0 +1,43 @@"
gitanim_history,fb14b645/test_property.pl,0,block_insert,0,92,0,2645,0.0,0,0,"@@ -0,0 +1,92 @@"
gitanim_history,fb14b645/test_roundtrip.pl,0,block_insert,0,98,0,3452,0.0,0,0,"@@ -0,0 +1,98 @@"
gitanim_history,fb14b645/test_roundtrip_verify.pl,0,block_insert,0,137,0,4422,0.0,0,0,"@@ -0,0 +1,137 @@"
gitanim_history,fb14b645/test_snapshot_each_op.pl,0,block_insert,0,229,0,8849,0.0,0,0,"@@ -0,0 +1,229 @@"
gitanim_history,fb14b645/test_streaming.pl,0,block_insert,0,35,0,1117,0.0,0,0,"@@ -0,0 +1,35 @@"
gitanim_history,fb14b645/README.md,0,block_insert,0,76,0,2356,0.0,0,0,"@@ -0,0 +1,76 @@"
gitanim_history,fb14b645/ad_debug.sh,0,block_insert,0,176,0,6002,0.0,0,0,"@@ -0,0 +1,176 @@"
gitanim_history,fb14b645/ad_debug_bundle.sh,0,block_insert,0,227,0,9025,0.0,0,0,"@@ -0,0 +1,227 @@"
gitanim_history,fb14b645/ad_demo.sh,0,block_insert,0,59,0,1806,0.0,0,0,"@@ -0,0 +1,59 @@"
gitanim_history,fb14b645/ad_package.sh,0,block_insert,0,74,0,2086,0.0,0,0,"@@ -0,0 +1,74 @@"
gitanim_history,fb14b645/ad_record.sh,0,block_insert,0,57,0,2070,0.0,0,0,"@@ -0,0 +1,57 @@"
gitanim_history,fb14b645/ad_replay.sh,0,block_insert,0,50,0,1663,0.0,0,0,"@@ -0,0 +1,50 @@"
gitanim_history,fb14b645/ad_snapshot.sh,0,block_insert,0,610,0,31451,0.0,0,0,"@@ -0,0 +1,610 @@"
gitanim_history,fb14b645/ad_suggest.sh,0,block_insert,0,62,0,2444,0.0,0,0,"@@ -0,0 +1,62 @@"
gitanim_history,fb14b645/ad_tune.sh,0,block_insert,0,366,0,12092,0.0,0,0,"@@ -0,0 +1,366 @@"
gitanim_history,badba1f5/README.md,0,block_delete,30,0,889,0,0.0,0,0,"@@ -1,30 +0,0 @@"
gitanim_history,badba1f5/IMPROVEMENTS.md,0,block_delete,243,0,15681,0,0.0,0,0,"@@ -1,243 +0,0 @@"
gitanim_history,badba1f5/first_improvements.md,0,block_delete,24,0,1834,0,0.0,0,0,"@@ -1,24 +0,0 @@"
gitanim_history,15e55fea/RESTRUCTURE_ANALYSIS.md,0,block_move,68,44,3643,3191,0.481,0,0,"@@ -1,102 +1,78 @@"
gitanim_history,15e55fea/RESTRUCTURE_ANALYSIS.md,1,block_move,287,204,13343,15471,0.786,0,0,"@@ -113,346 +89,263 @@ ad/                           # project root (rename from gitanim if desired)"
gitanim_history,010cbdcf/RESTRUCTURE_ANALYSIS.md,0,block_insert,0,458,0,18718,0.0,0,0,"@@ -0,0 +1,458 @@"
gitanim_history,b97649e4/FLEXIBILITY.md,0,block_insert,0,307,0,13358,0.0,0,0,"@@ -0,0 +1,307 @@"
gitanim_history,b97649e4/pp_indent_last.pl,0,block_insert,0,273,0,8648,0.0,0,0,"@@ -0,0 +1,273 @@"
gitanim_history,b97649e4/test_indent_last.pl,0,block_modify,2,2,211,201,0.786,0,0,"@@ -92,8 +92,8 @@ if ($found_space_after_content) {"
gitanim_history,b97649e4/test_indent_last.pl,1,block_insert,0,46,0,2235,0.0,0,0,"@@ -113,5 +113,51 @@ if (system(""diff -q '$new' /tmp/il_test_out_il.txt >/dev/null 2>&1"") == 0) {"
gitanim_history,b97649e4/test_layers_discovery.pl,0,block_insert,0,212,0,9001,0.0,0,0,"@@ -0,0 +1,212 @@"
gitanim_history,c3aba555/pp_line_delete_in_place.c,0,block_insert,0,97,0,4772,0.0,0,0,"@@ -0,0 +1,97 @@"
gitanim_history,f6f380e5/test_overwrite_layer.sh,0,block_modify,2,2,137,127,0.75,0,0,"@@ -49,14 +49,14 @@ echo ""Test 3: Animation WITH overwrite produces correct output"""
gitanim_history,f6f380e5/test_overwrite_layer.sh,1,word_replace,1,1,66,61,0.727,0,0,"@@ -117,7 +117,7 @@ echo ""Test 10: Multiple pairs animation correct"""
gitanim_history,f6f380e5/test_postprocess_layers.sh,0,word_replace,1,1,85,80,0.75,0,0,"@@ -91,7 +91,7 @@ fi"
gitanim_history,f6f380e5/test_postprocess_layers.sh,1,word_replace,1,1,91,86,0.75,0,0,"@@ -103,7 +103,7 @@ DIFFVIM_LEFT_TO_RIGHT=1 ""$ROOT/compute/bin/diffvim-compute-cpp"" \"
gitanim_history,9e74f628/README.md,0,literal_replace,1,1,146,149,0.818,0,0,"@@ -18,7 +18,7 @@ the op."
gitanim_history,9e74f628/README.md,1,literal_replace,1,1,68,71,0.818,0,0,"@@ -44,7 +44,7 @@ the op."
gitanim_history,9e74f628/README.md,2,word_replace,1,1,35,33,0.625,0,0,"@@ -54,7 +54,7 @@ cc -O2 -Wall -Wextra -Wunused -Werror -I c \"
gitanim_history,9e74f628/README.md,0,literal_replace,1,1,68,71,0.818,0,0,"@@ -26,7 +26,7 @@ animator)."
gitanim_history,9e74f628/README.md,1,word_replace,1,1,53,51,0.667,0,0,"@@ -46,7 +46,7 @@ cc -O2 -Wall -Wextra -Wunused -Werror -I animator/c \"
gitanim_history,9e74f628/README.md,2,word_replace,1,1,53,51,0.667,0,0,"@@ -58,7 +58,7 @@ cc -O2 -Wall -Wextra -Wunused -Werror -I animator/c \"
gitanim_history,9e74f628/pp_highlight.c,0,block_insert,0,410,0,14168,0.0,0,0,"@@ -0,0 +1,410 @@"
gitanim_history,9e74f628/pp_pace.c,0,block_insert,0,789,0,36204,0.0,0,0,"@@ -0,0 +1,789 @@"
gitanim_history,9e74f628/COMPARISON.md,0,word_replace,1,1,52,47,0.625,0,0,"@@ -43,7 +43,7 @@ User runs:  diffvim old.py new.py  (or the pipeline directly)"
gitanim_history,9e74f628/COMPARISON.md,1,word_replace,1,1,37,32,0.5,0,0,"@@ -258,7 +258,7 @@ diffvim old.py new.py"
gitanim_history,9e74f628/README.md,0,word_replace,1,1,53,51,0.667,0,0,"@@ -67,7 +67,7 @@ This separation means:"
gitanim_history,9e74f628/README.md,1,line_replace,1,1,16,11,0.0,0,0,"@@ -190,7 +190,7 @@ and emits a `(line, col)` for every op so the animator is scroll-safe."
gitanim_history,9e74f628/README.md,2,word_replace,1,1,67,62,0.667,0,0,"@@ -254,7 +254,7 @@ introduced in the Phase C refactor):"
gitanim_history,9e74f628/decorate.pl,0,word_replace,1,1,68,64,0.727,0,0,"@@ -1,5 +1,5 @@"
gitanim_history,9e74f628/decorate.pl,1,word_replace,1,1,35,31,0.4,0,0,"@@ -8,7 +8,7 @@"
gitanim_history,9e74f628/decorate.pl,2,word_replace,1,1,55,51,0.625,0,0,"@@ -51,7 +51,7 @@ GetOptions("
gitanim_history,9e74f628/pace.pl,0,word_replace,1,1,43,38,0.571,0,0,"@@ -1,5 +1,5 @@"
gitanim_history,9e74f628/pace.pl,1,word_replace,1,1,63,58,0.571,0,0,"@@ -9,7 +9,7 @@"
gitanim_history,9e74f628/pace.pl,2,word_replace,1,1,51,46,0.625,0,0,"@@ -62,7 +62,7 @@ GetOptions("
gitanim_history,9e74f628/test_colormap.pl,0,word_replace,1,1,87,82,0.769,0,0,"@@ -11,7 +11,7 @@ my $old = ""$root/examples/01_small_python/old.py"";"
gitanim_history,9e74f628/test_colormap.pl,1,word_replace,1,1,87,82,0.769,0,0,"@@ -37,7 +37,7 @@ $old = ""$root/examples/32_python_classes/old.py"";"
gitanim_history,9e74f628/test_cross_language.pl,0,word_replace,1,1,46,41,0.571,0,0,"@@ -19,7 +19,7 @@ my %postprocess = ("
gitanim_history,9e74f628/test_delete_line_first.pl,0,word_replace,1,1,74,69,0.727,0,0,"@@ -34,7 +34,7 @@ sub run_test {"
gitanim_history,9e74f628/test_delete_pacing_modes.pl,0,literal_replace,1,1,113,108,0.812,0,0,"@@ -15,7 +15,7 @@ for my $mode (@modes) {"
gitanim_history,9e74f628/test_snapshot_each_op.pl,0,word_replace,1,1,109,104,0.786,0,0,"@@ -137,7 +137,7 @@ for my $case (@cases) {"
gitanim_history,9e74f628/test_l2r.sh,0,block_modify,2,2,193,183,0.786,0,0,"@@ -63,13 +63,13 @@ _run_pipeline() {"
gitanim_history,9e74f628/dv_debug.sh,0,word_replace,1,1,62,57,0.667,0,0,"@@ -36,7 +36,7 @@ DESCRIPTION"
gitanim_history,9e74f628/dv_debug.sh,1,word_replace,1,1,67,62,0.667,0,0,"@@ -137,7 +137,7 @@ head -30 ""$POST"" | cat -n"
gitanim_history,9e74f628/dv_debug_bundle.sh,0,block_modify,3,3,364,351,0.783,0,0,"@@ -137,11 +137,11 @@ cp ""$NEW"" ""$BUNDLE_DIR/new.txt"""
gitanim_history,9e74f628/dv_debug_bundle.sh,1,block_modify,2,2,167,158,0.75,0,0,"@@ -152,9 +152,9 @@ fi"
gitanim_history,9e74f628/dv_package.sh,0,word_replace,1,1,36,34,0.625,0,0,"@@ -53,7 +53,7 @@ make -C ""$ROOT/compute"" clean all"
gitanim_history,9e74f628/dv_package.sh,1,word_replace,1,1,31,26,0.4,0,0,"@@ -61,7 +61,7 @@ tar czf ""$TARBALL"" \"
gitanim_history,9e74f628/dv_record.sh,0,word_replace,1,1,67,62,0.7,0,0,"@@ -52,6 +52,6 @@ OLD=""$1""; NEW=""$2""; RECORDING=""$3"""
gitanim_history,9e74f628/dv_snapshot.sh,0,word_replace,1,1,111,106,0.786,0,0,"@@ -248,7 +248,7 @@ post_ops=$(grep -cv ""^#\|^$"" ""$POST"" 2>/dev/null || echo 0)"
gitanim_history,9e74f628/dv_snapshot.sh,1,block_modify,2,2,188,180,0.8,0,0,"@@ -257,8 +257,8 @@ timed_ops=$(grep -cv ""^#\|^$"" ""$TIMED"" 2>/dev/null || echo 0)"
gitanim_history,9e74f628/dv_tune.sh,0,literal_replace,1,1,130,125,0.812,0,0,"@@ -152,7 +152,7 @@ run_pipeline() {"
gitanim_history,9e74f628/dv_tune.sh,1,word_replace,1,1,85,81,0.727,0,0,"@@ -161,7 +161,7 @@ run_pipeline() {"
gitanim_history,66852af6/pp_indent_last.c,0,line_expand,1,8,74,336,0.175,0,0,"@@ -1,4 +1,11 @@"
gitanim_history,66852af6/pp_indent_last.c,1,line_delete,1,0,41,0,0.0,0,0,"@@ -10,7 +17,6 @@ int main(void) {"
gitanim_history,66852af6/pp_indent_last.c,2,block_modify,7,27,1029,1484,0.638,0,0,"@@ -20,18 +26,38 @@ int main(void) {"
gitanim_history,66852af6/pp_indent_last.c,3,block_modify,3,5,1021,788,0.829,0,0,"@@ -39,10 +65,12 @@ int main(void) {"
gitanim_history,66852af6/pp_indent_last.c,4,block_modify,3,5,1213,964,0.861,0,0,"@@ -50,9 +78,11 @@ int main(void) {"
gitanim_history,cfab777b/pp_adjust.c,0,block_delete,177,0,6283,0,0.0,0,0,"@@ -1,177 +0,0 @@"
gitanim_history,cfab777b/pp_indent_last.c,0,block_replace,83,49,2807,5483,0.223,0,0,"@@ -1,92 +1,58 @@"
gitanim_history,cfab777b/pp_line_delete_in_place.c,0,block_delete,176,0,5695,0,0.0,0,0,"@@ -1,176 +0,0 @@"
gitanim_history,cfab777b/pp_overwrite.c,0,block_replace,54,41,1780,4730,0.25,0,0,"@@ -1,60 +1,47 @@"
gitanim_history,cfab777b/pp_reorder.c,0,block_replace,62,126,2465,7817,0.228,0,0,"@@ -1,70 +1,134 @@"
gitanim_history,b2093399/pp_indent_last.c,0,block_replace,19,4,836,259,0.272,0,0,"@@ -1,27 +1,12 @@"
gitanim_history,b2093399/pp_indent_last.c,1,line_delete,1,0,0,0,1.0,0,0,"@@ -29,7 +14,6 @@"
gitanim_history,b2093399/pp_indent_last.c,2,block_delete,2,0,132,0,0.0,0,0,"@@ -53,8 +37,6 @@ int layer_indent_last(Op *in, int in_count, Op *out, int out_cap,"
gitanim_history,b2093399/pp_indent_last.c,3,block_delete,2,0,131,0,0.0,0,0,"@@ -69,12 +51,10 @@ int layer_indent_last(Op *in, int in_count, Op *out, int out_cap,"
gitanim_history,b2093399/pp_indent_last.c,4,block_replace,17,2,1006,91,0.087,0,0,"@@ -83,27 +63,12 @@ int layer_indent_last(Op *in, int in_count, Op *out, int out_cap,"
gitanim_history,b2093399/pp_indent_last.c,5,word_replace,1,1,57,55,0.667,0,0,"@@ -121,7 +86,7 @@ int layer_indent_last(Op *in, int in_count, Op *out, int out_cap,"
gitanim_history,b2093399/pp_overwrite.c,0,block_replace,82,4,3328,236,0.096,0,0,"@@ -1,100 +1,22 @@"
gitanim_history,b2093399/pp_overwrite.c,1,block_replace,19,2,904,67,0.125,0,0,"@@ -108,33 +30,16 @@ int layer_overwrite(Op *in, int in_count, Op *out, int out_cap,"
gitanim_history,b2093399/pp_overwrite.c,2,block_modify,4,2,139,125,0.8,0,0,"@@ -143,15 +48,13 @@ int layer_overwrite(Op *in, int in_count, Op *out, int out_cap,"
gitanim_history,b2093399/pp_reorder.c,0,block_replace,18,9,943,479,0.303,0,0,"@@ -1,31 +1,22 @@"
gitanim_history,b2093399/pp_reorder.c,1,line_delete,1,0,33,0,0.0,0,0,"@@ -42,7 +33,6 @@ int layer_reorder(Op *in, int in_count, Op *out, int out_cap,"
gitanim_history,b2093399/pp_reorder.c,2,line_collapse,8,1,440,57,0.122,0,0,"@@ -68,14 +58,7 @@ int layer_reorder(Op *in, int in_count, Op *out, int out_cap,"
gitanim_history,99b34311/pp_adjust.c,0,literal_replace,1,1,46,70,0.833,0,0,"@@ -108,7 +108,7 @@ void adjust_positions(Op *ops, int n_ops, int current_characters_in,"
gitanim_history,99b34311/pp_indent_last.c,0,block_insert,0,127,0,4682,0.0,0,0,"@@ -0,0 +1,127 @@"
gitanim_history,99b34311/pp_layer0_v2.c,0,block_delete,188,0,7088,0,0.0,0,0,"@@ -1,188 +0,0 @@"
gitanim_history,99b34311/pp_line_delete_in_place.c,0,block_insert,0,176,0,5695,0.0,0,0,"@@ -0,0 +1,176 @@"
gitanim_history,99b34311/pp_overwrite.c,0,block_insert,0,157,0,5792,0.0,0,0,"@@ -0,0 +1,157 @@"
gitanim_history,99b34311/pp_reorder.c,0,block_insert,0,87,0,3400,0.0,0,0,"@@ -0,0 +1,87 @@"
gitanim_history,67ad3f2d/pp_common.h,0,literal_replace,1,1,2,6,1.0,0,0,"@@ -1,4 +1,4 @@"
gitanim_history,67ad3f2d/pp_common.h,1,literal_replace,1,1,2,6,1.0,0,0,"@@ -59,7 +59,7 @@ typedef struct {"
gitanim_history,67ad3f2d/pp_common.h,2,literal_replace,1,1,2,6,1.0,0,0,"@@ -126,7 +126,7 @@ static void pp_dump_ops(const char *layer_id, const char *suffix,"
gitanim_history,67ad3f2d/pp_common.h,3,literal_replace,1,1,2,6,1.0,0,0,"@@ -189,7 +189,7 @@ static void pp_write_hunk_end(void) {"
gitanim_history,67ad3f2d/pp_common.h,4,block_replace,2,62,76,2523,0.034,0,0,"@@ -208,8 +208,68 @@ __attribute__((unused)) static int pp_is_debug_op(Op *op) {"
gitanim_history,67ad3f2d/pp_common.h,5,block_insert,0,20,0,856,0.0,0,0,"@@ -239,6 +299,26 @@ __attribute__((unused)) static int pp_run_layer(int (*layer_func)(Op *in, int in"
gitanim_history,67ad3f2d/pp_common.h,6,block_insert,0,3,0,272,0.0,0,0,"@@ -279,6 +359,9 @@ __attribute__((unused)) static int pp_run_layer(int (*layer_func)(Op *in, int in"
gitanim_history,67ad3f2d/pp_common.h,7,block_insert,0,3,0,272,0.0,0,0,"@@ -322,6 +405,9 @@ __attribute__((unused)) static int pp_run_layer(int (*layer_func)(Op *in, int in"
gitanim_history,67ad3f2d/pp_common.h,8,block_insert,0,3,0,248,0.0,0,0,"@@ -386,6 +472,9 @@ __attribute__((unused)) static int pp_run_layer(int (*layer_func)(Op *in, int in"
gitanim_history,67ad3f2d/pp_layer1_reorder.c,0,literal_replace,1,1,54,47,0.857,0,0,"@@ -32,7 +32,7 @@ int layer1_reorder(Op *in, int in_count, Op *out, int out_cap,"
gitanim_history,67ad3f2d/pp_layer1_reorder.c,1,line_expand,1,5,66,336,0.22,0,0,"@@ -68,7 +68,11 @@ int layer1_reorder(Op *in, int in_count, Op *out, int out_cap,"
gitanim_history,67ad3f2d/pp_layer_indent_last.c,0,block_replace,3,15,148,864,0.214,0,0,"@@ -85,13 +85,25 @@ int layer_indent_last(Op *in, int in_count, Op *out, int out_cap,"
gitanim_history,e6dd716f/DEBUGGING_LAYERS.md,0,block_insert,0,166,0,4542,0.0,0,0,"@@ -0,0 +1,166 @@"
gitanim_history,06323bdd/postprocess.c,0,block_delete,232,0,9039,0,0.0,0,0,"@@ -1,232 +0,0 @@"
gitanim_history,06323bdd/pp_common.h,0,line_insert,0,1,0,77,0.0,0,0,"@@ -237,6 +237,7 @@ __attribute__((unused)) static int pp_run_layer(int (*layer_func)(Op *in, int in"
gitanim_history,06323bdd/pp_common.h,1,block_insert,0,4,0,164,0.0,0,0,"@@ -266,6 +267,10 @@ __attribute__((unused)) static int pp_run_layer(int (*layer_func)(Op *in, int in"
gitanim_history,06323bdd/pp_common.h,2,block_insert,0,9,0,405,0.0,0,0,"@@ -281,6 +286,15 @@ __attribute__((unused)) static int pp_run_layer(int (*layer_func)(Op *in, int in"
gitanim_history,06323bdd/pp_common.h,3,block_insert,0,4,0,164,0.0,0,0,"@@ -296,6 +310,10 @@ __attribute__((unused)) static int pp_run_layer(int (*layer_func)(Op *in, int in"
gitanim_history,06323bdd/pp_common.h,4,block_insert,0,9,0,405,0.0,0,0,"@@ -311,6 +329,15 @@ __attribute__((unused)) static int pp_run_layer(int (*layer_func)(Op *in, int in"
gitanim_history,06323bdd/pp_common.h,5,block_insert,0,4,0,140,0.0,0,0,"@@ -347,6 +374,10 @@ __attribute__((unused)) static int pp_run_layer(int (*layer_func)(Op *in, int in"
gitanim_history,06323bdd/pp_layer1_reorder.c,0,block_replace,18,23,1012,1116,0.18,0,0,"@@ -1,43 +1,48 @@"
gitanim_history,06323bdd/pp_layer1_reorder.c,1,block_replace,3,6,124,214,0.129,0,0,"@@ -54,22 +59,25 @@ int layer1_reorder(Op *in, int in_count, Op *out, int out_cap,"
gitanim_history,3edd4bed/PER_LAYER_ADJUSTMENT_REQUIREMENTS.md,0,block_insert,0,536,0,20580,0.0,0,0,"@@ -0,0 +1,536 @@"
gitanim_history,e1eb8d63/postprocess.c,0,block_replace,134,5,5753,328,0.107,0,0,"@@ -34,144 +34,15 @@ extern int layer_overwrite(Op *in, int in_count, Op *out, int out_cap,"
gitanim_history,e1eb8d63/postprocess.c,1,block_replace,5,6,368,442,0.349,0,0,"@@ -288,15 +159,16 @@ int main(int argc, char **argv) {"
gitanim_history,e1eb8d63/postprocess.c,2,block_replace,2,3,140,232,0.308,0,0,"@@ -337,8 +209,9 @@ int main(int argc, char **argv) {"
gitanim_history,e1eb8d63/pp_adjust.c,0,block_insert,0,177,0,6259,0.0,0,0,"@@ -0,0 +1,177 @@"
gitanim_history,e1eb8d63/pp_layer_delete_line_first.c,0,block_delete,170,0,6094,0,0.0,0,0,"@@ -1,170 +0,0 @@"
gitanim_history,e1eb8d63/pp_layer_line_delete_in_place.c,0,block_insert,0,176,0,5695,0.0,0,0,"@@ -0,0 +1,176 @@"
gitanim_history,597f4b5c/postprocess.c,0,block_insert,0,2,0,137,0.0,0,0,"@@ -34,6 +34,8 @@ extern int layer_overwrite(Op *in, int in_count, Op *out, int out_cap,"
gitanim_history,597f4b5c/postprocess.c,1,block_insert,0,5,0,308,0.0,0,0,"@@ -286,6 +288,11 @@ int main(int argc, char **argv) {"
gitanim_history,597f4b5c/postprocess.c,2,block_insert,0,2,0,140,0.0,0,0,"@@ -330,6 +337,8 @@ int main(int argc, char **argv) {"
gitanim_history,597f4b5c/pp_layer_delete_line_first.c,0,block_insert,0,170,0,6094,0.0,0,0,"@@ -0,0 +1,170 @@"
gitanim_history,597f4b5c/test_delete_line_first.pl,0,block_insert,0,143,0,4425,0.0,0,0,"@@ -0,0 +1,143 @@"
gitanim_history,597f4b5c/PP_LAYER_DELETE_LINE_FIRST.md,0,block_insert,0,83,0,2247,0.0,0,0,"@@ -0,0 +1,83 @@"
gitanim_history,da64fdb4/diffvim.pl,0,block_delete,2,0,51,0,0.0,0,0,"@@ -107,10 +107,8 @@ my $max_line_len   = _env_or('DIFFVIM_MAX_LINE_LEN', 10000);"
gitanim_history,da64fdb4/diffvim.pl,1,block_delete,2,0,87,0,0.0,0,0,"@@ -142,10 +140,8 @@ GetOptions("
gitanim_history,da64fdb4/diffvim.pl,2,block_delete,2,0,143,0,0.0,0,0,"@@ -251,10 +247,8 @@ Options:"
gitanim_history,da64fdb4/diffvim.pl,3,word_replace,1,1,151,81,0.75,0,0,"@@ -1122,7 +1116,7 @@ sub compute_diff {"
gitanim_history,da64fdb4/compute.md,0,block_delete,4,0,133,0,0.0,0,0,"@@ -47,10 +47,6 @@ is present they pre-compute before launching vim, so the manual"
gitanim_history,da64fdb4/compute.md,1,block_delete,2,0,175,0,0.0,0,0,"@@ -70,9 +66,7 @@ diffvim --precomputed /tmp/diff.txt old.py new.py"
gitanim_history,da64fdb4/compute.md,2,block_delete,2,0,169,0,0.0,0,0,"@@ -87,9 +81,7 @@ produces the same op count as patience."
gitanim_history,da64fdb4/compute.md,3,block_delete,2,0,37,0,0.0,0,0,"@@ -101,9 +93,7 @@ The compute tool writes a line-oriented diff file that diffvim's"
gitanim_history,da64fdb4/introduction.md,0,word_replace,1,1,69,37,0.6,0,0,"@@ -25,7 +25,7 @@ re-typed — surrounding text is never touched."
gitanim_history,da64fdb4/introduction.md,1,literal_replace,1,1,65,45,0.833,0,0,"@@ -33,7 +33,7 @@ re-typed — surrounding text is never touched."
gitanim_history,da64fdb4/options.md,0,block_delete,29,0,1130,0,0.0,0,0,"@@ -96,35 +96,6 @@ Line-level diff algorithm (default: `patience`). (Myers was removed in the"
gitanim_history,da64fdb4/options.md,1,line_delete,1,0,52,0,0.0,0,0,"@@ -233,7 +204,6 @@ All options can be set via `DIFFVIM_<OPTION_NAME>` environment"
gitanim_history,da64fdb4/options.md,2,line_delete,1,0,89,0,0.0,0,0,"@@ -266,7 +236,6 @@ Core timing env vars:"
gitanim_history,da64fdb4/parsers.md,0,block_delete,2,0,123,0,0.0,0,0,"@@ -13,9 +13,7 @@ parse_diff($old_file, $new_file, \%options)"
gitanim_history,da64fdb4/parsers.md,1,block_delete,2,0,136,0,0.0,0,0,"@@ -49,8 +47,6 @@ Pure-Perl Patience diff. No external dependencies beyond Perl core."
gitanim_history,da64fdb4/presets.md,0,block_modify,3,3,200,158,0.8,0,0,"@@ -61,9 +61,9 @@ Press `n` to advance to the next hunk. Press `b` to go back."
gitanim_history,da64fdb4/presets.md,1,typo_fix,1,1,113,113,0.833,0,0,"@@ -102,7 +102,7 @@ diffvim --preset presentation --output result.py old.py new.py"
gitanim_history,04f5c8c1/CHANGELOG.md,0,word_replace,1,1,74,61,0.714,0,0,"@@ -7,7 +7,7 @@ and this project adheres to [Semantic Versioning](https://semver.org/spec/v2.0.0"
gitanim_history,04f5c8c1/CHANGELOG.md,1,block_delete,17,0,720,0,0.0,0,0,"@@ -27,23 +27,6 @@ and this project adheres to [Semantic Versioning](https://semver.org/spec/v2.0.0"
gitanim_history,04f5c8c1/CHANGELOG.md,2,line_delete,1,0,28,0,0.0,0,0,"@@ -66,7 +49,6 @@ New `docs/DEVELOPER_GUIDE.md` — comprehensive onboarding guide covering:"
gitanim_history,04f5c8c1/README.md,0,word_replace,1,1,63,146,0.6,0,0,"@@ -18,7 +18,7 @@ the op."
gitanim_history,04f5c8c1/README.md,1,block_replace,4,12,216,682,0.237,0,0,"@@ -36,16 +36,24 @@ the op."
gitanim_history,04f5c8c1/README.md,2,line_replace,1,1,28,0,0.0,0,0,"@@ -65,7 +73,7 @@ Run all tests:"
gitanim_history,04f5c8c1/README.md,3,line_insert,0,1,0,75,0.0,0,0,"@@ -81,5 +89,6 @@ See `tests/README.md` for details on each test."
gitanim_history,04f5c8c1/README.md,0,block_replace,8,37,400,1984,0.257,0,0,"@@ -9,27 +9,56 @@ animator)."
gitanim_history,04f5c8c1/README.md,1,line_insert,0,1,0,63,0.0,0,0,"@@ -41,5 +70,6 @@ stale (v1 output instead of v2)."
gitanim_history,04f5c8c1/postprocess.c,0,block_move,23,15,1060,878,0.226,0,0,"@@ -1,33 +1,25 @@"
gitanim_history,04f5c8c1/postprocess.c,1,block_replace,11,136,610,5854,0.117,0,0,"@@ -35,33 +27,158 @@"
gitanim_history,04f5c8c1/postprocess.c,2,block_delete,7,0,441,0,0.0,0,0,"@@ -73,17 +190,10 @@ static int run_layer_on_buffer(int (*layer_func)(Op *in, int in_count,"
gitanim_history,04f5c8c1/postprocess.c,3,line_delete,1,0,20,0,0.0,0,0,"@@ -102,7 +212,6 @@ int main(int argc, char **argv) {"
gitanim_history,04f5c8c1/postprocess.c,4,block_move,69,7,2324,398,0.169,0,0,"@@ -113,100 +222,38 @@ int main(int argc, char **argv) {"
gitanim_history,04f5c8c1/postprocess.c,5,block_move,33,18,2192,1099,0.235,0,0,"@@ -220,49 +267,34 @@ int main(int argc, char **argv) {"
gitanim_history,04f5c8c1/postprocess.c,6,line_delete,1,0,40,0,0.0,0,0,"@@ -274,7 +306,6 @@ int main(int argc, char **argv) {"
gitanim_history,04f5c8c1/postprocess.c,7,block_move,11,8,865,412,0.366,0,0,"@@ -289,21 +320,18 @@ int main(int argc, char **argv) {"
gitanim_history,04f5c8c1/postprocess.c,8,block_replace,5,2,151,37,0.235,0,0,"@@ -311,15 +339,12 @@ int main(int argc, char **argv) {"
gitanim_history,04f5c8c1/pp_common.h,0,line_replace,1,1,45,75,0.125,0,0,"@@ -7,7 +7,7 @@"
gitanim_history,04f5c8c1/pp_common.h,1,block_delete,4,0,298,0,0.0,0,0,"@@ -46,10 +46,6 @@ typedef struct {"
gitanim_history,04f5c8c1/pp_common.h,2,line_delete,1,0,78,0,0.0,0,0,"@@ -168,7 +164,6 @@ static int pp_parse_op(const char *line, Op *op) {"
gitanim_history,04f5c8c1/pp_layer1_reorder.c,0,block_modify,3,8,230,485,0.632,0,0,"@@ -36,18 +36,23 @@ int layer1_reorder(Op *in, int in_count, Op *out, int out_cap,"
gitanim_history,04f5c8c1/pp_layer3_cursor.c,0,block_delete,481,0,18914,0,0.0,0,0,"@@ -1,481 +0,0 @@"
gitanim_history,04f5c8c1/pp_layer_indent_last.c,0,block_replace,38,12,1956,672,0.201,0,0,"@@ -1,46 +1,20 @@"
gitanim_history,04f5c8c1/pp_layer_indent_last.c,1,line_collapse,47,1,1790,58,0.043,0,0,"@@ -48,72 +22,26 @@"
gitanim_history,04f5c8c1/pp_layer_indent_last.c,2,block_replace,13,6,807,338,0.418,0,0,"@@ -122,37 +50,30 @@ int layer_indent_last(Op *in, int in_count, Op *out, int out_cap,"
gitanim_history,04f5c8c1/pp_layer_indent_last.c,3,block_replace,45,4,2339,244,0.114,0,0,"@@ -162,60 +83,19 @@ int layer_indent_last(Op *in, int in_count, Op *out, int out_cap,"
gitanim_history,04f5c8c1/pp_layer_indent_last.c,4,block_modify,2,2,117,126,0.769,0,0,"@@ -223,13 +103,13 @@ int layer_indent_last(Op *in, int in_count, Op *out, int out_cap,"
gitanim_history,04f5c8c1/pp_layer_overwrite.c,0,block_replace,3,19,185,1051,0.333,0,0,"@@ -85,12 +85,28 @@ int layer_overwrite(Op *in, int in_count, Op *out, int out_cap,"
gitanim_history,04f5c8c1/README.md,0,line_delete,1,0,51,0,0.0,0,0,"@@ -12,7 +12,6 @@ Test suites for the animator pipeline. All tests are in Perl."
gitanim_history,04f5c8c1/README.md,1,block_delete,2,0,67,0,0.0,0,0,"@@ -28,12 +27,10 @@ Total: **117 tests** (excluding the open-ended ones)."
gitanim_history,04f5c8c1/test_ghost_line.pl,0,block_delete,158,0,8011,0,0.0,0,0,"@@ -1,158 +0,0 @@"
gitanim_history,04f5c8c1/test_snapshot_each_op.pl,0,word_replace,1,1,68,54,0.333,0,0,"@@ -74,7 +74,7 @@ sub ref_apply_op {"
gitanim_history,04f5c8c1/100_IMPROVEMENTS.md,0,block_replace,314,956,11161,68533,0.165,0,0,"@@ -1,314 +1,956 @@"
gitanim_history,04f5c8c1/AI_CODE_DIFFING.md,0,literal_replace,1,1,342,322,0.923,0,0,"@@ -352,4 +352,4 @@ keep 32"
gitanim_history,04f5c8c1/ANIMATOR_REQUIREMENTS.md,0,line_collapse,3,1,162,37,0.087,0,0,"@@ -73,12 +73,10 @@ Each stage reads from stdin and writes to stdout, enabling:"
gitanim_history,04f5c8c1/ANIMATOR_REQUIREMENTS.md,1,line_replace,1,1,45,42,0.125,0,0,"@@ -161,7 +159,7 @@ old.py + new.py"
gitanim_history,04f5c8c1/ANIMATOR_REQUIREMENTS.md,2,word_replace,1,1,78,100,0.4,0,0,"@@ -367,7 +365,7 @@ and pacing instructions."
gitanim_history,04f5c8c1/ANIMATOR_REQUIREMENTS.md,3,block_modify,3,2,175,132,0.792,0,0,"@@ -424,9 +422,8 @@ This is used for:"
gitanim_history,04f5c8c1/ANIMATOR_REQUIREMENTS.md,4,line_delete,1,0,79,0,0.0,0,0,"@@ -444,7 +441,6 @@ buffer at startup."
gitanim_history,04f5c8c1/ANIMATOR_REQUIREMENTS.md,5,word_replace,1,1,64,94,0.4,0,0,"@@ -452,7 +448,7 @@ buffer at startup."
gitanim_history,04f5c8c1/ANIMATOR_REQUIREMENTS.md,6,word_replace,1,1,59,32,0.6,0,0,"@@ -470,7 +466,7 @@ buffer at startup."
gitanim_history,04f5c8c1/ANIMATOR_REQUIREMENTS.md,7,block_delete,3,0,127,0,0.0,0,0,"@@ -490,9 +486,6 @@ buffer at startup."
gitanim_history,04f5c8c1/ANIMATOR_REQUIREMENTS.md,8,block_replace,30,5,1112,238,0.263,0,0,"@@ -564,37 +557,12 @@ All three SHALL produce identical timed op streams."
gitanim_history,04f5c8c1/ANIMATOR_REQUIREMENTS.md,9,word_replace,1,1,66,49,0.571,0,0,"@@ -766,7 +734,7 @@ diffvim-animator-c/"
gitanim_history,04f5c8c1/ANIMATOR_REQUIREMENTS.md,10,word_replace,1,1,63,49,0.667,0,0,"@@ -800,7 +768,7 @@ diffvim-animator-c/"
gitanim_history,04f5c8c1/ANIMATOR_REQUIREMENTS.md,11,word_replace,1,1,74,57,0.727,0,0,"@@ -820,7 +788,7 @@ diffvim-animator-c/"
gitanim_history,04f5c8c1/ANIMATOR_REQUIREMENTS.md,12,line_collapse,6,1,274,64,0.323,0,0,"@@ -858,12 +826,7 @@ diffvim-animator-c/"
gitanim_history,04f5c8c1/CONFIGURATION.md,0,literal_replace,1,1,342,322,0.923,0,0,"@@ -388,4 +388,4 @@ rm /path/to/.filename.swp"
gitanim_history,04f5c8c1/CONTROLS.md,0,literal_replace,1,1,342,322,0.923,0,0,"@@ -281,4 +281,4 @@ script and change the `nnoremap` lines."
gitanim_history,04f5c8c1/DEBUGGING.md,0,format_only,4,4,160,197,1.0,1,0,"@@ -59,10 +59,10 @@ Produces raw char-level ops from the diff between old and new files."
gitanim_history,04f5c8c1/DEBUGGING.md,1,format_only,4,4,160,197,1.0,1,0,"@@ -90,10 +90,10 @@ Reads raw ops, reorders them, computes per-op (line, col) positions."
gitanim_history,04f5c8c1/DEBUGGING.md,2,format_only,7,7,172,228,1.0,1,0,"@@ -124,15 +124,15 @@ modify, reorder, or add ops.** Only inserts `delay` lines."
gitanim_history,04f5c8c1/DEBUGGING.md,3,format_only,2,2,28,30,1.0,1,0,"@@ -180,8 +180,8 @@ Run `bash scripts/dv_debug.sh <old> <new>` to get a full breakdown:"
gitanim_history,04f5c8c1/DEBUGGING.md,4,format_only,2,2,23,25,1.0,1,0,"@@ -202,10 +202,10 @@ compute: 0.34 ms (read 0.06 + diff 0.01 + write 0.25)"
gitanim_history,04f5c8c1/DEBUGGING.md,5,format_only,1,1,43,48,1.0,1,0,"@@ -234,7 +234,7 @@ grep '^HUNK' /tmp/dv_debug/post.txt"
gitanim_history,04f5c8c1/DEBUGGING.md,6,line_collapse,3,1,196,73,0.409,0,0,"@@ -317,9 +317,7 @@ The key sanity checks:"
gitanim_history,04f5c8c1/DEBUGGING.md,7,line_delete,1,0,55,0,0.0,0,0,"@@ -342,7 +340,6 @@ This is usually a problem in the **postprocess** — the ops are"
gitanim_history,04f5c8c1/DEVELOPER_GUIDE.md,0,block_modify,8,7,397,356,0.829,0,0,"@@ -17,14 +17,13 @@ layout, development workflow, and how to extend the project."
gitanim_history,04f5c8c1/DEVELOPER_GUIDE.md,1,block_delete,3,0,142,0,0.0,0,0,"@@ -81,9 +80,6 @@ The project has two modes:"
gitanim_history,04f5c8c1/DEVELOPER_GUIDE.md,2,block_delete,3,0,127,0,0.0,0,0,"@@ -257,9 +253,6 @@ The animator:"
gitanim_history,04f5c8c1/DEVELOPER_GUIDE.md,3,line_collapse,38,1,1226,14,0.01,0,0,"@@ -396,44 +389,7 @@ The C animator:"
gitanim_history,04f5c8c1/DEVELOPER_GUIDE.md,4,typo_fix,1,1,28,28,1.0,0,0,"@@ -482,7 +438,7 @@ perl tests/test_delete_pacing.pl"
gitanim_history,04f5c8c1/DEVELOPER_GUIDE.md,5,typo_fix,1,1,41,41,1.0,0,0,"@@ -498,7 +454,7 @@ diffvim auto-detects language from file extension. To add a new one:"
gitanim_history,04f5c8c1/DEVELOPER_GUIDE.md,6,typo_fix,1,1,31,31,1.0,0,0,"@@ -515,7 +471,7 @@ diffvim auto-detects language from file extension. To add a new one:"
gitanim_history,04f5c8c1/DEVELOPER_GUIDE.md,7,typo_fix,1,1,21,21,1.0,0,0,"@@ -534,7 +490,7 @@ diffvim auto-detects language from file extension. To add a new one:"
gitanim_history,04f5c8c1/DEVELOPER_GUIDE.md,8,typo_fix,1,1,22,22,1.0,0,0,"@@ -597,7 +553,7 @@ vim -u NONE -N -n -es -V9 \"
gitanim_history,04f5c8c1/DEVELOPER_GUIDE.md,9,block_delete,7,0,318,0,0.0,0,0,"@@ -611,13 +567,6 @@ The animator is using `redraw!` (vimscript) or `\033[2J` (C) on every op."
gitanim_history,04f5c8c1/DEVELOPER_GUIDE.md,10,typo_fix,1,1,25,25,1.0,0,0,"@@ -633,7 +582,7 @@ ignore this value — they process hunks as they arrive."
gitanim_history,04f5c8c1/DEVELOPER_GUIDE.md,11,line_delete,1,0,68,0,0.0,0,0,"@@ -683,5 +632,4 @@ ignore this value — they process hunks as they arrive."
gitanim_history,04f5c8c1/FAQ.md,0,block_delete,7,0,277,0,0.0,0,0,"@@ -17,13 +17,6 @@ During animation in vim, press `-` to slow down or `+` to speed up."
gitanim_history,04f5c8c1/FOLLOW_IMPROVEMENTS.md,0,literal_replace,1,1,342,322,0.923,0,0,"@@ -228,4 +228,4 @@ If we had to pick the top 10 to implement next, in order:"
gitanim_history,04f5c8c1/FORMATS.md,0,format_only,4,4,204,243,1.0,1,0,"@@ -16,10 +16,10 @@ Produced by `diffvim-compute-cpp`. Contains char-level diff ops with positions."
gitanim_history,04f5c8c1/FORMATS.md,1,format_only,4,4,204,243,1.0,1,0,"@@ -66,10 +66,10 @@ Produced by `diffvim-postprocess`. Same format as raw diff, with ops reordered/t"
gitanim_history,04f5c8c1/FORMATS.md,2,line_delete,1,0,206,0,0.0,0,0,"@@ -79,7 +79,6 @@ HUNK_END"
gitanim_history,04f5c8c1/FORMATS.md,3,format_only,7,7,232,283,1.0,1,0,"@@ -90,14 +89,14 @@ Produced by `diffvim-pace`. Same ops as post-processed, with **delay lines inser"
gitanim_history,04f5c8c1/FORMATS.md,4,format_only,1,1,27,30,1.0,1,0,"@@ -105,7 +104,7 @@ delay	<ms>	<type>"
gitanim_history,04f5c8c1/GHOST_LINE_DESIGN.md,0,block_delete,216,0,10042,0,0.0,0,0,"@@ -1,216 +0,0 @@"
gitanim_history,04f5c8c1/KEEP_OPS_ANALYSIS.md,0,block_modify,5,2,281,134,0.528,0,0,"@@ -13,12 +13,9 @@ Since every op carries its own `(line, col)` position, do we still need"
gitanim_history,04f5c8c1/KEEP_OPS_ANALYSIS.md,1,line_collapse,20,1,546,49,0.132,0,0,"@@ -84,26 +81,7 @@ sub-line region between keeps. The current behavior (deletes before"
gitanim_history,04f5c8c1/KEEP_OPS_ANALYSIS.md,2,typo_fix,1,1,47,47,1.0,0,0,"@@ -127,7 +105,7 @@ N+1 is at col 20, insert 10ms of ""walking"" delay). But this would"
gitanim_history,04f5c8c1/KEEP_OPS_ANALYSIS.md,3,typo_fix,1,1,47,47,1.0,0,0,"@@ -159,7 +137,7 @@ already does via `set_cursor()`. So `keep_char` is truly redundant"
gitanim_history,04f5c8c1/NEXT_SESSION.md,0,line_delete,1,0,54,0,0.0,0,0,"@@ -26,7 +26,6 @@ compute (C++ Patience diff) → postprocess (C/Perl) → pace (C/Perl) → anima"
gitanim_history,04f5c8c1/NEXT_SESSION.md,1,line_delete,1,0,60,0,0.0,0,0,"@@ -34,7 +33,6 @@ compute (C++ Patience diff) → postprocess (C/Perl) → pace (C/Perl) → anima"
gitanim_history,04f5c8c1/NEXT_SESSION.md,2,line_collapse,4,1,233,61,0.333,0,0,"@@ -51,10 +49,7 @@ compute (C++ Patience diff) → postprocess (C/Perl) → pace (C/Perl) → anima"
gitanim_history,04f5c8c1/NEXT_SESSION.md,3,line_delete,1,0,66,0,0.0,0,0,"@@ -96,7 +91,6 @@ cc -O0 -g -fsanitize=address -o /tmp/anim_asan animator/c/animator.c"
gitanim_history,04f5c8c1/PIPELINE.md,0,block_delete,32,0,1322,0,0.0,0,0,"@@ -91,38 +91,6 @@ refactor, also owns cursor positioning so the animator is scroll-safe."
gitanim_history,04f5c8c1/PIPELINE.md,1,line_collapse,3,1,194,66,0.2,0,0,"@@ -208,9 +176,7 @@ The animator maintains a virtual buffer (list of lines) and a cursor"
gitanim_history,04f5c8c1/PIPELINE.md,2,line_delete,1,0,68,0,0.0,0,0,"@@ -245,7 +211,6 @@ decoloring)."
gitanim_history,04f5c8c1/POSTPROCESS_LAYERS.md,0,block_replace,2,4,130,246,0.457,0,0,"@@ -1,7 +1,9 @@"
gitanim_history,04f5c8c1/POSTPROCESS_LAYERS.md,1,block_replace,15,37,858,1916,0.246,0,0,"@@ -15,43 +17,65 @@ Layer 0: V2 Conversion (pp_layer0_v2.c)"
gitanim_history,04f5c8c1/POSTPROCESS_LAYERS.md,2,block_move,15,22,511,994,0.106,0,0,"@@ -85,35 +109,42 @@ typedef struct {"
gitanim_history,04f5c8c1/POSTPROCESS_OPERATIONS.md,0,block_modify,4,2,229,123,0.556,0,0,"@@ -31,12 +31,10 @@ etc.)."
gitanim_history,04f5c8c1/POSTPROCESS_OPERATIONS.md,1,block_modify,5,3,326,166,0.688,0,0,"@@ -53,14 +51,12 @@ Per hunk, in `write_output()` (lines 541–828):"
gitanim_history,04f5c8c1/POSTPROCESS_OPERATIONS.md,2,line_collapse,2,1,100,57,0.562,0,0,"@@ -116,8 +112,7 @@ HUNK\t<target>\t<del>\t<ins>\t<end_ins>\t<end_del>"
gitanim_history,04f5c8c1/POSTPROCESS_OPERATIONS.md,3,block_replace,3,3,150,164,0.359,0,0,"@@ -140,9 +135,9 @@ four sweeps:"
gitanim_history,04f5c8c1/POSTPROCESS_OPERATIONS.md,4,block_replace,3,3,279,300,0.357,0,0,"@@ -203,15 +198,15 @@ the *original* file as if the buffer were being edited in place. Variables:"
gitanim_history,04f5c8c1/POSTPROCESS_OPERATIONS.md,5,line_collapse,163,1,7494,42,0.013,0,0,"@@ -228,169 +223,7 @@ op\t<keep|delete|insert|overwrite_insert>\t<line>\t<col>\t<code>\t<char_repr>"
gitanim_history,04f5c8c1/POSTPROCESS_OPERATIONS.md,6,block_delete,2,0,131,0,0.0,0,0,"@@ -488,8 +321,6 @@ delete '\n'"
gitanim_history,04f5c8c1/POSTPROCESS_OPERATIONS.md,7,word_replace,1,1,68,47,0.429,0,0,"@@ -675,7 +506,7 @@ insert 'c'"
gitanim_history,04f5c8c1/POSTPROCESS_OPERATIONS.md,8,block_delete,10,0,707,0,0.0,0,0,"@@ -770,16 +601,6 @@ visual effect of in-place character replacement (no gap, no flicker)."
gitanim_history,04f5c8c1/POSTPROCESS_OPERATIONS.md,9,block_replace,10,5,733,369,0.402,0,0,"@@ -801,22 +622,17 @@ The streaming code path (`stream_process()` → `process_one_hunk()`) is a"
gitanim_history,04f5c8c1/POSTPROCESS_OPERATIONS.md,10,block_delete,2,0,219,0,0.0,0,0,"@@ -826,8 +642,6 @@ deletes adjacent to content deletes)."
gitanim_history,04f5c8c1/POSTPROCESS_OPERATIONS.md,11,word_replace,1,1,33,16,0.5,0,0,"@@ -842,7 +656,7 @@ deletes adjacent to content deletes)."
gitanim_history,04f5c8c1/POSTPROCESS_OPERATIONS.md,12,block_replace,7,2,433,138,0.348,0,0,"@@ -875,15 +689,10 @@ To reimplement `postprocess.c` from this document:"
gitanim_history,04f5c8c1/POSTPROCESS_OPTIONS.md,0,line_collapse,2,1,132,62,0.583,0,0,"@@ -14,8 +14,7 @@ raw ops from compute"
gitanim_history,04f5c8c1/POSTPROCESS_OPTIONS.md,1,line_collapse,5,1,253,64,0.393,0,0,"@@ -95,9 +94,5 @@ in order. Available transforms:"
gitanim_history,04f5c8c1/POSTPROCESS_PIPELINE.md,0,block_insert,0,119,0,4363,0.0,0,0,"@@ -0,0 +1,119 @@"
gitanim_history,04f5c8c1/POSTPROCESS_QUICK_REFERENCE.md,0,block_delete,21,0,1274,0,0.0,0,0,"@@ -84,27 +84,6 @@ Marks adjacent `delete`+`insert` as in-place overwrite."
gitanim_history,04f5c8c1/POSTPROCESS_QUICK_REFERENCE.md,1,block_replace,2,2,126,200,0.227,0,0,"@@ -119,8 +98,8 @@ Walks final ops, computes `(line, col)` per op."
gitanim_history,04f5c8c1/POSTPROCESS_QUICK_REFERENCE.md,2,block_delete,2,0,193,0,0.0,0,0,"@@ -140,8 +119,6 @@ Walks final ops, computes `(line, col)` per op."
gitanim_history,04f5c8c1/POSTPROCESS_QUICK_REFERENCE.md,3,line_collapse,5,1,181,29,0.286,0,0,"@@ -155,16 +132,12 @@ raw ops"
gitanim_history,04f5c8c1/POSTPROCESS_REDESIGN.md,0,block_replace,9,11,529,666,0.386,0,0,"@@ -1,33 +1,35 @@"
gitanim_history,04f5c8c1/POSTPROCESS_REDESIGN.md,1,block_replace,3,3,169,211,0.474,0,0,"@@ -38,9 +40,9 @@ in subtle ways."
gitanim_history,04f5c8c1/POSTPROCESS_REDESIGN.md,2,block_replace,10,21,422,863,0.211,0,0,"@@ -102,29 +104,40 @@ compute output (raw ops)"
gitanim_history,04f5c8c1/POSTPROCESS_REDESIGN.md,3,block_replace,14,16,719,890,0.263,0,0,"@@ -132,20 +145,22 @@ postprocess output (V2 TSV)"
gitanim_history,04f5c8c1/POSTPROCESS_REDESIGN.md,4,block_replace,2,2,40,87,0.095,0,0,"@@ -181,12 +196,12 @@ Output: HUNK\t<target>\t<del>\t<ins>\t<end_ins>\t<end_del>"
gitanim_history,04f5c8c1/POSTPROCESS_REDESIGN.md,5,block_modify,2,2,66,64,0.5,0,0,"@@ -202,10 +217,10 @@ to prevent ghost lines."
gitanim_history,04f5c8c1/POSTPROCESS_REDESIGN.md,6,block_move,42,19,1355,1188,0.304,0,0,"@@ -217,59 +232,36 @@ Each transform is a separate sub-layer. They run in order:"
gitanim_history,04f5c8c1/POSTPROCESS_REDESIGN.md,7,block_replace,8,8,374,409,0.091,0,0,"@@ -286,16 +278,16 @@ and output to files:"
gitanim_history,04f5c8c1/POSTPROCESS_REDESIGN.md,8,block_modify,4,5,246,328,0.565,0,0,"@@ -303,10 +295,11 @@ output. A ""postprocess layers"" panel at the top of the HTML page"
gitanim_history,04f5c8c1/POSTPROCESS_REDESIGN.md,9,block_replace,2,3,116,178,0.333,0,0,"@@ -318,8 +311,9 @@ layers touched it:"
gitanim_history,04f5c8c1/POSTPROCESS_REDESIGN.md,10,line_replace,1,1,93,169,0.222,0,0,"@@ -335,7 +329,7 @@ This is ambitious but would make debugging trivial."
gitanim_history,04f5c8c1/POSTPROCESS_REDESIGN.md,11,word_replace,1,1,39,20,0.5,0,0,"@@ -346,7 +340,7 @@ This is ambitious but would make debugging trivial."
gitanim_history,04f5c8c1/POSTPROCESS_REDESIGN.md,12,block_replace,15,24,824,1247,0.448,0,0,"@@ -357,37 +351,46 @@ no transforms, no ghost-line fix. Just:"
gitanim_history,04f5c8c1/POSTPROCESS_REDESIGN.md,13,block_replace,10,10,520,617,0.388,0,0,"@@ -395,23 +398,23 @@ The 4-sweep ordering should make it unnecessary."
gitanim_history,04f5c8c1/POSTPROCESS_REDESIGN.md,14,block_replace,2,3,116,171,0.458,0,0,"@@ -422,10 +425,11 @@ postprocess.c:"
gitanim_history,04f5c8c1/POSTPROCESS_REDESIGN.md,15,block_replace,7,3,396,201,0.48,0,0,"@@ -455,18 +459,14 @@ when they're not."
gitanim_history,04f5c8c1/POSTPROCESS_TRANSFORMS.md,0,format_only,4,4,160,197,1.0,1,0,"@@ -20,10 +20,10 @@ The postprocess output is v2 TSV (tab-separated values):"
gitanim_history,04f5c8c1/POSTPROCESS_TRANSFORMS.md,1,format_only,7,7,120,257,1.0,1,0,"@@ -49,13 +49,13 @@ ops and simulates the cursor:"
gitanim_history,04f5c8c1/POSTPROCESS_TRANSFORMS.md,2,format_only,8,8,222,366,1.0,1,0,"@@ -75,18 +75,18 @@ Keeps stay in their original position (they don't move)."
gitanim_history,04f5c8c1/POSTPROCESS_TRANSFORMS.md,3,block_replace,47,5,1595,265,0.194,0,0,"@@ -99,55 +99,13 @@ the line), then the `\n` delete removes the empty line."
gitanim_history,04f5c8c1/POSTPROCESS_TRANSFORMS.md,4,block_modify,15,15,482,744,1.0,0,0,"@@ -162,30 +120,30 @@ last line, then the last line's content). The postprocess:"
gitanim_history,04f5c8c1/POSTPROCESS_TRANSFORMS.md,5,format_only,3,3,54,107,1.0,1,0,"@@ -206,11 +164,11 @@ identical) into a single `keep X` op. Also merges `insert X` + `delete X`."
gitanim_history,04f5c8c1/POSTPROCESS_TRANSFORMS.md,6,format_only,14,14,274,544,1.0,1,0,"@@ -225,22 +183,22 @@ got re-indented)."
gitanim_history,04f5c8c1/POSTPROCESS_TRANSFORMS.md,7,format_only,8,8,196,340,1.0,1,0,"@@ -256,16 +214,16 @@ the compute stage, with positions but no reordering."
gitanim_history,04f5c8c1/POSTPROCESS_TRANSFORMS.md,8,block_modify,3,2,152,136,0.9,0,0,"@@ -311,9 +269,8 @@ Transforms are applied in this order:"
gitanim_history,04f5c8c1/POSTPROCESS_TRANSFORMS.md,9,block_replace,4,4,210,221,0.471,0,0,"@@ -326,11 +283,11 @@ transformation:"
gitanim_history,04f5c8c1/POSTPROCESS_TRANSFORMS.md,10,block_replace,5,4,248,241,0.182,0,0,"@@ -366,11 +323,10 @@ Check `post.txt`:"
gitanim_history,04f5c8c1/PP_LAYER_OVERWRITE.md,0,format_only,1,1,88,96,1.0,1,0,"@@ -41,7 +41,7 @@ If `DV_OP_DEBUG=1`, a `debug` op is inserted before each"
gitanim_history,04f5c8c1/PP_LAYER_OVERWRITE.md,1,block_replace,2,8,78,461,0.125,0,0,"@@ -53,10 +53,16 @@ Debug ops are ignored by all other layers and the animator."
gitanim_history,04f5c8c1/PP_LAYER_OVERWRITE.md,2,block_replace,3,7,166,414,0.286,0,0,"@@ -87,8 +93,12 @@ bash tests/test_overwrite_layer.sh"
gitanim_history,04f5c8c1/README.md,0,line_delete,1,0,61,0,0.0,0,0,"@@ -43,7 +43,6 @@ Documentation for the diffvim project."
gitanim_history,04f5c8c1/REQUIREMENTS.md,0,line_collapse,2,1,97,23,0.062,0,0,"@@ -1177,8 +1177,7 @@ visual buffer has empty lines)."
gitanim_history,04f5c8c1/REQUIREMENTS.md,1,line_delete,1,0,131,0,0.0,0,0,"@@ -1223,7 +1222,6 @@ selectors. They still use the old individual flags. Only the bash"
gitanim_history,04f5c8c1/VOCABULARY.md,0,block_delete,20,0,803,0,0.0,0,0,"@@ -92,26 +92,6 @@ Pacing controls the rhythm of the animation — fast, slow, jittery, smooth."
gitanim_history,04f5c8c1/VOCABULARY.md,1,word_replace,1,1,113,107,0.588,0,0,"@@ -141,7 +121,7 @@ the user never sees the cursor jump backwards."
gitanim_history,04f5c8c1/architecture.md,0,literal_replace,1,1,342,322,0.923,0,0,"@@ -92,4 +92,4 @@ Same architecture as diffvim-tmux but written in Perl with:"
gitanim_history,04f5c8c1/configuration.md,0,literal_replace,1,1,342,322,0.923,0,0,"@@ -98,4 +98,4 @@ tmux set-option -g escape-time 50"
gitanim_history,04f5c8c1/controls.md,0,literal_replace,1,1,342,322,0.923,0,0,"@@ -61,4 +61,4 @@ This shows:"
gitanim_history,04f5c8c1/examples.md,0,literal_replace,1,1,342,322,0.923,0,0,"@@ -109,4 +109,4 @@ Inside an existing vim session:"
gitanim_history,04f5c8c1/git-integration.md,0,literal_replace,1,1,342,322,0.923,0,0,"@@ -76,4 +76,4 @@ diffvim --replay src/main.py src/utils.py src/config.py"
gitanim_history,04f5c8c1/installation.md,0,literal_replace,1,1,342,322,0.923,0,0,"@@ -86,4 +86,4 @@ diffvim-tmux --help"
gitanim_history,04f5c8c1/plugin.md,0,literal_replace,1,1,342,322,0.923,0,0,"@@ -62,4 +62,4 @@ let g:diffvim = {"
gitanim_history,04f5c8c1/quick-start.md,0,literal_replace,1,1,342,322,0.923,0,0,"@@ -75,4 +75,4 @@ The repo includes example file pairs in `examples/`:"
gitanim_history,04f5c8c1/testing.md,0,literal_replace,1,1,342,322,0.923,0,0,"@@ -66,4 +66,4 @@ perl diffvim.pl --dry-run examples/01_small_python/old.py examples/01_small_pyth"
gitanim_history,04f5c8c1/first_improvements.md,0,literal_replace,1,1,342,322,0.923,0,0,"@@ -21,4 +21,4 @@"
gitanim_history,118fa682/postprocess.c,0,block_replace,2,5,144,339,0.05,0,0,"@@ -222,8 +222,11 @@ int main(int argc, char **argv) {"
gitanim_history,118fa682/postprocess.c,1,block_replace,3,14,325,1100,0.317,0,0,"@@ -242,12 +245,23 @@ int main(int argc, char **argv) {"
gitanim_history,118fa682/postprocess.c,2,line_replace,1,1,71,67,0.067,0,0,"@@ -275,7 +289,7 @@ int main(int argc, char **argv) {"
gitanim_history,118fa682/postprocess.c,3,block_insert,0,2,0,378,0.0,0,0,"@@ -288,6 +302,8 @@ int main(int argc, char **argv) {"
gitanim_history,118fa682/pp_common.h,0,block_insert,0,4,0,298,0.0,0,0,"@@ -46,6 +46,10 @@ typedef struct {"
gitanim_history,118fa682/pp_common.h,1,line_insert,0,1,0,78,0.0,0,0,"@@ -164,6 +168,7 @@ static int pp_parse_op(const char *line, Op *op) {"
gitanim_history,118fa682/pp_layer3_cursor.c,0,block_replace,37,44,1572,2257,0.361,0,0,"@@ -13,56 +13,63 @@"
gitanim_history,118fa682/pp_layer3_cursor.c,1,block_insert,0,2,0,141,0.0,0,0,"@@ -74,6 +81,8 @@"
gitanim_history,118fa682/pp_layer3_cursor.c,2,line_insert,0,1,0,29,0.0,0,0,"@@ -142,6 +151,7 @@ static void buf_load_file(Buf *buf, const char *path) {"
gitanim_history,118fa682/pp_layer3_cursor.c,3,block_insert,0,15,0,491,0.0,0,0,"@@ -155,6 +165,21 @@ static void buf_remove_char(BufLine *bl, int pos) {"
gitanim_history,118fa682/pp_layer3_cursor.c,4,block_insert,0,25,0,1003,0.0,0,0,"@@ -174,6 +199,31 @@ static void buf_join_lines(Buf *buf, int idx) {"
gitanim_history,118fa682/pp_layer3_cursor.c,5,block_replace,2,27,111,1164,0.146,0,0,"@@ -194,10 +244,35 @@ int layer3_cursor(Op *in, int in_count, Op *out, int out_cap,"
gitanim_history,118fa682/pp_layer3_cursor.c,6,block_insert,0,81,0,3697,0.0,0,0,"@@ -208,6 +283,87 @@ int layer3_cursor(Op *in, int in_count, Op *out, int out_cap,"
gitanim_history,118fa682/pp_layer3_cursor.c,7,block_replace,3,41,133,2107,0.087,0,0,"@@ -218,16 +374,54 @@ int layer3_cursor(Op *in, int in_count, Op *out, int out_cap,"
gitanim_history,118fa682/pp_layer3_cursor.c,8,block_replace,3,7,209,481,0.262,0,0,"@@ -237,11 +431,15 @@ int layer3_cursor(Op *in, int in_count, Op *out, int out_cap,"
gitanim_history,118fa682/pp_layer3_cursor.c,9,block_insert,0,5,0,268,0.0,0,0,"@@ -251,11 +449,16 @@ int layer3_cursor(Op *in, int in_count, Op *out, int out_cap,"
gitanim_history,118fa682/pp_layer_indent_last.c,0,block_replace,2,23,118,1362,0.127,0,0,"@@ -183,9 +183,30 @@ int layer_indent_last(Op *in, int in_count, Op *out, int out_cap,"
gitanim_history,31bcf37e/pp_layer3_cursor.c,0,block_replace,56,195,2586,7299,0.278,0,0,"@@ -2,119 +2,258 @@"
gitanim_history,31bcf37e/pp_layer3_cursor.c,1,block_modify,3,5,158,235,0.65,0,0,"@@ -122,10 +261,12 @@ int layer3_cursor(Op *in, int in_count, Op *out, int out_cap,"
gitanim_history,eadd72bf/postprocess.c,0,block_insert,0,2,0,124,0.0,0,0,"@@ -41,6 +41,8 @@ extern int layer1_reorder(Op *in, int in_count, Op *out, int out_cap,"
gitanim_history,eadd72bf/postprocess.c,1,line_insert,0,1,0,27,0.0,0,0,"@@ -95,6 +97,7 @@ static int run_layer_on_buffer(int (*layer_func)(Op *in, int in_count,"
gitanim_history,eadd72bf/postprocess.c,2,block_insert,0,2,0,91,0.0,0,0,"@@ -103,6 +106,8 @@ int main(int argc, char **argv) {"
gitanim_history,eadd72bf/postprocess.c,3,block_insert,0,6,0,266,0.0,0,0,"@@ -225,6 +230,12 @@ int main(int argc, char **argv) {"
gitanim_history,eadd72bf/postprocess.c,4,block_insert,0,5,0,248,0.0,0,0,"@@ -264,8 +275,13 @@ int main(int argc, char **argv) {"
gitanim_history,eadd72bf/pp_layer_indent_last.c,0,block_insert,0,214,0,8293,0.0,0,0,"@@ -0,0 +1,214 @@"
gitanim_history,58ee0bb7/postprocess.c,0,block_replace,971,237,44080,10107,0.206,0,0,"@@ -1,1027 +1,293 @@"
gitanim_history,58ee0bb7/pp_common.h,0,literal_replace,1,1,73,97,0.875,0,0,"@@ -70,7 +70,7 @@ static const char *pp_debug_dir = NULL;"
gitanim_history,58ee0bb7/pp_layer1_reorder.c,0,block_insert,0,70,0,2693,0.0,0,0,"@@ -0,0 +1,70 @@"
gitanim_history,67d4c9ad/animator.c,0,block_insert,0,4,0,223,0.0,0,0,"@@ -757,6 +757,10 @@ int main(int argc, char **argv) {"
gitanim_history,67d4c9ad/pp_layer_overwrite.c,0,block_insert,0,141,0,4926,0.0,0,0,"@@ -0,0 +1,141 @@"
gitanim_history,67d4c9ad/PP_LAYER_OVERWRITE.md,0,block_insert,0,94,0,2770,0.0,0,0,"@@ -0,0 +1,94 @@"
gitanim_history,67d4c9ad/test_overwrite_layer.sh,0,block_insert,0,132,0,5879,0.0,0,0,"@@ -0,0 +1,132 @@"
gitanim_history,1edc915e/pp_common.h,0,block_replace,14,20,817,1036,0.317,0,0,"@@ -1,22 +1,28 @@"
gitanim_history,1edc915e/pp_common.h,1,block_replace,4,2,259,114,0.455,0,0,"@@ -30,10 +36,8 @@"
gitanim_history,1edc915e/pp_common.h,2,block_replace,46,72,2073,2711,0.448,0,0,"@@ -47,90 +51,116 @@ typedef struct {"
gitanim_history,1edc915e/pp_common.h,3,block_modify,3,5,206,286,0.833,0,0,"@@ -141,14 +171,16 @@ static int pp_parse_op(const char *line, Op *op) {"
gitanim_history,1edc915e/pp_common.h,4,block_move,37,44,1783,2142,0.372,0,0,"@@ -156,96 +188,103 @@ static void pp_write_hunk_end(void) {"
gitanim_history,1edc915e/pp_common.h,5,block_modify,6,4,368,273,0.522,0,0,"@@ -260,18 +299,16 @@ static int pp_run_layer(int (*layer_func)(Op *in, int in_count, Op *out, int out"
gitanim_history,1edc915e/pp_common.h,6,line_expand,1,15,46,561,0.194,0,0,"@@ -281,7 +318,21 @@ static int pp_run_layer(int (*layer_func)(Op *in, int in_count, Op *out, int out"
gitanim_history,1edc915e/pp_common.h,7,block_move,12,7,459,372,0.667,0,0,"@@ -294,33 +345,28 @@ static int pp_run_layer(int (*layer_func)(Op *in, int in_count, Op *out, int out"
gitanim_history,1edc915e/pp_layer0_v2.c,0,block_move,86,19,2851,941,0.208,0,0,"@@ -2,101 +2,34 @@"
gitanim_history,1edc915e/pp_layer0_v2.c,1,block_move,172,76,7903,4065,0.362,0,0,"@@ -108,244 +41,148 @@ static int is_v1_format(const char *line) {"
gitanim_history,1edc915e/pp_layer1_reorder.c,0,block_delete,65,0,1992,0,0.0,0,0,"@@ -1,65 +0,0 @@"
gitanim_history,1edc915e/pp_layer2_transforms.c,0,block_delete,58,0,1669,0,0.0,0,0,"@@ -1,58 +0,0 @@"
gitanim_history,1edc915e/pp_layer3_cursor.c,0,block_replace,9,28,501,1196,0.365,0,0,"@@ -1,22 +1,41 @@"
gitanim_history,1edc915e/pp_layer3_cursor.c,1,block_move,25,76,1053,2855,0.242,0,0,"@@ -24,44 +43,95 @@"
gitanim_history,ba555329/pp_common.h,0,block_insert,0,328,0,10873,0.0,0,0,"@@ -0,0 +1,328 @@"
gitanim_history,ba555329/pp_layer1_reorder.c,0,block_insert,0,65,0,1992,0.0,0,0,"@@ -0,0 +1,65 @@"
gitanim_history,ba555329/pp_layer2_transforms.c,0,block_insert,0,58,0,1669,0.0,0,0,"@@ -0,0 +1,58 @@"
gitanim_history,ba555329/pp_layer3_cursor.c,0,block_insert,0,67,0,2008,0.0,0,0,"@@ -0,0 +1,67 @@"
gitanim_history,ba555329/pp_layer_noop.pl,0,block_insert,0,212,0,6211,0.0,0,0,"@@ -0,0 +1,212 @@"
gitanim_history,ba555329/POSTPROCESS_LAYERS.md,0,block_insert,0,119,0,3598,0.0,0,0,"@@ -0,0 +1,119 @@"
gitanim_history,ba555329/test_postprocess_layers.sh,0,block_insert,0,121,0,5725,0.0,0,0,"@@ -0,0 +1,121 @@"
gitanim_history,9e4fbc49/pp_layer0_v2.c,0,block_insert,0,351,0,12836,0.0,0,0,"@@ -0,0 +1,351 @@"
gitanim_history,9e4fbc49/POSTPROCESS_REDESIGN.md,0,block_insert,0,472,0,15560,0.0,0,0,"@@ -0,0 +1,472 @@"
gitanim_history,85b1281f/OPTION_COMBINATIONS.md,0,block_modify,4,4,327,299,0.931,0,0,"@@ -127,19 +127,19 @@ diffvim --cursor-glide-ms 300 --distance-speed adaptive --distance-threshold 10"
gitanim_history,85b1281f/dv_snapshot.sh,0,block_insert,0,610,0,31464,0.0,0,0,"@@ -0,0 +1,610 @@"
gitanim_history,85b1281f/README.md,0,word_replace,1,1,75,68,0.75,0,0,"@@ -21,7 +21,7 @@ bash scripts/dv_debug.sh tests/minimal/11_delete_last_line/old \"
gitanim_history,85b1281f/README.md,1,word_replace,1,1,70,63,0.75,0,0,"@@ -71,4 +71,4 @@ debugging purposes."
gitanim_history,577d03b6/test_hirschberg.cpp,0,block_insert,0,246,0,8287,0.0,0,0,"@@ -0,0 +1,246 @@"
gitanim_history,577d03b6/POSTPROCESS_QUICK_REFERENCE.md,0,block_insert,0,170,0,7787,0.0,0,0,"@@ -0,0 +1,170 @@"
gitanim_history,4031eb64/postprocess.c,0,block_replace,2,12,150,798,0.264,0,0,"@@ -302,13 +302,23 @@ int optimize_line(Op *in, int count, Op *out) {"
gitanim_history,4031eb64/postprocess.pl,0,block_modify,3,5,209,434,0.556,0,0,"@@ -471,10 +471,12 @@ sub optimize_line {"
gitanim_history,4031eb64/postprocess.pl,1,block_modify,3,4,185,317,0.769,0,0,"@@ -484,9 +486,10 @@ sub optimize_line {"
gitanim_history,4031eb64/POSTPROCESS_OPERATIONS.md,0,block_replace,4,9,169,422,0.182,0,0,"@@ -133,11 +133,16 @@ with more than one op. Single-op line groups are copied verbatim."
gitanim_history,4031eb64/POSTPROCESS_OPERATIONS.md,1,word_replace,1,1,39,38,0.75,0,0,"@@ -552,7 +557,7 @@ group); `indent_last_transform()` itself at lines 444–508."
gitanim_history,99da4c76/POSTPROCESS_OPERATIONS.md,0,block_insert,0,884,0,38414,0.0,0,0,"@@ -0,0 +1,884 @@"
gitanim_history,db26f120/postprocess.c,0,block_delete,5,0,224,0,0.0,0,0,"@@ -442,11 +442,6 @@ int reorder_hunk_ops(Op *in, int count, Op *out) {"
gitanim_history,ffb9732c/postprocess.c,0,block_replace,55,78,2313,3005,0.417,0,0,"@@ -417,76 +417,99 @@ int reorder_hunk_ops(Op *in, int count, Op *out) {"
gitanim_history,44b1ab21/dv_snapshot_per_op.sh,0,line_insert,0,1,0,58,0.0,0,0,"@@ -87,6 +87,7 @@ OUTPUT"
gitanim_history,d72cde74/OPTION_COMBINATIONS.md,0,block_replace,1470,72,47004,3948,0.102,0,0,"@@ -1,1559 +1,161 @@"
gitanim_history,d72cde74/dv_suggest.sh,0,block_insert,0,62,0,2444,0.0,0,0,"@@ -0,0 +1,62 @@"
gitanim_history,d72cde74/test_indent_last.pl,0,block_insert,0,117,0,4180,0.0,0,0,"@@ -0,0 +1,117 @@"
gitanim_history,6e883327/postprocess.pl,0,line_expand,1,6,43,275,0.111,0,0,"@@ -185,7 +185,12 @@ for my $line (@header) {"
gitanim_history,6e883327/dv_snapshot_per_op.sh,0,block_replace,16,25,1100,1451,0.326,0,0,"@@ -1,25 +1,34 @@"
gitanim_history,6e883327/dv_snapshot_per_op.sh,1,block_move,49,31,2700,1878,0.351,0,0,"@@ -34,61 +43,43 @@ SYNOPSIS"
gitanim_history,6e883327/dv_snapshot_per_op.sh,2,line_insert,0,1,0,35,0.0,0,0,"@@ -99,6 +90,7 @@ HELP"
gitanim_history,6e883327/dv_snapshot_per_op.sh,3,block_insert,0,14,0,423,0.0,0,0,"@@ -107,8 +99,22 @@ BUFFER_FRAME=1"
gitanim_history,6e883327/dv_snapshot_per_op.sh,4,block_replace,3,78,221,5579,0.062,0,0,"@@ -119,9 +125,84 @@ while [[ $# -gt 0 ]]; do"
gitanim_history,6e883327/dv_snapshot_per_op.sh,5,block_replace,19,34,1208,1622,0.389,0,0,"@@ -142,62 +223,77 @@ fi"
gitanim_history,6e883327/dv_snapshot_per_op.sh,6,block_delete,4,0,269,0,0.0,0,0,"@@ -210,10 +306,6 @@ fi"
gitanim_history,6e883327/dv_snapshot_per_op.sh,7,line_collapse,2,1,120,47,0.417,0,0,"@@ -252,8 +344,7 @@ fi"
gitanim_history,6e883327/dv_snapshot_per_op.sh,8,block_insert,0,2,0,114,0.0,0,0,"@@ -285,6 +376,8 @@ fi"
gitanim_history,6e883327/dv_snapshot_per_op.sh,9,line_delete,1,0,83,0,0.0,0,0,"@@ -297,7 +390,6 @@ fi"
gitanim_history,6e883327/dv_snapshot_per_op.sh,10,block_insert,0,4,0,195,0.0,0,0,"@@ -325,6 +417,10 @@ fi"
gitanim_history,6e883327/dv_snapshot_per_op.sh,11,block_delete,5,0,326,0,0.0,0,0,"@@ -339,16 +435,11 @@ fi"
gitanim_history,6e883327/dv_snapshot_per_op.sh,12,line_delete,1,0,75,0,0.0,0,0,"@@ -356,7 +447,6 @@ fi"
gitanim_history,6e883327/dv_snapshot_per_op.sh,13,block_insert,0,6,0,262,0.0,0,0,"@@ -402,7 +492,13 @@ fi"
gitanim_history,6e883327/dv_snapshot_per_op.sh,14,block_move,5,0,192,0,0.0,0,0,"@@ -419,19 +515,14 @@ fi"
gitanim_history,6e883327/dv_snapshot_per_op.sh,15,block_move,62,17,2377,1523,0.703,0,0,"@@ -439,117 +530,72 @@ fi"
gitanim_history,6e883327/test_pipeline_options.sh,0,block_insert,0,135,0,4880,0.0,0,0,"@@ -0,0 +1,135 @@"
gitanim_history,72c2d096/VOCABULARY.md,0,block_replace,97,152,5895,7177,0.349,0,0,"@@ -1,119 +1,174 @@"
gitanim_history,72c2d096/test_no_backward_ops.pl,0,block_insert,0,114,0,3873,0.0,0,0,"@@ -0,0 +1,114 @@"
gitanim_history,5ac8ea42/animator.c,0,block_insert,0,3,0,221,0.0,0,0,"@@ -511,6 +511,9 @@ void render(void) {"
gitanim_history,5ac8ea42/animator.c,1,block_insert,0,17,0,752,0.0,0,0,"@@ -518,6 +521,23 @@ void render(void) {"
gitanim_history,5ac8ea42/decorate.c,0,block_insert,0,13,0,661,0.0,0,0,"@@ -385,6 +385,19 @@ int main(int argc, char **argv) {"
gitanim_history,5ac8ea42/postprocess.c,0,block_replace,4,8,290,540,0.476,0,0,"@@ -849,20 +849,24 @@ int process_one_hunk(int target, int del, int ins, int end_ins, int end_del,"
gitanim_history,5ac8ea42/postprocess.c,1,block_modify,4,6,238,429,0.5,0,0,"@@ -925,16 +929,18 @@ void stream_process(void) {"
gitanim_history,5ac8ea42/postprocess.c,2,block_modify,2,3,100,200,0.643,0,0,"@@ -943,8 +949,9 @@ void stream_process(void) {"
gitanim_history,5ac8ea42/postprocess.c,3,block_replace,2,4,89,175,0.4,0,0,"@@ -959,11 +966,13 @@ void stream_process(void) {"
gitanim_history,5ac8ea42/COMPLETE_OPTIONS_REFERENCE.md,0,block_insert,0,573,0,14236,0.0,0,0,"@@ -0,0 +1,573 @@"
gitanim_history,65c8bd38/animator.c,0,line_insert,0,1,0,55,0.0,0,0,"@@ -55,6 +55,7 @@ static int seek_op = 0;  /* #70: start at this op index */"
gitanim_history,65c8bd38/animator.c,1,block_replace,11,35,663,1744,0.289,0,0,"@@ -455,36 +456,60 @@ void render(void) {"
gitanim_history,65c8bd38/animator.c,2,block_insert,0,5,0,258,0.0,0,0,"@@ -559,6 +584,11 @@ int main(int argc, char **argv) {"
gitanim_history,65c8bd38/animator.c,3,block_insert,0,47,0,2287,0.0,0,0,"@@ -769,6 +799,53 @@ int main(int argc, char **argv) {"
gitanim_history,65c8bd38/pace.c,0,block_insert,0,7,0,552,0.0,0,0,"@@ -46,11 +46,18 @@ static int delete_delay = 40;    /* per-char delete */"
gitanim_history,65c8bd38/pace.c,1,block_insert,0,8,0,322,0.0,0,0,"@@ -132,6 +139,14 @@ static void emit_paced_delay(int ms, const char *type) {"
gitanim_history,65c8bd38/pace.c,2,block_insert,0,14,0,849,0.0,0,0,"@@ -140,6 +155,20 @@ void parse_args(int argc, char **argv) {"
gitanim_history,65c8bd38/pace.c,3,block_insert,0,6,0,681,0.0,0,0,"@@ -180,6 +209,12 @@ void parse_args(int argc, char **argv) {"
gitanim_history,65c8bd38/pace.c,4,block_insert,0,2,0,75,0.0,0,0,"@@ -389,6 +424,8 @@ int main(int argc, char **argv) {"
gitanim_history,65c8bd38/pace.c,5,block_insert,0,26,0,1213,0.0,0,0,"@@ -397,7 +434,33 @@ int main(int argc, char **argv) {"
gitanim_history,65c8bd38/pace.c,6,block_insert,0,2,0,123,0.0,0,0,"@@ -423,6 +486,8 @@ int main(int argc, char **argv) {"
gitanim_history,65c8bd38/pace.c,7,word_replace,1,1,59,60,0.5,0,0,"@@ -466,7 +531,7 @@ int main(int argc, char **argv) {"
gitanim_history,65c8bd38/pace.c,8,word_replace,1,1,63,64,0.5,0,0,"@@ -500,7 +565,7 @@ int main(int argc, char **argv) {"
gitanim_history,65c8bd38/pace.c,9,word_replace,1,1,72,73,0.5,0,0,"@@ -574,7 +639,7 @@ int main(int argc, char **argv) {"
gitanim_history,65c8bd38/pace.c,10,word_replace,1,1,78,79,0.5,0,0,"@@ -609,7 +674,7 @@ int main(int argc, char **argv) {"
gitanim_history,65c8bd38/pace.c,11,block_replace,3,45,117,2337,0.089,0,0,"@@ -644,13 +709,55 @@ int main(int argc, char **argv) {"
gitanim_history,65c8bd38/pace.c,12,block_insert,0,2,0,123,0.0,0,0,"@@ -661,6 +768,8 @@ int main(int argc, char **argv) {"
gitanim_history,65c8bd38/NEW_FEATURES.md,0,block_insert,0,173,0,5899,0.0,0,0,"@@ -0,0 +1,173 @@"
gitanim_history,65c8bd38/test_new_features.sh,0,block_insert,0,158,0,6947,0.0,0,0,"@@ -0,0 +1,158 @@"
gitanim_history,93939a07/pace.c,0,block_insert,0,2,0,146,0.0,0,0,"@@ -44,6 +44,8 @@"
gitanim_history,93939a07/pace.c,1,block_insert,0,4,0,245,0.0,0,0,"@@ -134,6 +136,10 @@ void parse_args(int argc, char **argv) {"
gitanim_history,93939a07/pace.c,2,line_expand,1,4,97,429,0.458,0,0,"@@ -170,7 +176,10 @@ void parse_args(int argc, char **argv) {"
gitanim_history,93939a07/pace.c,3,block_insert,0,40,0,2291,0.0,0,0,"@@ -501,6 +510,46 @@ int main(int argc, char **argv) {"
gitanim_history,93939a07/postprocess.c,0,line_insert,0,1,0,81,0.0,0,0,"@@ -53,6 +53,7 @@ static int op_order_end_first_smart = 0;"
gitanim_history,93939a07/postprocess.c,1,line_expand,1,3,111,203,0.684,0,0,"@@ -70,9 +71,11 @@ void apply_transform(const char *spec) {"
gitanim_history,93939a07/postprocess.c,2,block_insert,0,2,0,191,0.0,0,0,"@@ -83,6 +86,8 @@ void list_transforms(void) {"
gitanim_history,93939a07/postprocess.c,3,block_insert,0,2,0,91,0.0,0,0,"@@ -103,6 +108,8 @@ void parse_args(int argc, char **argv) {"
gitanim_history,93939a07/postprocess.c,4,line_insert,0,1,0,97,0.0,0,0,"@@ -118,6 +125,7 @@ void parse_args(int argc, char **argv) {"
gitanim_history,93939a07/postprocess.c,5,block_insert,0,3,0,114,0.0,0,0,"@@ -368,6 +376,9 @@ int end_first_line(Op *in, int count, Op *out) {"
gitanim_history,93939a07/postprocess.c,6,block_replace,5,14,377,734,0.478,0,0,"@@ -377,16 +388,25 @@ int reorder_hunk_ops(Op *in, int count, Op *out) {"
gitanim_history,93939a07/postprocess.c,7,block_insert,0,72,0,2677,0.0,0,0,"@@ -397,6 +417,78 @@ int reorder_hunk_ops(Op *in, int count, Op *out) {"
gitanim_history,93939a07/dv_debug_bundle.sh,0,block_modify,3,3,176,170,0.812,0,0,"@@ -1,8 +1,8 @@"
gitanim_history,93939a07/dv_debug_bundle.sh,1,block_modify,3,3,175,169,0.867,0,0,"@@ -17,11 +17,11 @@"
gitanim_history,93939a07/dv_debug_bundle.sh,2,block_modify,3,3,183,177,0.706,0,0,"@@ -63,13 +63,13 @@ BUNDLE CONTENTS"
gitanim_history,93939a07/dv_debug_bundle.sh,3,block_modify,3,3,224,218,0.706,0,0,"@@ -102,9 +102,9 @@ set -euo pipefail"
gitanim_history,93939a07/dv_debug_bundle.sh,4,block_modify,2,2,147,143,0.667,0,0,"@@ -114,11 +114,11 @@ DESCRIPTION=""${3:-No description provided.}"""
gitanim_history,93939a07/dv_debug_bundle.sh,5,word_replace,1,1,59,57,0.571,0,0,"@@ -127,7 +127,7 @@ BUNDLE_NAME=""diffvim_debug_$(date +%Y%m%d_%H%M%S)"""
gitanim_history,93939a07/dv_debug_bundle.sh,6,word_replace,1,1,59,57,0.556,0,0,"@@ -208,7 +208,7 @@ TARBALL=""/tmp/${BUNDLE_NAME}.tar.gz"""
gitanim_history,93939a07/dv_snapshot_per_op.sh,0,literal_replace,1,1,84,114,0.8,0,0,"@@ -169,7 +169,7 @@ echo ""  pace: $(wc -l < ""$TIMED"") ops"" >&2"
gitanim_history,93939a07/dv_tune.sh,0,word_replace,1,1,76,74,0.636,0,0,"@@ -1,5 +1,5 @@"
gitanim_history,93939a07/dv_tune.sh,1,word_replace,1,1,38,36,0.333,0,0,"@@ -204,7 +204,7 @@ generate_debug_bundle() {"
gitanim_history,2b55e7ed/DESIGN_smooth_cursor_and_distance_speed.md,0,block_insert,0,194,0,7209,0.0,0,0,"@@ -0,0 +1,194 @@"
gitanim_history,6cca9b2f/CHANGELOG.md,0,typo_fix,1,1,69,67,0.8,0,0,"@@ -380,7 +380,7 @@ Fix: when `cursorL >= len(lines)`, set `cursorC` to"
gitanim_history,6cca9b2f/animator.c,0,block_replace,2,4,81,265,0.294,0,0,"@@ -41,8 +41,10 @@ static void cleanup_handler(int sig) {"
gitanim_history,6cca9b2f/animator.c,1,block_insert,0,6,0,300,0.0,0,0,"@@ -307,6 +309,12 @@ void set_cursor(int line, int col) {"
gitanim_history,6cca9b2f/animator.c,2,block_insert,0,3,0,88,0.0,0,0,"@@ -320,6 +328,9 @@ void keep_char(int code) {"
gitanim_history,6cca9b2f/animator.c,3,line_expand,1,7,67,401,0.222,0,0,"@@ -328,7 +339,13 @@ void delete_char(int code) {"
gitanim_history,6cca9b2f/animator.c,4,block_insert,0,3,0,146,0.0,0,0,"@@ -343,6 +360,9 @@ void delete_char(int code) {"
gitanim_history,6cca9b2f/animator.c,5,block_insert,0,3,0,100,0.0,0,0,"@@ -350,6 +370,9 @@ void delete_char(int code) {"
gitanim_history,6cca9b2f/animator.c,6,block_replace,4,15,301,762,0.479,0,0,"@@ -468,11 +491,22 @@ void render(void) {"
gitanim_history,6cca9b2f/animator.c,7,block_replace,12,14,773,812,0.397,0,0,"@@ -645,20 +679,22 @@ int main(int argc, char **argv) {"
gitanim_history,6cca9b2f/README.md,0,block_modify,2,2,110,106,0.818,0,0,"@@ -36,10 +36,10 @@ perl animator/perl/animator.pl --no-display --speed 1000 --snapshot out.txt old."
gitanim_history,6cca9b2f/README.md,0,word_replace,1,1,60,58,0.714,0,0,"@@ -49,5 +49,5 @@ intermediate states (which is what visual flashing looks like)."
gitanim_history,6cca9b2f/DEBUGGING.md,0,word_replace,1,1,64,62,0.667,0,0,"@@ -264,7 +264,7 @@ The `./diffvim old new` launcher uses the vimscript animator. To"
gitanim_history,6cca9b2f/DEBUGGING.md,1,word_replace,1,1,55,53,0.714,0,0,"@@ -352,7 +352,7 @@ what each transformation should look like."
gitanim_history,6cca9b2f/DEVELOPER_GUIDE.md,0,word_replace,1,1,63,61,0.75,0,0,"@@ -131,7 +131,7 @@ gitanim/"
gitanim_history,6cca9b2f/DEVELOPER_GUIDE.md,1,word_replace,1,1,26,24,0.6,0,0,"@@ -162,7 +162,7 @@ md5sum /tmp/out.txt examples/01_small_python/new.py"
gitanim_history,6cca9b2f/DEVELOPER_GUIDE.md,2,word_replace,1,1,26,24,0.6,0,0,"@@ -442,7 +442,7 @@ with the new file."
gitanim_history,6cca9b2f/DEVELOPER_GUIDE.md,3,typo_fix,1,1,79,77,0.833,0,0,"@@ -472,7 +472,7 @@ perl tests/test_delete_pacing.pl"
gitanim_history,6cca9b2f/DEVELOPER_GUIDE.md,4,word_replace,1,1,71,69,0.778,0,0,"@@ -681,7 +681,7 @@ ignore this value — they process hunks as they arrive."
gitanim_history,6cca9b2f/NEXT_SESSION.md,0,word_replace,1,1,26,24,0.6,0,0,"@@ -62,7 +62,7 @@ compute (C++ Patience diff) → postprocess (C/Perl) → pace (C/Perl) → anima"
gitanim_history,6cca9b2f/PIPELINE.md,0,word_replace,1,1,64,62,0.778,0,0,"@@ -271,6 +271,6 @@ gitanim/"
gitanim_history,6cca9b2f/README.md,0,block_modify,2,2,66,62,0.667,0,0,"@@ -16,10 +16,10 @@ in a subdirectory named `NN_description/`."
gitanim_history,6cca9b2f/README.md,1,block_modify,2,2,142,138,0.875,0,0,"@@ -53,7 +53,7 @@ The extension matches the language (`.py`, `.js`, `.rs`, etc.)."
gitanim_history,6cca9b2f/README.md,0,block_modify,2,2,102,98,0.75,0,0,"@@ -28,12 +28,12 @@ Debugging, testing, and verification scripts for the diffvim pipeline."
gitanim_history,6cca9b2f/README.md,1,block_modify,2,2,66,62,0.667,0,0,"@@ -51,8 +51,8 @@ bash scripts/snapshot_per_op.sh old.py new.py"
gitanim_history,6cca9b2f/dv_snapshot_per_op.sh,0,block_modify,2,2,135,181,0.824,0,0,"@@ -143,8 +143,8 @@ OUTDIR=/tmp/dv_snapshots"
gitanim_history,6cca9b2f/dv_snapshot_per_op.sh,1,block_insert,0,15,0,811,0.0,0,0,"@@ -163,6 +163,21 @@ if ! ""$ROOT/animator/bin/diffvim-pace"" < ""$POST"" > ""$TIMED"" 2>""$OUTDIR/pace_stde"
gitanim_history,6cca9b2f/README.md,0,block_modify,2,2,140,136,0.909,0,0,"@@ -57,6 +57,6 @@ bash scripts/dv_debug.sh tests/minimal/11_delete_last_line/old \"
gitanim_history,6cca9b2f/run_vim_correctness_fast.pl,0,block_insert,0,201,0,6237,0.0,0,0,"@@ -0,0 +1,201 @@"
gitanim_history,6cca9b2f/test_async_vimscript.sh,0,block_insert,0,119,0,3698,0.0,0,0,"@@ -0,0 +1,119 @@"
gitanim_history,6cca9b2f/test_vimscript_animator.sh,0,block_insert,0,185,0,5661,0.0,0,0,"@@ -0,0 +1,185 @@"
gitanim_history,6cca9b2f/verify_md5.pl,0,block_insert,0,316,0,11574,0.0,0,0,"@@ -0,0 +1,316 @@"
gitanim_history,6cca9b2f/verify_md5.sh,0,block_insert,0,186,0,7203,0.0,0,0,"@@ -0,0 +1,186 @@"
gitanim_history,6cca9b2f/verify_md5_cont.pl,0,block_insert,0,104,0,3709,0.0,0,0,"@@ -0,0 +1,104 @@"
gitanim_history,6cca9b2f/verify_md5_parallel.pl,0,block_insert,0,412,0,14170,0.0,0,0,"@@ -0,0 +1,412 @@"
gitanim_history,c4fcff34/animator.c,0,block_replace,4,22,130,1087,0.133,0,0,"@@ -644,10 +644,28 @@ int main(int argc, char **argv) {"
gitanim_history,c4fcff34/dv_snapshot_per_op.sh,0,block_replace,3,18,211,737,0.406,0,0,"@@ -145,9 +145,24 @@ rm -rf ""$OUTDIR""; mkdir -p ""$OUTDIR"""
gitanim_history,c4fcff34/dv_snapshot_per_op.sh,1,block_replace,10,6,804,562,0.472,0,0,"@@ -310,21 +325,17 @@ fi"
gitanim_history,c4fcff34/dv_snapshot_per_op.sh,2,block_modify,3,4,97,150,0.667,0,0,"@@ -395,12 +406,13 @@ fi"
gitanim_history,c4fcff34/dv_snapshot_per_op.sh,3,block_replace,2,4,65,233,0.292,0,0,"@@ -412,8 +424,10 @@ fi"
gitanim_history,82452d37/dv_debug_bundle.sh,0,block_insert,0,227,0,9079,0.0,0,0,"@@ -0,0 +1,227 @@"
gitanim_history,82452d37/dv_snapshot_per_op.sh,0,block_insert,0,534,0,25631,0.0,0,0,"@@ -0,0 +1,534 @@"
gitanim_history,82452d37/dv_tune.sh,0,block_insert,0,366,0,12105,0.0,0,0,"@@ -0,0 +1,366 @@"
gitanim_history,82452d37/trace_ghostline.py,0,block_delete,106,0,3911,0,0.0,0,0,"@@ -1,106 +0,0 @@"
gitanim_history,82452d37/trace_ghostline2.py,0,block_delete,116,0,4857,0,0.0,0,0,"@@ -1,116 +0,0 @@"
gitanim_history,82452d37/trace_ghostline3.py,0,block_delete,132,0,4453,0,0.0,0,0,"@@ -1,132 +0,0 @@"
gitanim_history,82452d37/trace_ghostline4.py,0,block_delete,111,0,3582,0,0.0,0,0,"@@ -1,111 +0,0 @@"
gitanim_history,82452d37/trace_ghostline5.py,0,block_delete,125,0,4714,0,0.0,0,0,"@@ -1,125 +0,0 @@"
gitanim_history,82452d37/trace_ghostline6.py,0,block_delete,46,0,1580,0,0.0,0,0,"@@ -1,46 +0,0 @@"
gitanim_history,82452d37/trace_ghostline7.py,0,block_delete,100,0,4732,0,0.0,0,0,"@@ -1,100 +0,0 @@"
gitanim_history,82452d37/README.md,0,word_replace,1,1,69,75,0.75,0,0,"@@ -21,7 +21,7 @@ bash scripts/dv_debug.sh tests/minimal/11_delete_last_line/old \"
gitanim_history,82452d37/README.md,1,word_replace,1,1,64,70,0.75,0,0,"@@ -71,4 +71,4 @@ debugging purposes."
gitanim_history,82452d37/test_debug_bundle.sh,0,word_replace,1,1,39,37,0.375,0,0,"@@ -1,5 +1,5 @@"
gitanim_history,82452d37/test_debug_bundle.sh,1,word_replace,1,1,43,41,0.375,0,0,"@@ -11,7 +11,7 @@"
gitanim_history,82452d37/test_debug_bundle.sh,2,line_replace,1,1,41,39,0.286,0,0,"@@ -19,7 +19,7 @@ ERRORS=()"
gitanim_history,01293841/animator.c,0,block_replace,6,9,189,457,0.244,0,0,"@@ -246,12 +246,15 @@ void load_file(const char *path) {"
gitanim_history,01293841/postprocess.c,0,block_modify,12,15,813,1005,0.523,0,0,"@@ -593,22 +593,25 @@ void emit_op(const char *type, int line, int col, int code) {"
gitanim_history,01293841/postprocess.c,1,block_replace,3,5,204,350,0.333,0,0,"@@ -619,12 +622,14 @@ void emit_op(const char *type, int line, int col, int code) {"
gitanim_history,6626c859/postprocess.c,0,block_replace,59,108,3247,6620,0.352,0,0,"@@ -542,73 +542,122 @@ void emit_op(const char *type, int line, int col, int code) {"
gitanim_history,6626c859/trace_ghostline.py,0,block_insert,0,106,0,3911,0.0,0,0,"@@ -0,0 +1,106 @@"
gitanim_history,6626c859/trace_ghostline2.py,0,block_insert,0,116,0,4857,0.0,0,0,"@@ -0,0 +1,116 @@"
gitanim_history,6626c859/trace_ghostline3.py,0,block_insert,0,132,0,4453,0.0,0,0,"@@ -0,0 +1,132 @@"
gitanim_history,6626c859/trace_ghostline4.py,0,block_insert,0,111,0,3582,0.0,0,0,"@@ -0,0 +1,111 @@"
gitanim_history,6626c859/trace_ghostline5.py,0,block_insert,0,125,0,4714,0.0,0,0,"@@ -0,0 +1,125 @@"
gitanim_history,6626c859/trace_ghostline6.py,0,block_insert,0,46,0,1580,0.0,0,0,"@@ -0,0 +1,46 @@"
gitanim_history,6626c859/trace_ghostline7.py,0,block_insert,0,100,0,4732,0.0,0,0,"@@ -0,0 +1,100 @@"
gitanim_history,6962734a/animator.c,0,block_replace,11,12,699,733,0.368,0,0,"@@ -684,18 +684,19 @@ int main(int argc, char **argv) {"
gitanim_history,6962734a/postprocess.c,0,line_expand,1,2,51,160,0.294,0,0,"@@ -505,7 +505,8 @@ const char *char_repr_c(int code) {"
gitanim_history,6962734a/postprocess.c,1,line_expand,1,2,83,202,0.368,0,0,"@@ -787,8 +788,9 @@ void stream_process(void) {"
gitanim_history,6962734a/postprocess.c,2,line_expand,1,2,48,160,0.353,0,0,"@@ -796,7 +798,8 @@ void stream_process(void) {"
gitanim_history,62087421/animator.c,0,line_insert,0,1,0,92,0.0,0,0,"@@ -28,6 +28,7 @@ void disable_raw_mode(void);"
gitanim_history,62087421/animator.c,1,line_delete,1,0,28,0,0.0,0,0,"@@ -354,7 +355,6 @@ void insert_char(int code) {"
gitanim_history,62087421/animator.c,2,line_delete,1,0,44,0,0.0,0,0,"@@ -447,7 +447,6 @@ void render(void) {"
gitanim_history,62087421/animator.c,3,block_replace,9,19,471,1137,0.189,0,0,"@@ -677,16 +676,26 @@ int main(int argc, char **argv) {"
gitanim_history,62087421/decorate.c,0,block_replace,5,7,131,233,0.263,0,0,"@@ -176,11 +176,13 @@ int get_op_code(const char *line) {"
gitanim_history,62087421/pace.c,0,line_insert,0,1,0,83,0.0,0,0,"@@ -228,6 +228,7 @@ int parse_tsv(char *line, char *toks[], int max_toks) {"
gitanim_history,62087421/pace.c,1,line_delete,1,0,63,0,0.0,0,0,"@@ -328,7 +329,6 @@ int main(int argc, char **argv) {"
gitanim_history,62087421/postprocess.c,0,block_replace,2,8,120,462,0.138,0,0,"@@ -189,8 +189,14 @@ void read_input(void) {"
gitanim_history,62087421/postprocess.c,1,block_insert,0,4,0,339,0.0,0,0,"@@ -664,6 +670,10 @@ void emit_op(const char *type, int line, int col, int code) {"
gitanim_history,62087421/diffvim-compute.cpp,0,line_insert,0,1,0,16,0.0,0,0,"@@ -23,6 +23,7 @@"
gitanim_history,62087421/diffvim-compute.cpp,1,block_move,29,17,1775,931,0.516,0,0,"@@ -335,39 +336,27 @@ vector<LineOp> compute_line_diff(const vector<string>& a, const vector<string>&"
gitanim_history,62087421/diffvim-compute.cpp,2,block_insert,0,102,0,4363,0.0,0,0,"@@ -389,6 +378,108 @@ vector<CharOp> char_diff(const string& a, const string& b) {"
gitanim_history,62087421/snapshot_per_op.sh,0,block_insert,0,5,0,843,0.0,0,0,"@@ -167,6 +167,11 @@ fi"
gitanim_history,62087421/test_debug_bundle.sh,0,block_insert,0,178,0,6583,0.0,0,0,"@@ -0,0 +1,178 @@"
gitanim_history,5b2f781d/postprocess.c,0,block_replace,2,21,146,1041,0.064,0,0,"@@ -610,11 +610,30 @@ void emit_op(const char *type, int line, int col, int code) {"
gitanim_history,239482c4/dv_debug.sh,0,block_insert,0,55,0,2134,0.0,0,0,"@@ -17,9 +17,64 @@"
gitanim_history,239482c4/dv_demo.sh,0,block_insert,0,41,0,1094,0.0,0,0,"@@ -1,8 +1,49 @@"
gitanim_history,239482c4/dv_package.sh,0,block_insert,0,43,0,1187,0.0,0,0,"@@ -1,7 +1,50 @@"
gitanim_history,239482c4/dv_record.sh,0,block_insert,0,45,0,1478,0.0,0,0,"@@ -1,8 +1,53 @@"
gitanim_history,239482c4/dv_replay.sh,0,block_insert,0,42,0,1293,0.0,0,0,"@@ -1,8 +1,50 @@"
gitanim_history,239482c4/snapshot_per_op.sh,0,block_insert,0,61,0,2460,0.0,0,0,"@@ -24,6 +24,67 @@"
gitanim_history,239482c4/snapshot_per_op.sh,1,line_insert,0,1,0,61,0.0,0,0,"@@ -36,6 +97,7 @@ FONT_SIZE=14"
gitanim_history,239482c4/snapshot_per_op.sh,2,literal_replace,1,1,125,136,0.875,0,0,"@@ -45,7 +107,7 @@ while [[ $# -gt 0 ]]; do"
gitanim_history,239482c4/test_async_vimscript.sh,0,block_insert,0,47,0,1624,0.0,0,0,"@@ -5,9 +5,56 @@"
gitanim_history,239482c4/test_vimscript_animator.sh,0,block_insert,0,51,0,1610,0.0,0,0,"@@ -9,11 +9,62 @@"
gitanim_history,239482c4/verify_md5.sh,0,block_insert,0,52,0,1704,0.0,0,0,"@@ -19,8 +19,60 @@"
gitanim_history,61de82df/options.md,0,block_insert,0,41,0,2945,0.0,0,0,"@@ -249,3 +249,44 @@ Core timing env vars:"
gitanim_history,3706bec8/animator.c,0,literal_replace,1,1,61,103,0.857,0,0,"@@ -646,7 +646,7 @@ int main(int argc, char **argv) {"
gitanim_history,3706bec8/postprocess.c,0,typo_fix,1,1,65,66,1.0,0,0,"@@ -27,7 +27,7 @@"
gitanim_history,3706bec8/test_category_abc.sh,0,block_replace,35,22,2113,1631,0.459,0,0,"@@ -1,78 +1,65 @@"
gitanim_history,3706bec8/test_category_abc.sh,1,block_modify,11,8,732,738,0.585,0,0,"@@ -80,43 +67,40 @@ RAPID_EOL=$($ROOT/animator/bin/diffvim-pace --delete-pacing rapid-eol < ""$TMPDIR"
gitanim_history,3706bec8/test_category_abc.sh,2,block_modify,5,5,232,276,0.714,0,0,"@@ -140,26 +124,26 @@ $ROOT/animator/bin/diffvim-decorate --highlight hunk < ""$TMPDIR/timed.txt"" > ""$T"
gitanim_history,3706bec8/test_category_abc.sh,3,block_replace,15,5,935,365,0.483,0,0,"@@ -167,45 +151,35 @@ $ROOT/animator/bin/diffvim-decorate --max-hunk-chars 1 < ""$TMPDIR/timed.txt"" > """
gitanim_history,3706bec8/test_category_abc.sh,4,block_modify,3,3,150,191,0.722,0,0,"@@ -221,11 +195,11 @@ rm -f ""$TMPDIR/test2.log"""
gitanim_history,3706bec8/test_category_abc.sh,5,line_collapse,174,1,9596,13,0.009,0,0,"@@ -237,195 +211,22 @@ ok ""debug log has stage info"" ""grep -q 'Stage' /tmp/diffvim-debug.log"""
gitanim_history,2fbd2bcd/test_category_abc.sh,0,block_insert,0,431,0,24028,0.0,0,0,"@@ -0,0 +1,431 @@"
gitanim_history,98a4706a/README.md,0,block_replace,15,86,449,2128,0.087,0,0,"@@ -1,26 +1,97 @@"
gitanim_history,98a4706a/diffvim.vim,0,block_replace,486,84,17470,3247,0.202,0,0,"@@ -1,516 +1,114 @@"
gitanim_history,ee114db9/animator.c,0,block_insert,0,26,0,1370,0.0,0,0,"@@ -676,6 +676,32 @@ int main(int argc, char **argv) {"
gitanim_history,ee114db9/decorate.c,0,block_insert,0,395,0,13404,0.0,0,0,"@@ -0,0 +1,395 @@"
gitanim_history,ee114db9/decorate.pl,0,block_insert,0,220,0,7551,0.0,0,0,"@@ -0,0 +1,220 @@"
gitanim_history,4b60a4a7/postprocess.c,0,block_insert,0,3,0,114,0.0,0,0,"@@ -47,6 +47,9 @@ static int n_hunks = 0;"
gitanim_history,4b60a4a7/postprocess.c,1,block_replace,3,5,181,394,0.333,0,0,"@@ -56,9 +59,11 @@ static int stream_mode = 0;"
gitanim_history,4b60a4a7/postprocess.c,2,line_expand,1,5,71,429,0.353,0,0,"@@ -87,7 +92,11 @@ void parse_args(int argc, char **argv) {"
gitanim_history,4b60a4a7/postprocess.c,3,block_replace,6,44,385,2105,0.24,0,0,"@@ -322,18 +331,56 @@ int semantic_cleanup(Op *in, int count, Op *out) {"
gitanim_history,49b82e77/pace.c,0,block_replace,9,12,355,529,0.333,0,0,"@@ -591,25 +591,28 @@ int main(int argc, char **argv) {"
gitanim_history,49b82e77/postprocess.c,0,block_insert,0,23,0,993,0.0,0,0,"@@ -344,6 +344,29 @@ int reorder_hunk_ops(Op *in, int count, Op *out) {"
gitanim_history,49b82e77/postprocess.c,1,line_expand,1,10,30,433,0.08,0,0,"@@ -399,7 +422,16 @@ void write_output(void) {"
gitanim_history,49b82e77/postprocess.c,2,block_replace,2,8,125,510,0.345,0,0,"@@ -531,11 +563,17 @@ void emit_op(const char *type, int line, int col, int code) {"
gitanim_history,49b82e77/pace.pl,0,block_modify,3,8,121,291,0.526,0,0,"@@ -388,12 +388,17 @@ while ($i < @lines) {"
gitanim_history,49b82e77/postprocess.pl,0,block_replace,5,17,289,589,0.208,0,0,"@@ -523,9 +523,21 @@ sub end_first_line {"
